filepath,label,x0,y0,x1,y1,x2,y2,x3,y3,x4,y4,x5,y5,x6,y6,x7,y7,x8,y8,x9,y9,x10,y10,x11,y11,x12,y12,x13,y13,x14,y14,x15,y15,x16,y16,x17,y17,x18,y18,x19,y19,x20,y20
images\1\1.d392c64c-c0c4-11ed-9405-8cc84b59e01a.jpg,1,0.42327356458770565,1.0,0.6978073365894212,0.9224262479458774,0.8940568004848064,0.8297708925669862,1.0,0.7626584229710718,0.9912584147444571,0.7367166734508468,0.7260683078520712,0.4952429295070387,0.7389519596699345,0.2716198089189411,0.7524055518476103,0.11986047188727021,0.7503464816003182,0.0,0.42994572353678706,0.49863851611432525,0.6434155283036453,0.5460457355223849,0.7487766458724141,0.7215966932430845,0.765542391456894,0.8304621881526468,0.19017331400678428,0.557719983329082,0.44840700598115985,0.6652059572179625,0.5333499030280046,0.7904317731936449,0.5320507532604624,0.8531362740088978,0.0,0.6443163964209208,0.22261170527512655,0.7051388948941604,0.32380968705774715,0.7827796785705788,0.3419288624440371,0.8175381331897867
images\1\1.d6070104-c0c4-11ed-9152-8cc84b59e01a.jpg,1,0.41933295793929054,1.0,0.6541725109629783,0.9102596894597043,0.8077564481340003,0.799199894891287,0.9047792315459491,0.7322825126377741,1.0,0.7317574686384875,0.5676689975897973,0.49410636861885454,0.5693758770305487,0.27962114903206564,0.5699337171083622,0.12726297210872356,0.5636390200176865,0.0,0.31529918112412497,0.5115587112592713,0.5914908693069656,0.5507511726065911,0.7333839487231918,0.7118587506750387,0.7716800098347886,0.8194328225935775,0.13019542626734873,0.5903050700466644,0.44737507826286255,0.6858380996104882,0.5406066495402144,0.7949917996220283,0.5321735654845873,0.8551575456715842,0.0,0.6946169751570761,0.2611195041092057,0.7470269570877692,0.3860210095052119,0.8166300068390603,0.41820337811395075,0.8546994435332913
images\1\1.d73f3a6f-c0c4-11ed-a9da-8cc84b59e01a.jpg,1,0.40546809209334966,1.0,0.6371544057024372,0.9121366353054686,0.7875199383520307,0.8130733786553889,0.8941049433721889,0.7620118879591313,1.0,0.7646050571146913,0.568823645599654,0.4959375900050697,0.5718622184929908,0.2821249356056091,0.5744537096975945,0.12684505596876533,0.5704750174465336,0.0,0.31815568607865535,0.5123240760587922,0.5767746388727333,0.5580641728793079,0.7232634345917055,0.7302180686951945,0.7633455710152285,0.8440184964734638,0.1328614780234546,0.5935661370680971,0.4334747621017161,0.7033555680493321,0.5253066800821607,0.8226298387876512,0.5118220998352585,0.8820379168497675,0.0,0.70335787013282,0.2466530503053638,0.7694895667018459,0.3615436096383386,0.8462284966218204,0.3749785817741017,0.8807065452326153
images\1\1.d876a963-c0c4-11ed-b2c4-8cc84b59e01a.jpg,1,0.429987248125977,1.0,0.6347810581052835,0.9161625730342412,0.779822748338304,0.8142678104484111,0.8782704635100927,0.7609187609512664,1.0,0.7663022951997077,0.553896736169793,0.50467434622616,0.5625990782619459,0.2910831150819449,0.5637762214622435,0.13301312810479368,0.5581803486329268,0.0,0.3083116359471713,0.5244366740758627,0.570924256564519,0.5721573659585621,0.7100842138417579,0.7386880769730855,0.7434508005002706,0.8520363938059946,0.12960340507513557,0.6063175779565065,0.4276430725337134,0.7050840706412154,0.5146496421080239,0.8168091750200709,0.49411796065608726,0.8717316467609018,0.0,0.7150338573430499,0.26780589944218974,0.7803000518024572,0.36485832306422444,0.8539033977045939,0.3584768710663594,0.8821806254682344
images\1\1.d9acf348-c0c4-11ed-b6a4-8cc84b59e01a.jpg,1,0.4101112762948279,1.0,0.6186914759123577,0.9122131624098423,0.7681831050041299,0.8082210682311615,0.8721017656588135,0.7485932557591134,1.0,0.7470963030273461,0.5562242290731778,0.4954501886500947,0.5600949688454475,0.28444185592662163,0.5624138851578893,0.1292906207563893,0.5519137412158751,0.0,0.3111601845925544,0.5125834492067751,0.580648931854592,0.5620154152334952,0.7173083471122064,0.7306839480724351,0.7421946209631589,0.84196310955529,0.13055735005591765,0.5928908594150221,0.4397648259527302,0.7026080164093057,0.5359485838527254,0.8212504777238391,0.5246675955884089,0.8809283495556152,0.0,0.7021562116296278,0.261936200953216,0.7741321689068865,0.3771179131726225,0.8503319164247555,0.3933156497405008,0.8826880503988486
images\1\1.dae426d3-c0c4-11ed-82b1-8cc84b59e01a.jpg,1,0.5331842730690229,1.0,0.7367789773917153,0.9245623669655447,0.8699448640751598,0.8183791938757182,0.9425870175523605,0.7547946598343818,1.0,0.7484497808479934,0.6313944546793849,0.5046096245202502,0.6166511621423657,0.2909069982059059,0.6046817578844903,0.13062538323213596,0.5898355812404438,0.0,0.3585169289160429,0.5245965352718084,0.5968579193713848,0.5555792405345533,0.7363342525419841,0.7199628587414089,0.7764952296622182,0.832207035161355,0.1549039709614586,0.6067387951697782,0.4335874792033053,0.687667099534031,0.5409228173385607,0.8029642296027599,0.5436704867646234,0.8695601682195525,0.0,0.7175682385463915,0.243967423572873,0.7589340830403393,0.3939571849448027,0.8393816052703839,0.4506864859070346,0.8830638751194858
images\1\1.dc1a5e87-c0c4-11ed-bc61-8cc84b59e01a.jpg,1,0.5488368426860605,1.0,0.7531892458088326,0.9338919967250161,0.8888371579760485,0.8211861401202674,0.9543572200531438,0.7520489085364487,1.0,0.7305297326088992,0.6490160324958881,0.5031954825261675,0.6325239138697817,0.29167502772002313,0.6265144866991416,0.13292242216969005,0.6055420973440322,0.0,0.37665768090200963,0.5214499582716418,0.5982925295540573,0.5359434762029699,0.7498541783805656,0.7149440259889226,0.7763448431695051,0.8266175506969888,0.16502207905721286,0.6031932411925477,0.42059264008071423,0.6569528146535755,0.5668987551300309,0.7859489476938655,0.5815488795819955,0.8571031158492611,0.0,0.7184521086334853,0.22995184821239334,0.7393044218875457,0.3939208587097983,0.8201390417903246,0.443893971480269,0.8602686699794456
images\1\1.dd4df174-c0c4-11ed-a7e7-8cc84b59e01a.jpg,1,0.49847834062893115,1.0,0.7052436179702499,0.9147400527564346,0.8410868252642,0.7921638792280128,0.9123465781843383,0.7083348295025803,1.0,0.6938840303932036,0.5900443256919209,0.4917547081539975,0.5767578528119963,0.2767261250783713,0.570834278920275,0.12633747843255885,0.5589758964404951,0.0,0.3327794093053459,0.513024939053169,0.5672035460553537,0.5381280326489533,0.7180312703327941,0.7114763974242295,0.7630888224722174,0.8249525897333426,0.14226303377246016,0.5957051891282789,0.42599817869522805,0.6764748203111498,0.5479520914029214,0.7984428817692186,0.5612462680746202,0.866766623688936,0.0,0.7053188106319896,0.23885317503753192,0.7465986152921328,0.38365685513886244,0.8254077696262746,0.4262254405525673,0.8681071052237963
images\1\1.de81ec58-c0c4-11ed-acf9-8cc84b59e01a.jpg,1,0.5038139290248971,1.0,0.2799673189633564,0.9398096570069678,0.0730447193279705,0.8147346351198484,0.0,0.7043752213948656,0.0949585460362943,0.6296687168060652,0.27330783865484526,0.4795671275350668,0.2748124538582388,0.2735458601683794,0.29525385330789344,0.12567519698407426,0.3032152332530233,0.0,0.5438940838557597,0.48805186589604427,0.46136761783184743,0.36822394056247604,0.36165210447522006,0.5305364317296238,0.28973464806249116,0.6613911214464403,0.7886881974340044,0.5452743705656024,0.6935392631289148,0.5347165503330329,0.5477915645669625,0.7193890817076297,0.4398530586080837,0.8433191212359814,1.0,0.6425232315482866,0.9171674060762621,0.6356450781053555,0.7687672838990421,0.7838507013972884,0.6525352457994732,0.8838281871836615
images\1\1.dfb80200-c0c4-11ed-a454-8cc84b59e01a.jpg,1,0.508419192447022,1.0,0.28616160560501325,0.9320029833823412,0.09254732487387499,0.8003078324741351,0.0,0.6904050054120211,0.02836710013586348,0.6434937220859454,0.26784853868715974,0.4723597416227786,0.27256711398009414,0.27160281942411957,0.29001830967372405,0.12485412495819644,0.2951895370190657,0.0,0.5323982143656967,0.4755944778822246,0.4038423169270151,0.36691251270843583,0.3067121445120519,0.5474080572624394,0.25505212624309653,0.6990338089278112,0.781787100163009,0.5355731219282558,0.6380588759841959,0.5227848066598442,0.49366083535002153,0.7142054218805107,0.40661794945227064,0.8494523923202553,1.0,0.6378991194396695,0.8877368618929407,0.6239291973137386,0.7313947790962975,0.765204097251448,0.6218604474401067,0.8677418893476757
images\1\1.e0ebdb44-c0c4-11ed-b4c2-8cc84b59e01a.jpg,1,0.49947643421056137,1.0,0.27763041850625214,0.9438097162532038,0.07101044200676239,0.8258181604232574,0.0,0.7320122112741038,0.03380063467364399,0.7038252212807568,0.26334360037408977,0.4932180146909071,0.2613838922919925,0.27460058713577895,0.2867561835384521,0.12253178144620057,0.29434389079989665,0.0,0.5388537772673863,0.5072470828903991,0.386306289983507,0.467165894476893,0.29741867411293565,0.6271717088622254,0.24471971245180663,0.7598589638839881,0.787140531452582,0.5730723675330474,0.6146555789731716,0.6069605966240891,0.4885901292528063,0.7679173718339354,0.4059100319468388,0.8836159193823759,1.0,0.6735038939609462,0.8565090018677843,0.6914645941471184,0.7002505921755557,0.8137205650070377,0.5945355984769964,0.8964786495717348
images\1\1.e2206e0d-c0c4-11ed-96b1-8cc84b59e01a.jpg,1,0.5489213918806543,1.0,0.33799616791236775,0.9476445611531263,0.14933819116908867,0.8164158185274176,0.07008593890550242,0.7150287899048335,0.0,0.6585225300991623,0.3304848484086017,0.5023475819259446,0.32643448526608854,0.27985113955625324,0.3481425194403592,0.12463168103157657,0.3454143900803531,0.0,0.5766725754119871,0.5092935953848089,0.4287950059569714,0.4427266240090441,0.3447910153522539,0.6053869031320082,0.29749882684776197,0.7438616257249075,0.8009830575429601,0.5678693488993017,0.6358183192911518,0.5810956703274506,0.5155856262745843,0.746615263231619,0.43828715999028767,0.8685634824075147,1.0,0.6639054153311507,0.8622348141261368,0.6781152966682528,0.7155241065486427,0.8064750935606547,0.6118111583447293,0.8984739960685123
images\1\1.e3560550-c0c4-11ed-b74d-8cc84b59e01a.jpg,1,0.5212818265113457,1.0,0.30416748988322795,0.9328488724086271,0.11280080972540053,0.8123356920553103,0.04307132987678286,0.7232926286180679,0.0,0.654988400600058,0.2986233261529667,0.4871601051570846,0.33029558429833494,0.2714806751818438,0.369148209032428,0.12078068343998836,0.38420907590664116,0.0,0.5663953728515646,0.5041962013548423,0.41258271328342244,0.4696459991822917,0.301481406175371,0.6310894316522014,0.22611760839444317,0.7603245805445208,0.80053862340288,0.5681294390693324,0.6279131476156771,0.6035269876669931,0.49478416380698814,0.7605502862738999,0.39287410956740687,0.8721180722146874,1.0,0.6632485716703085,0.8476630560228442,0.6858758876872079,0.6921649604504385,0.8044636031145871,0.5781544219996714,0.8869029374169436
images\1\1.e48cf905-c0c4-11ed-9748-8cc84b59e01a.jpg,1,0.4847085348320481,1.0,0.2819409227551954,0.9450075350976919,0.10866422689844465,0.8245942944769056,0.05222715984838583,0.734189249927293,0.0,0.667238452793274,0.30744673898836755,0.5039082040028554,0.34539864070056203,0.27926869893979855,0.38205463338125734,0.12499061417655924,0.40370474447784604,0.0,0.5685452881976212,0.5284250323877006,0.4382466344268723,0.4660925891653227,0.32977519278525685,0.6345654760331015,0.2815377074892171,0.7633950241916294,0.7987772840151615,0.5941136345609814,0.6425715592732976,0.5926846098934511,0.4955502548686446,0.7646146524601433,0.4126199189648412,0.8820008989239352,1.0,0.6919355947439388,0.8627068357077506,0.6965290960526663,0.7004541889949026,0.8240345821325649,0.5949594824205986,0.9091367686328424
images\1\1.e5c79dde-c0c4-11ed-8250-8cc84b59e01a.jpg,1,0.47395829719802796,1.0,0.22486890689371433,0.9143138767230637,0.044171334769957445,0.7794827105703003,0.0013209911318757103,0.6805991364249298,0.0,0.6057112871848298,0.26626296881656125,0.4740439087442354,0.29780787627086425,0.2607159893439159,0.3356302667930304,0.11868160509925228,0.36157136890481234,0.0,0.5475799636727439,0.5051308308070923,0.4155287225377461,0.4483891364916972,0.29028780122968734,0.6066729856694809,0.2194524269743059,0.7313077739313685,0.7885526127733737,0.5706024921072226,0.6267256487356921,0.5659987531797995,0.46821711987855763,0.7250608140138436,0.36965897059823416,0.8389660739778337,1.0,0.6631018621440213,0.8565850436606995,0.64994348259484,0.6833270660259675,0.7676112116881604,0.5674080128102837,0.854673733464857
images\1\1.e6fb752f-c0c4-11ed-9a92-8cc84b59e01a.jpg,1,0.5019317200980268,1.0,0.27616793691493097,0.9264943199982678,0.09659134114470425,0.7968562887598504,0.04155199302019368,0.7011950993665961,0.0,0.6266202875218277,0.29106672838921493,0.48824477183829795,0.3189786163387767,0.2730535215501265,0.34233602057655443,0.12263046681857492,0.3494805834114871,0.0,0.5603002170516989,0.5165091329638796,0.41529847610230114,0.4479884043646664,0.2943471839976734,0.6013187742557535,0.23443517865075755,0.7236010153823031,0.7928183502736825,0.5795214253053343,0.6244585380560865,0.5739681553081492,0.47495234067644887,0.7359282558274308,0.3888086970094358,0.8488252159215817,1.0,0.6692816284836898,0.8513295917373608,0.6551327626371919,0.6928645087787874,0.7750721861415345,0.5921622591519908,0.8601457351268528
images\1\1.e830bfe7-c0c4-11ed-937d-8cc84b59e01a.jpg,1,0.5161744198449058,1.0,0.29845643125114396,0.9268872691515307,0.12159389735965731,0.791441214230387,0.06059119657523153,0.6922447760326675,0.0,0.6139276399313148,0.3217455942713347,0.4883872613776751,0.3507385348343251,0.2672832566185461,0.3848907505705094,0.12060767593063886,0.40567665118532964,0.0,0.5777710035040406,0.512885357037901,0.4383665455637213,0.43756663532485923,0.32515350753019784,0.5799130704512685,0.2690078732277337,0.6974591216256687,0.7991984556411631,0.5723533143515317,0.6243249684952378,0.5669651402467294,0.47930890995497816,0.7287847016636306,0.3991018015325075,0.8441782868817841,1.0,0.6609046678053029,0.8468499846591231,0.6502843064713908,0.6879672218791192,0.7737387428834174,0.5878334336306259,0.8649823992259789
images\1\1.e965a6b5-c0c4-11ed-bb36-8cc84b59e01a.jpg,1,0.4967329885456252,1.0,0.27625241042108745,0.9297149506927818,0.09495176468373392,0.8015092639551306,0.03875029247787254,0.707753153568261,0.0,0.6284210798768992,0.28087961207348655,0.48680822732599605,0.30920088321593875,0.271985284074208,0.33483404738276007,0.12076930587542768,0.3450956503497632,0.0,0.5499283261121555,0.5154441109260572,0.4192041643470146,0.44716179497187075,0.3050241647235378,0.5961536243835797,0.24313114035441594,0.7200668244080789,0.7859680546926898,0.5782989297997754,0.6226450488538902,0.5647018694996908,0.4772539622347192,0.7239784970761118,0.3907961583871896,0.840169321302753,1.0,0.6684957358308857,0.8517312000602437,0.6515354160905978,0.6944278594922854,0.7686298408038406,0.5927739811684591,0.8541838419524331
images\1\1.ea9a8f8e-c0c4-11ed-9a77-8cc84b59e01a.jpg,1,0.364260553582192,1.0,0.6114592664537593,0.9248199180646666,0.7822163347967701,0.8150478846229449,0.9008015625643587,0.7455183192402153,1.0,0.709743252969717,0.5213929763209998,0.4946774670909891,0.4911145187747629,0.2703020391854533,0.48977507009309795,0.12370163353904118,0.4618022879418491,0.0,0.2916067818865034,0.5139945045122786,0.5478499176050406,0.45867814061337514,0.7325372522373667,0.6006716926997245,0.7627496806232398,0.7034466593264924,0.12107326941500994,0.5924138730776239,0.44800407997326136,0.6303244800414597,0.6197154268958152,0.7611374121657825,0.6429998242366636,0.8328415845182819,0.0,0.7018862335634205,0.2786678962763641,0.7373114341304254,0.438031790210894,0.8145884849924921,0.4738381461778706,0.8570839398290331
images\1\1.ebd09b4c-c0c4-11ed-8244-8cc84b59e01a.jpg,1,0.3514001494357607,1.0,0.5775343344264623,0.9416693151130242,0.7463324902839218,0.8395079073967914,0.864556248611661,0.7781193000488116,1.0,0.7575197719355847,0.520964148268179,0.5055980517452573,0.5060025199691337,0.2772418691444604,0.5130031141629241,0.12865213239376724,0.49847443345060144,0.0,0.2993889166641679,0.5173138267432725,0.5492388383664383,0.4704116574716115,0.7146523537968127,0.6183462324567038,0.7469358631751,0.7229301859522398,0.1278217320718393,0.5916130778903691,0.4418467249274392,0.6407406934346329,0.6087628591552657,0.7732123487975052,0.6457283218706763,0.8472839462577014,0.0,0.7008620536366111,0.2585875077333924,0.743100703322166,0.4142182435239914,0.8218132803994683,0.46861971413832415,0.8634816688693225
images\1\1.ed04cd74-c0c4-11ed-99a7-8cc84b59e01a.jpg,1,0.4518628982367914,1.0,0.7007966096467596,0.9441267086222095,0.8991591241829354,0.8568058963418256,1.0,0.7921142864811547,0.9842038711128769,0.7645588740744718,0.7030614410815459,0.5107800296387752,0.6901400734020184,0.28345738326346126,0.6907608882986733,0.1303231312424154,0.6763569667513892,0.0,0.42120349557610426,0.5261958709005928,0.5609296621438977,0.45738649425180233,0.7186358762796824,0.6001814710186906,0.7833980091108487,0.7129467468797398,0.18419842855095417,0.5965112929797656,0.42408587637039175,0.6384427291431969,0.6203399424176949,0.7731229541950945,0.7118867366580129,0.8566736824525577,0.0,0.700621281018385,0.19327154211363706,0.7226045738550017,0.3712451311748133,0.7942918392965028,0.4699880807893892,0.8333737182149236
images\1\1.ee3d78c0-c0c4-11ed-8bb5-8cc84b59e01a.jpg,1,0.47633203674462166,1.0,0.7150121836111089,0.9406430135577658,0.9093295440227359,0.8501795325679792,1.0,0.7894348487881149,0.9454821165809847,0.7647896417012598,0.7110793124714936,0.5044700223891758,0.6917992176257469,0.27642831755773206,0.7016536848147332,0.1274409645773823,0.6961008760263228,0.0,0.42576360331311697,0.5236378553912724,0.557137341386478,0.4474452107576183,0.722547454188959,0.5905037849785918,0.7881064818874245,0.7042074139993487,0.18687345770662217,0.5937010694074372,0.41853485721190936,0.6289091458803495,0.618014134020459,0.7647410288901472,0.7068660745930261,0.8476995351275926,0.0,0.6955300272157335,0.19295015808852514,0.7134500487244222,0.3777468387821252,0.7927744993066473,0.4736937894162109,0.8384382985615321
images\1\1.ef72170e-c0c4-11ed-9fa7-8cc84b59e01a.jpg,1,0.4315826044761739,1.0,0.7096804141704933,0.9285285050774208,0.9121146189690053,0.8193752162330532,1.0,0.7303610049512352,0.9909289828981784,0.6555614767151269,0.7899591630930419,0.4788663354233651,0.8150216439320449,0.24307690298351614,0.8463980214091518,0.11349121469678666,0.8558024346999413,0.0,0.5089078262692265,0.4950882870287922,0.5880254651970277,0.32204497593087184,0.7202067386466838,0.47523409630127367,0.7819848874148303,0.5971594034355393,0.23988639772432344,0.550766657138694,0.39432970654946087,0.5170721905144656,0.5842528892617131,0.6708278193763046,0.6766255024152655,0.7646091914506196,0.0,0.6366120125649516,0.12039604826487502,0.591968585716449,0.3041976148143441,0.6756785143219578,0.4026134465119868,0.731100840008016
images\1\1.f0a87a56-c0c4-11ed-bf3b-8cc84b59e01a.jpg,1,0.432167444538996,1.0,0.7165492424509596,0.9270033355324343,0.9017432942481703,0.8158058934253488,0.9791358169650989,0.7230886056021202,1.0,0.647608525906042,0.789450864593788,0.46703123851767936,0.8392830989205492,0.2405483385228262,0.8617056543276158,0.11171129960809764,0.8683839188916139,0.0,0.5026912626176921,0.4831196297143398,0.5777524503082101,0.3049462156060202,0.7049626857776117,0.45419223224707655,0.7808404008452386,0.5786742806751873,0.23316088618114544,0.5398993698020782,0.3926683475734657,0.4963235931602732,0.5745265863056576,0.6491547773472237,0.6693308914960416,0.747696792697994,0.0,0.6269700049789406,0.13642521161045504,0.5882482138153631,0.3151546734367629,0.6794098923211194,0.40952665061548654,0.7400503068420112
images\1\1.f1dd2529-c0c4-11ed-923d-8cc84b59e01a.jpg,1,0.5143347956934303,1.0,0.7497408637978544,0.9374478966502305,0.9277679275136211,0.8500030740185721,1.0,0.7861011855591463,0.9224479963222176,0.727694579682989,0.7280104845186572,0.5043662448978249,0.7391317547414336,0.28177440954175365,0.7557491963722115,0.12694684680331164,0.7491967664848672,0.0,0.4400812834072793,0.5367071973274508,0.504101823475118,0.420920682477664,0.6536958598531489,0.5676707870322464,0.7249958699859756,0.6760773802581214,0.19597833231019382,0.6115579050221873,0.3577518687574197,0.601930281258784,0.5671926668298959,0.744452914511164,0.6568236308559952,0.8276350980561323,0.0,0.7186278694318834,0.10820794453046176,0.6892974311577968,0.3038590299060328,0.7715725894697533,0.40634054735401137,0.8221329843204812
images\1\1.f311b588-c0c4-11ed-b72c-8cc84b59e01a.jpg,1,0.23867694439895762,1.0,0.4999284260342709,0.9417560111393519,0.699674555346738,0.8626825921572941,0.8540617683324242,0.8227573948738138,1.0,0.833683686407559,0.524009269913016,0.5099345186746256,0.5283411215206648,0.28217344735150907,0.552516312899689,0.1300527440207039,0.5570829488040099,0.0,0.29701189537621336,0.5256599950208718,0.6189277352370562,0.4941872731167606,0.7641854720031926,0.6650267193913885,0.7794095798499766,0.7863344932000162,0.12470624851565355,0.6050388777276648,0.5043123314351773,0.6959026406748455,0.6492647943929389,0.8496050856583739,0.673171041173466,0.9334438776987164,0.0,0.7205805895056189,0.3146836159601268,0.7879410147000075,0.44350807864026814,0.8812674776083974,0.4658776540656724,0.9279469201776275
images\1\1.f4463907-c0c4-11ed-b616-8cc84b59e01a.jpg,1,0.21328192950837857,1.0,0.47691677800053484,0.93783096427566,0.6798166568328449,0.8606228259780415,0.8384434373038929,0.8216698397247789,1.0,0.8215942111968394,0.5008132329479654,0.5094781392996369,0.4940699642927767,0.28340800755808127,0.5137392156200747,0.13043058160008017,0.51685709983178,0.0,0.27972533894531054,0.5292966308325818,0.6046037291352828,0.4779517790597251,0.7512219930343316,0.6395169794395378,0.7716157853472304,0.7676934969009004,0.1147882995205275,0.6117925631152273,0.49163803604377043,0.6986565796819307,0.6475274235011729,0.850733620578594,0.685656392868416,0.941387890846801,0.0,0.729525663598582,0.2971593384597824,0.7899881666404234,0.4489656802298381,0.880737628651999,0.5041347603360969,0.9350016938881652
images\1\1.f57ae0f3-c0c4-11ed-9602-8cc84b59e01a.jpg,1,0.1700628875952388,1.0,0.44579417462822274,0.9265705023955096,0.6529311975125363,0.8486793054813252,0.8277188330978489,0.8213438448227524,1.0,0.831180694165235,0.47917688960062144,0.5020583089627069,0.47662368750509526,0.28000930406279,0.5018654420435587,0.12931620392327683,0.5108148905114037,0.0,0.26859042162365376,0.5246939760969648,0.5818855062552672,0.5140451705561757,0.7416675623904037,0.6736917594565434,0.771071706190152,0.7965951810877252,0.10899477987783886,0.6123255428524212,0.4692839454631463,0.706455624922088,0.6204639381623488,0.8556029037464137,0.6538736546618915,0.9451174924500014,0.0,0.7327828270308816,0.29348063704910693,0.7975762152237966,0.4356213492766966,0.8861849951449795,0.47695185991192307,0.939059343968049
images\1\1.f6b14c0e-c0c4-11ed-b1f2-8cc84b59e01a.jpg,1,0.2543601816435953,1.0,0.49583085106269603,0.9345971376182973,0.6819777027264656,0.8445129543932466,0.8328066834271001,0.7961561526139742,1.0,0.7892852938418684,0.5159364439248402,0.49907306530748496,0.5169057284234286,0.2739273440781118,0.5338487575147524,0.12602257126868757,0.5323887028000013,0.0,0.3011581324514745,0.5097415111235619,0.5862135665726335,0.45717243795919094,0.7309859845404718,0.6106535632558342,0.7553939430109738,0.729521447358933,0.12971520407195405,0.5833470601529587,0.4837534276649462,0.6581367633564643,0.6377726812039803,0.8113826704796124,0.6774296855766843,0.9034771512383741,0.0,0.6944732483675836,0.2840286000206752,0.7501061476723192,0.4324969813102339,0.8430279236916306,0.48660852735897414,0.899160056867046
images\2\2.ceee9341-c0c6-11ed-a95f-8cc84b59e01a.jpg,2,0.3787543984171081,1.0,0.11870469262573032,0.8671141490241504,0.0,0.6883187151501794,0.1250761626784575,0.5493728701117403,0.3818949202633273,0.5192481577885063,0.3398911582396715,0.47261618184691334,0.3140816090724911,0.2505174601379101,0.30436292835002754,0.11337225743699511,0.3133538921730244,0.0,0.5891550087232731,0.4989493016503137,0.7532386631539135,0.26865496289603874,0.80980106918406,0.12392924529103386,0.8722160701995624,0.008293926582437645,0.7961402297547221,0.5778637022012355,0.9117869325297349,0.410649131805417,0.6931797711926017,0.4869982602853016,0.5401991820002742,0.5722661270727231,0.9598808381518862,0.6925666581141415,1.0,0.5745855039310465,0.8112163134895317,0.5949491715418892,0.6625740365824864,0.6411862101576327
images\2\2.d0269717-c0c6-11ed-86fa-8cc84b59e01a.jpg,2,0.3291606809025955,1.0,0.0764266279916015,0.8676566026989725,0.0,0.6927608837139511,0.20017027142075283,0.5879844206788358,0.46372806790978754,0.5872316090749917,0.32491697306585987,0.482269788539146,0.33942600745558654,0.2606019612588887,0.3622681408701759,0.1176722814349365,0.388756985934299,0.0,0.5784958442395753,0.5174315025060428,0.7593830734253,0.2947999555885287,0.8571635946101641,0.15253133772833466,0.9549310381129428,0.0363544592880135,0.7695784343791338,0.6085340172823803,0.9124004543186757,0.4725796328806553,0.7124701583641913,0.5530106192659379,0.5636317507812281,0.6346166978770295,0.9142339453470588,0.7332440768058304,1.0,0.630580642823529,0.8276793064643636,0.6598787418174419,0.672785932075827,0.7076215380770298
images\2\2.d15f79c0-c0c6-11ed-a2b2-8cc84b59e01a.jpg,2,0.3383671244249382,1.0,0.0844228088015197,0.8634690106942088,0.0,0.6836725383148551,0.1913959235052437,0.5768260955554352,0.4513282267645392,0.5714488848870714,0.3473713435100821,0.4694701621430844,0.34797917209972434,0.2537017969735329,0.36568100050472685,0.11466272413535962,0.3920076605270588,0.0,0.5993526827680595,0.5044434532535378,0.7952102837589144,0.2841647062855862,0.89480859127301,0.14100176978525894,0.9930995956120436,0.028147969054464088,0.7897121978798777,0.5929727806934538,0.9362083221302843,0.44660190577294595,0.7220531937618727,0.521472715154429,0.5619563994175089,0.6045178388888657,0.9283806759026962,0.7150629522019029,1.0,0.6070553339271215,0.8149289979386389,0.6340729284920605,0.6541664223896558,0.6830396119719188
images\2\2.d2955ea7-c0c6-11ed-9c9c-8cc84b59e01a.jpg,2,0.37165571969364436,1.0,0.10078464391079614,0.8718031779448598,0.0,0.7036631136709331,0.18297206992229378,0.5936738414287808,0.44654671550905417,0.5840378465479104,0.3175420254693365,0.48612928464865496,0.301426165792771,0.259909514500071,0.30714306616334536,0.11847399554912667,0.3219726897630506,0.0,0.578349999866987,0.514307188987064,0.7409172047044051,0.2834325490778134,0.8241933424314252,0.1402624815830123,0.9110841094644097,0.023800664227199696,0.7767868306451399,0.5987661110291678,0.8954677137453013,0.4543373322962936,0.6978735205624855,0.5363675158953973,0.5563190503933195,0.622676993532549,0.929675341777001,0.7171671680131744,1.0,0.6085806317313323,0.8281438296581831,0.6365265219673591,0.6756729794654472,0.6863632437794402
images\2\2.d3cb967f-c0c6-11ed-8616-8cc84b59e01a.jpg,2,0.42887494849305907,1.0,0.13362841825944666,0.8857564178998727,0.0,0.7241080339292282,0.15884495728684173,0.6158932432879672,0.40564662985450733,0.5876320160127609,0.31407166128336056,0.48112305614767986,0.25961666943002715,0.26107974263607375,0.2464490817597919,0.12019126560570627,0.24736623761122525,0.0,0.5873799075008798,0.5054144220195974,0.7187339751325539,0.27035075460695507,0.780683620408012,0.12487711445870463,0.8485419600550993,0.0030236019482689745,0.8087145896339701,0.5897958270424172,0.8889248009156168,0.4432605583676605,0.675381396217624,0.5436178994997877,0.5335447479010703,0.6400606165416408,0.9829539134431542,0.7118917311373899,1.0,0.6047436965369235,0.8030311616118158,0.6566886792408855,0.6530240608247126,0.7216925085617835
images\2\2.d5001efe-c0c6-11ed-b54c-8cc84b59e01a.jpg,2,0.43785864405979175,1.0,0.14498422695405883,0.8821302552951168,0.0,0.7191100581813714,0.16121983778280008,0.610389657842747,0.42023325494270725,0.5887099776130634,0.32317727903497573,0.4777826267963159,0.27698260450424295,0.2608796332771776,0.26188882051510004,0.12412612046012543,0.2630487054434025,0.006709686671951107,0.5914586629513306,0.5018457861381861,0.7123714576628111,0.26791405955797504,0.7738786968727558,0.12243984952361248,0.8436968241378304,0.0,0.8126285770642826,0.5841197763909737,0.8853665583644372,0.44090869541685535,0.6689424488713,0.5369076156919111,0.5202445065210537,0.6293056258739367,0.9857271645050208,0.702300786979723,1.0,0.6004334885552125,0.8007088494358237,0.6507238244917152,0.6470178455588909,0.7125951696010842
images\2\2.d6346167-c0c6-11ed-8b1b-8cc84b59e01a.jpg,2,0.43061652702106773,1.0,0.13470489494573026,0.8898400316365462,0.0,0.7246837513988234,0.1637338720002276,0.6157417059240928,0.4201523535855015,0.5968506958824811,0.3160156194432195,0.48956480116374623,0.2700300155056404,0.26926099122235425,0.26019104655959713,0.12674274458256868,0.25915472922030813,0.0061651064975520005,0.5925821870065578,0.5117524533748922,0.7076674680285077,0.27526155776334105,0.7610908004609016,0.1260768719458439,0.8194403744114258,0.0,0.8199880506991764,0.5927385992975266,0.8868557690939869,0.44901692050382885,0.6710307694496209,0.5492621878765838,0.5256305389988193,0.64399980741346,0.998225386574107,0.7108343484638419,1.0,0.6063108084988628,0.8042363116491458,0.6578513138422043,0.6562755167361338,0.721687908837385
images\2\2.d768453b-c0c6-11ed-8003-8cc84b59e01a.jpg,2,0.4332114832080544,1.0,0.13519695915828248,0.8798231844968892,0.0,0.7146556905927594,0.17816032434898585,0.6090957806148208,0.44074431206694104,0.5948516927935864,0.3228270255367447,0.4849164941536772,0.27881473229592785,0.26532015951602156,0.2662996701369694,0.1261604008854189,0.2648889703711064,0.006990794501817717,0.5891483879816217,0.5075482864840399,0.7027999871245656,0.27027733983004415,0.7575233822086688,0.12358305566663251,0.8204443704262468,0.0,0.8092126531931777,0.588071822451813,0.8896708227262613,0.44529536205062686,0.6769469546098953,0.539748449811498,0.529596005256536,0.6332870703258616,0.9824348286097749,0.7055290576940022,1.0,0.6036034264999841,0.8045348119556806,0.6507077407547801,0.6508588054675812,0.7111728979106251
images\2\2.d89d5c43-c0c6-11ed-be9f-8cc84b59e01a.jpg,2,0.43300674512044957,1.0,0.13676603407145146,0.8873987241164402,0.0,0.7230160897646875,0.16204838918432632,0.6193343277102021,0.42228612692029416,0.6026857512330507,0.32676950670869664,0.48450686143381677,0.2733382794249426,0.26794301707013624,0.2542953552239144,0.12663716215112195,0.24556496130237335,0.008953359990102916,0.594456793956621,0.5097855087078003,0.713170772417783,0.2754328223730127,0.7613824349623137,0.12628959709063067,0.8189631454879409,0.0,0.8146559436909395,0.5933206351874027,0.8924939405662733,0.44330161131068674,0.6775949829939791,0.5419757754855757,0.5327159913176996,0.6355239969281691,0.9895127769711106,0.7138454140786025,1.0,0.6041465048586748,0.8054785626535192,0.6500713103599598,0.6579629128000277,0.7099668774465523
images\2\2.d9d3b307-c0c6-11ed-b569-8cc84b59e01a.jpg,2,0.4221339446158869,1.0,0.13117386232352102,0.8812294192888918,0.0,0.7175448001544378,0.16624380661294022,0.6098508258672196,0.4143922987404258,0.5838308813555713,0.3177557599730946,0.48098484648577633,0.2702350145010744,0.26183664314453126,0.25682380737282184,0.12222575602068984,0.2593975545883482,0.003087830014726218,0.5895921546443543,0.5056266095950498,0.7046410473983201,0.26988745391980806,0.7564122048246854,0.12319770491363104,0.8187084263836529,0.0,0.8135876685283766,0.5881793052428761,0.8880082236078335,0.44383019619988584,0.6685649635467897,0.5370736352555191,0.5198483895434659,0.6289583365160667,0.9872389138195732,0.7072489471518124,1.0,0.6025004478973822,0.7945399690700033,0.6473630996443208,0.6333564112197929,0.707300102356704
images\2\2.db080ddb-c0c6-11ed-962f-8cc84b59e01a.jpg,2,0.4342526597770168,1.0,0.13945986281720116,0.8829861615522342,0.0,0.7176960339329633,0.16082332037710248,0.6055679786206123,0.4199663366239784,0.5836715110864824,0.3250276510607317,0.4766553174619436,0.2809466549378192,0.2589080590097253,0.26585612784536927,0.1207457461202319,0.2662131636516588,0.0033847320543242358,0.592040127750346,0.49973558939162077,0.7073186750687696,0.26450131606725535,0.7626864743517634,0.12024915606165637,0.8300719172124098,0.0,0.8151427898680086,0.5813826384103777,0.892162609896809,0.43467561526403187,0.6749143568220041,0.5301622631614208,0.5288070602258619,0.6251189387292589,0.9929109876896011,0.6998798008022336,1.0,0.5940939165300487,0.8045588791171783,0.6396980124656306,0.6579149807612897,0.7001724136740228
images\2\2.dc3bfb7e-c0c6-11ed-8bce-8cc84b59e01a.jpg,2,0.4379432930987334,1.0,0.14032240756830477,0.8853115883285639,0.0,0.7201419556676236,0.16649301288730273,0.6110149282681195,0.43362744860482744,0.5995944852970179,0.3182848775827394,0.49109343264785466,0.2728923565798628,0.2693489537776346,0.25980428469065975,0.12687473405353686,0.2547677481662507,0.007469006361369795,0.5816005455382517,0.5129097431647409,0.6886790428157528,0.27208347505543984,0.7399104846498136,0.12391121459982858,0.8013167687243197,0.0,0.7968922319645262,0.5926294141312524,0.8780313546033252,0.44375043792710944,0.672758741246638,0.5425398333858459,0.530331719103185,0.6390060690316973,0.9711550110942265,0.7095702212349754,1.0,0.5980344207227805,0.8070400742153561,0.6425647053255185,0.6456784439698292,0.7038093046111926
images\2\2.dd726f6b-c0c6-11ed-b86a-8cc84b59e01a.jpg,2,0.430253921465564,1.0,0.12961530616010009,0.8683478377598407,0.0,0.69906808428801,0.18465401781829296,0.5965867346927245,0.4464013578494405,0.5821663012028779,0.3276501003558228,0.4641060924467076,0.278735774222721,0.25363985436288733,0.2662586527744225,0.11968349623082275,0.26742129047214924,0.0057277211534267685,0.5938398302966675,0.49089858442010126,0.700223964399616,0.26337980520098325,0.75310587869999,0.12107062396567118,0.812220784202608,0.0,0.8132107667212712,0.5736114428772527,0.8884320333837143,0.4281433708831086,0.6683008572190402,0.5190689385308966,0.5067547857857446,0.6072656747354954,0.9818823452421315,0.6921206941243231,1.0,0.5863753683357473,0.795159946226266,0.6338522896534238,0.6254475632993569,0.6944556246809301
images\2\2.dea6deed-c0c6-11ed-bc82-8cc84b59e01a.jpg,2,0.4229301509301509,1.0,0.12723341523341522,0.8798680554421148,0.0,0.7138049190922726,0.17804492804492805,0.605139321976886,0.4404197964197964,0.5877172013157643,0.31519059319059317,0.4830045571351364,0.2767995787995788,0.2621759624293462,0.2692979992979993,0.12165367383502236,0.27324956124956123,0.0022708599887124223,0.5874559494559495,0.5067445922126759,0.7027869427869428,0.2727222319493665,0.754994734994735,0.12485933667420476,0.8131077571077571,0.0,0.8090565110565111,0.588299756279434,0.8885131625131625,0.44572955230927136,0.6716103896103897,0.5414385932540043,0.5205243945243945,0.6350274746449395,0.9797957177957178,0.70608468536165,1.0,0.6023523992774662,0.8013380133380134,0.647308524743976,0.6407371007371008,0.7068036759862423
images\2\2.dfdcd73c-c0c6-11ed-96bb-8cc84b59e01a.jpg,2,0.4284957451037394,1.0,0.13196438208692565,0.885321584140249,0.0,0.7190875442894067,0.17230649965376582,0.6146264360993557,0.42328702495361736,0.5955663454217587,0.32244906042865135,0.4805214203867156,0.2760855095866905,0.26595703728735265,0.2643001082910178,0.1272167177973859,0.26968565897312385,0.009115936072501508,0.5933951674337575,0.50439983892037,0.705378406728614,0.27244010052954815,0.7605601425395552,0.12434780383783513,0.828882508843295,0.0,0.8174345002026477,0.5869582204896148,0.8936463375213877,0.4407696969291833,0.6727793444962912,0.5367105040838112,0.5249334586708144,0.6305520665470018,0.9897240241253431,0.7061576077047144,1.0,0.5997413228952749,0.796450374633165,0.6455266172102105,0.6406421636135107,0.7063012147589326
images\2\2.e1126e89-c0c6-11ed-bbb1-8cc84b59e01a.jpg,2,0.40704293485640053,1.0,0.1248806834425121,0.8815006485168843,0.0,0.7159205075657199,0.16753989215625403,0.6104438686057306,0.419827802071315,0.5924967574155787,0.3174137696936285,0.47752071948595376,0.28571292112177693,0.25828430272563313,0.27678712152173895,0.11805335063953169,0.27980901163246885,0.0,0.577513289425295,0.5021117534723354,0.6986215568772393,0.2671475219951042,0.7490145936345853,0.12135878486651167,0.8079417919419448,0.0007295233005179756,0.7923840727491558,0.5855243861901751,0.8887768406817778,0.4367931142683957,0.6817251724333209,0.527888088239265,0.5354872516356347,0.6199695713829472,0.9627725517675225,0.7052886482077563,1.0,0.5947279255187903,0.8138532066900512,0.6351147451230879,0.6662820790112709,0.692162349893714
images\2\2.e37e3f32-c0c6-11ed-9d4a-8cc84b59e01a.jpg,2,0.575022157312845,1.0,0.8182993199655731,0.9274668797115514,0.9494767457885577,0.8275284830517208,0.9104267675091299,0.7667993667539004,0.7647833241908941,0.743515512377855,0.7968521281308002,0.5817512561306082,0.9374144716077766,0.33727573949487527,0.978104731590796,0.1739133635084008,1.0,0.03284964142099881,0.5179714732604035,0.5797468827464218,0.40203447417775307,0.3269107510285153,0.30548565762865704,0.1543124036740051,0.2117149779552692,0.0,0.29744100991537326,0.6493705474883616,0.1205175358195333,0.570577157617355,0.18607142593711942,0.6860299138572411,0.2539728459850328,0.7667212301643473,0.13734979515889403,0.7556606561888143,0.0,0.7202016490217639,0.07419285461114741,0.7987572318810874,0.15632538387568767,0.8603968093093518
images\2\2.e4b50033-c0c6-11ed-8918-8cc84b59e01a.jpg,2,0.6247690418066617,1.0,0.9032797579741785,0.8940311889399166,0.95141975217793,0.7319472905248443,0.6324834897470742,0.6918134093152459,0.3153574416158173,0.7094268136295929,0.8048977494005998,0.5172403610649057,0.922447586173814,0.28866546248194613,0.966144411924019,0.14203719954420377,1.0,0.014991742563246488,0.4897645487173499,0.5362199633505547,0.35482291264753213,0.2962615898810381,0.24388061254971355,0.13875803864742353,0.1328618406528749,0.0,0.25743134747423996,0.6263494985408091,0.041746476772868024,0.5254146876402782,0.21642456464197646,0.6465840883301641,0.3590647011222947,0.7344846514075745,0.0883199654719012,0.7629921569234469,0.0,0.724146840682075,0.1851949748824283,0.7982213469326034,0.3415902800483804,0.8521715213091877
images\2\2.e5e9d3a8-c0c6-11ed-a15a-8cc84b59e01a.jpg,2,0.6304492460729826,1.0,0.8973031826083613,0.8942514660074559,0.9618054801247369,0.7319102085325816,0.7312309064519098,0.6650324224643128,0.492680940061712,0.6558663425432537,0.8172300365511482,0.5081447454302757,0.9075345971535834,0.28933013819786324,0.9645426355304918,0.14535911868084325,1.0,0.020504481303645173,0.5063514789797686,0.5279771363107773,0.3694463142604804,0.2853975799138173,0.2643120633792878,0.1348439521439848,0.16244998187836987,0.0,0.2724712120830872,0.6163980251708026,0.05747139415897429,0.5115110377477939,0.22407004936053854,0.6545677152710064,0.3629437044800514,0.7540399011931299,0.10695168862491446,0.75389272810777,0.0,0.7048011598173559,0.16530708856593124,0.7869036511540005,0.3033484302636068,0.8496876893685433
images\2\2.ed2c479f-c0c6-11ed-ba04-8cc84b59e01a.jpg,2,0.2500536103911925,1.0,0.5147078481853955,0.9973917903274122,0.685863443418798,0.9225735146179743,0.5825006816350413,0.8569633779391317,0.41571371887260217,0.7845623102614201,0.6616085122024961,0.5643526197895942,0.8219809253987191,0.34574373052315316,0.9239143980114473,0.2097949146707323,1.0,0.08989649606774477,0.41376225244407966,0.53715151813219,0.41211688327834795,0.30474472755887205,0.4200526668483075,0.13943084014790108,0.4116403893025175,0.0,0.19471130238120732,0.5836448585595293,0.14298732231106903,0.5931561322167725,0.21123033847938474,0.7644334556900336,0.2713661142041563,0.8781026812660118,0.010432461653270253,0.6789183727304025,0.0,0.7510204191126829,0.10619743832443747,0.8800477504102153,0.20872344430355017,0.9640938376038951
images\2\2.ee614129-c0c6-11ed-b3ad-8cc84b59e01a.jpg,2,0.31030566716594155,0.9927421798656438,0.5943094553148998,0.9758160621320613,0.7608742857595714,0.8966969359578069,0.6366047724336876,0.8426822541598995,0.43603060634158325,0.7940855711839072,0.6756131967063709,0.5572336455598798,0.842754174492602,0.33231868217925276,0.9399083077752154,0.1905448472405234,1.0,0.06640551316492849,0.39900858277263973,0.5371581936485562,0.35237353684727735,0.3034581558545031,0.31700922469746323,0.13835466484165654,0.26764144139860363,0.0,0.1731049348961429,0.5947810158088097,0.13446938177092002,0.624297490270585,0.24438870529310605,0.7874266676200302,0.32743673870489687,0.8950265069101829,0.0,0.7004639134890721,0.01834062433132831,0.7950837087202116,0.15436687192411022,0.9191494976114839,0.2694356609051933,1.0
images\2\2.ef96374f-c0c6-11ed-ad83-8cc84b59e01a.jpg,2,0.23181839494214218,0.8124334260511824,0.46060709958536733,0.8265476936568181,0.6083871204928278,0.8219485252693766,0.5703980409645564,0.8574844088275024,0.45853327024864104,0.893702165224124,0.6565102443359644,0.5287266719395572,0.8221752283889641,0.319396989895417,0.9228304780050745,0.1769662855004909,1.0,0.0581138213595972,0.3991678574967952,0.4765784043314208,0.38546385364351393,0.2725985343068314,0.38693494177986215,0.12069830002766115,0.3864608741705482,0.0,0.175600290274834,0.5090029304693933,0.13349179099785705,0.6382374226207007,0.17389343375734345,0.8436598121404207,0.2101386264800127,0.9808036402117696,0.0031603619271094742,0.5865113660060827,0.0,0.7443051878324877,0.07251582711810584,0.9007081724571443,0.1325519143326929,1.0
images\2\2.f0ca6737-c0c6-11ed-a4e8-8cc84b59e01a.jpg,2,0.2108540341642877,0.9650742615422009,0.42399699426591253,0.9666850028499262,0.5608465361974265,0.9374555631837869,0.4728547787986457,0.9179272437305178,0.3275833391776764,0.8853094479671711,0.5917817246784342,0.5799365198492737,0.7970668658737751,0.3681038538677265,0.908001772315391,0.23456185761171924,1.0,0.11879359285428988,0.37658063248089024,0.5169777421477783,0.42234001284034695,0.28961304967684254,0.44171561540050913,0.1358711179528291,0.45743150503396246,0.0,0.18376024737876492,0.5472394094327581,0.12446322804408326,0.6012272450097864,0.15728153310569565,0.799931203777538,0.19899830688227738,0.9293540972841128,0.020954771332156407,0.6265641546095602,0.0,0.7521233726637357,0.07600369824152217,0.9039570620601626,0.1673531094150415,1.0
images\2\2.f1ffa044-c0c6-11ed-863d-8cc84b59e01a.jpg,2,0.3872013350955237,1.0,0.13084808743566764,0.8820860542237193,0.0,0.7456381231438989,0.16055990144338417,0.6853636445218015,0.40222479561803615,0.6821265414900566,0.3438628448708929,0.48044465035906364,0.329204790394487,0.2579867393767883,0.34251453897937184,0.12013323232386473,0.37602584869038597,0.0,0.6170829447485455,0.5207981417596934,0.7617461682358523,0.29951185713421113,0.8528528637714146,0.16679960681438258,0.9423264427327525,0.044516584126904624,0.8103166912997608,0.6203181380866218,0.942880308613584,0.5160433923320457,0.7205583016557197,0.6244883265193681,0.5418202068937517,0.7099869981613772,0.930684957572298,0.7557052610489541,1.0,0.6958688379528469,0.7877784706151123,0.745500174262203,0.5864754920407533,0.7939056229299841
images\3\3.2fcd538b-c0c7-11ed-bb66-8cc84b59e01a.jpg,3,0.4823537322676236,1.0,0.6778197582380798,0.8992988389536566,0.8442219508154079,0.7559498281643459,0.9755464052954402,0.6546557670073556,1.0,0.5500434932592904,0.6449422703091017,0.5281596734476386,0.7720418144496445,0.39162563388318755,0.8722316118487202,0.4594172599147234,0.9212897285543062,0.5491925165746597,0.5103499025928719,0.5031689934317722,0.5394072014242816,0.28480618906594374,0.5739254967215471,0.13429863515667018,0.5925116873798221,0.0,0.37187558363121803,0.5334281734918774,0.3535025040018921,0.3366316632915897,0.3545792311392523,0.20611609668129036,0.3644225998027827,0.08645445932659511,0.24160846339570397,0.6124373821332674,0.12924351276115587,0.4904717452875675,0.05442868326895033,0.3984075999375685,0.0,0.30922484573562264
images\3\3.31013282-c0c7-11ed-bea5-8cc84b59e01a.jpg,3,0.4188392236470786,1.0,0.6300175414336524,0.9005929798813798,0.8087366026335314,0.7585729108836934,0.953200147594189,0.6622629483072315,1.0,0.5587423163462701,0.5854519580680885,0.5303209245114757,0.734207854640782,0.39338443717951654,0.8575468058188799,0.46624478684259935,0.9168322655684611,0.5589525541154651,0.44972450098634004,0.5063489578343646,0.48402306943033746,0.2802266922165643,0.52940266703729,0.1308766570655385,0.5587946880130729,0.0,0.3088441161557844,0.5396181733740549,0.2907207758007301,0.33760783040495884,0.29618840580727446,0.20483883087546206,0.30974517072422,0.08599879244934495,0.17587363803531264,0.6202696755107634,0.09319164478374574,0.4838065269712981,0.03784499381241546,0.3855276613559688,0.0,0.29530082128432594
images\3\3.32394e4e-c0c7-11ed-acd2-8cc84b59e01a.jpg,3,0.449873492887494,1.0,0.6453723768344888,0.9032843154905706,0.8076354713777799,0.7613876255975803,0.9434986153073494,0.6648195305441089,1.0,0.5645340653212091,0.5914038479237299,0.5288833612043634,0.7383400105058905,0.39507750435231886,0.8590790589743167,0.45931345990716727,0.9213069002173313,0.5450399056767301,0.4643802598704153,0.5028115267993144,0.5083200276056632,0.27733063638898636,0.5586047110077356,0.1284846812612053,0.5892983733959918,0.0,0.3300835021564663,0.533626949122879,0.320976437272982,0.33395851249925684,0.3348272079499245,0.19822645623690013,0.3528649581516869,0.07778152741060684,0.2017809361277585,0.6120467747621612,0.10652941321458315,0.4748702259521299,0.04438343018003605,0.3753488763522753,0.0,0.28461548445767887
images\3\3.3370f543-c0c7-11ed-9f79-8cc84b59e01a.jpg,3,0.44636453883398275,1.0,0.6530829953718561,0.8988267959519919,0.8128904225035627,0.7559846927157285,0.949202999976699,0.6605688827792214,1.0,0.5558627133174378,0.5893603674830727,0.5250886590135827,0.7443507044648289,0.39127550097784447,0.8770841470439839,0.4657758626463418,0.9489250021974514,0.5579299585420741,0.46187381576983355,0.5033159224555952,0.5127584831426069,0.2803606889784874,0.5688902720848472,0.1316843789348193,0.6010104354137333,0.0,0.32713948129074943,0.5379513321456318,0.31516458275993886,0.33689043788678436,0.3295196498289218,0.19957843015779464,0.3469015474902107,0.07607973115975031,0.1995922545435334,0.6190404231521419,0.10488060283760754,0.48124116758646557,0.04466005485669042,0.3798230838267206,0.0,0.2865059139496879
images\3\3.34a85136-c0c7-11ed-9416-8cc84b59e01a.jpg,3,0.4461937868440004,1.0,0.6543150887004707,0.8957711359518181,0.8147439679831706,0.7549774221005099,0.9497524339717031,0.6563795066062119,1.0,0.5528773795531325,0.5914819236485113,0.5223950573463279,0.7372382552733763,0.39373608289180695,0.8604667196859888,0.45577462226834153,0.9268058484954546,0.5361276918163562,0.46929475750073757,0.4987445260514792,0.5212815619199103,0.2705691095934968,0.5736048527339462,0.12390444713777835,0.6062284570827523,0.0,0.33542264890152884,0.5299308484064944,0.32650472867606234,0.32411396297136064,0.3385719691486184,0.18803077642753188,0.35377730601983093,0.06912675139510556,0.2067675683005536,0.6079037069270962,0.11106387423425866,0.46566999277263005,0.048220172508259836,0.36516344529756745,0.0,0.2730874259131423
images\3\3.35de6399-c0c7-11ed-9d02-8cc84b59e01a.jpg,3,0.30298769598391356,1.0,0.5908661521612892,0.9068790335448024,0.8189589448352523,0.7745358716356081,0.9833388702591555,0.6653670376911373,1.0,0.5515000639697363,0.6094341006399665,0.5344988682520623,0.7657136039257261,0.390487710749719,0.8412379106652137,0.4514404361661072,0.8570671332644091,0.5384599333407947,0.43749613464198167,0.49691543622406986,0.5305641041919911,0.26391805466240315,0.5927705080161368,0.12199987732986316,0.6372909491239526,0.0,0.25451706422158943,0.5109131105500322,0.29092859992764597,0.3031505780145185,0.3188585139401913,0.17523429047656083,0.34795966563900593,0.06561840608494464,0.06363597057019026,0.5717781542191256,0.02503164804635912,0.4253677627517399,0.005322016477234478,0.3251100079229733,0.0,0.23496200071199266
images\3\3.371368e1-c0c7-11ed-bd95-8cc84b59e01a.jpg,3,0.33083211099755855,1.0,0.6175965482915304,0.8966401581247394,0.8432571845879896,0.7654857754649289,1.0,0.6593746043021047,0.9938519283953403,0.5535080323455684,0.621088085831647,0.5260315940641456,0.7887976951090063,0.3844488024830526,0.8849253732554827,0.45377929451247445,0.9154793030886741,0.5436248243487392,0.4567945228534174,0.49532842281896466,0.5497845793852632,0.2675653834473458,0.6115107096095479,0.1252796779855567,0.6511966444008093,0.0,0.2794095881452235,0.5176100104489981,0.3080689313497807,0.31301265718535903,0.33513457057795176,0.18419432048055095,0.3617935311853234,0.07138796666615194,0.09686554414708833,0.5852406615296716,0.04882524535329766,0.4397523124198953,0.019086025651328414,0.33788024315796517,0.0,0.2446879455622642
images\3\3.38493fd8-c0c7-11ed-b533-8cc84b59e01a.jpg,3,0.3509118384495864,1.0,0.6226992297820871,0.8981491422569728,0.8492153153997409,0.762688152947683,1.0,0.6508011182878627,0.9864791798549397,0.539767513839066,0.6315961742373842,0.5277253192752439,0.7821855107451013,0.3754518562868175,0.8772459907877664,0.4509458259550351,0.9103568094383455,0.5445272392395236,0.45705907408282703,0.49681003820647734,0.5367269440755295,0.26993074124625166,0.5913039225623768,0.12826477646927498,0.6255040458912285,0.0,0.2732395243560821,0.51925312171782,0.29709439520367154,0.31998173395505536,0.3212686533522143,0.19203864283286062,0.3475737083870996,0.07930609324815945,0.0840412083386041,0.5868303845509851,0.042992973206164915,0.44236585873243794,0.015970731118240784,0.34195050916600284,0.0,0.25098702603418793
images\3\3.397da325-c0c7-11ed-97bb-8cc84b59e01a.jpg,3,0.378247718734146,1.0,0.6492367357502297,0.9183646380250566,0.8649928956822202,0.7878566237414885,1.0,0.6922577385377704,0.9329385395099478,0.617887909172737,0.679646472350578,0.532536559591267,0.7810021201546667,0.40469628157273335,0.8364098000164539,0.5012777719996353,0.8343952674445709,0.5955443138584252,0.48127982270913605,0.5018295846029196,0.5289096029123418,0.2883260978149633,0.5785914083174507,0.14608524429344233,0.6152146378083394,0.0,0.28011225936158834,0.5303137402943258,0.2948422567221072,0.33281362152139776,0.31243486994556496,0.2102625908933907,0.3336488427417696,0.09140186723883117,0.08150233611221566,0.6056340740911945,0.03497269679560132,0.45807668750650044,0.010981484211103646,0.35803023766141884,0.0,0.26291655591893653
images\3\3.3ab354d7-c0c7-11ed-9899-8cc84b59e01a.jpg,3,0.3793636430084895,1.0,0.642786430961161,0.9048756172460956,0.8617133003885918,0.7744814950725418,1.0,0.6719643111630403,0.8977564605361977,0.6045910712030499,0.6641264934453187,0.5261092636280771,0.7563004574107075,0.39206310033198416,0.8076111585814412,0.4879293453189933,0.8109640504506784,0.5852884183917612,0.47497149999166477,0.49736681942540273,0.5314598629691388,0.2780366240269679,0.5638836182336792,0.13961046108508857,0.5898234345940304,0.0,0.28234660113623883,0.5233202456388283,0.29224594598869064,0.32338572549144234,0.30185516139746005,0.20037894230175585,0.3237154265084487,0.07935558953136718,0.09142037544352938,0.5943038155917858,0.040933364052502426,0.4430592597631768,0.013116629257956813,0.3462043616930945,0.0,0.2526767538081682
images\3\3.3beb1fad-c0c7-11ed-898b-8cc84b59e01a.jpg,3,0.3249326163634457,1.0,0.6174803619487653,0.9138209224393198,0.8554427610425042,0.7792606053914282,1.0,0.6722633574776095,0.8824270861025205,0.5983306497918419,0.6257576763203673,0.52570265482363,0.7459163456240026,0.39472118096760456,0.8053863453164856,0.4919106292047989,0.8120044923611694,0.5887357438441044,0.42254494231205575,0.4961499325611419,0.474791734368902,0.2825785229227118,0.5042955621251543,0.14334180349858175,0.5305074138325923,0.0,0.21952099290727933,0.5248586772259255,0.23473465730310863,0.3288328510724796,0.24349711248605932,0.20450679647612763,0.2628744866157059,0.0818749437587443,0.01641832388480245,0.5963960350104666,0.005831663262409293,0.4477035249697669,0.0,0.3509006957961339,0.008043173970236385,0.257774630799898
images\3\3.3d200168-c0c7-11ed-a9f4-8cc84b59e01a.jpg,3,0.30653390622900023,1.0,0.5976405835321913,0.9060828326877884,0.8409618094550858,0.7700540097251348,1.0,0.6616499843691592,0.8877219091061685,0.5949434700261323,0.6140914337331259,0.5215210782186414,0.7372293930316921,0.38743632504833253,0.7988596307557067,0.4843649716704899,0.809336261261651,0.5851053556268377,0.43027452500477315,0.49080480968404505,0.5095514720684522,0.27512416220317426,0.5621815027147941,0.1367154176835829,0.6086527318967103,0.0,0.2407261216082379,0.5135887470253117,0.2658100918928803,0.31704096647650426,0.28780716281092655,0.19109330936775343,0.31805942263976156,0.07318446802070142,0.04964199788999965,0.5814166823202971,0.025127231636853826,0.4363836746679365,0.006039169405110262,0.3371330491351932,0.0,0.2428572869201911
images\3\3.3e55bca6-c0c7-11ed-9701-8cc84b59e01a.jpg,3,0.6927856679016626,1.0,0.4528701442375876,0.9662415429253137,0.253642038152811,0.8743027748223895,0.11210402212034654,0.8312837888867788,0.0,0.8056489629336875,0.3047865374295561,0.5655954433167938,0.13485871259630625,0.49220266329569096,0.057986196343591694,0.6079028141243688,0.04635893106617847,0.7185437516818828,0.44864078904711335,0.5062461550419086,0.409567615584804,0.2927291705009316,0.4087720648142452,0.14114304967227576,0.41715996286902274,0.0,0.6163138940311341,0.5087828191691004,0.5947952544664676,0.3008324540493137,0.5837346855982168,0.1643125196601552,0.5732797796985016,0.040356753451205055,0.7955169467940313,0.5623423979633363,0.8722470471952286,0.3984538777341822,0.9389574012430134,0.2900990175238433,1.0,0.19334630689713073
images\3\3.3f8a7f78-c0c7-11ed-b64a-8cc84b59e01a.jpg,3,0.6435436928605051,1.0,0.3725469657091209,0.9582190332506578,0.1340599455040872,0.8676420630004776,0.0,0.8077385765384351,0.04453858580233409,0.7579095300928314,0.2353942777081662,0.5690167636558426,0.07265414542408914,0.4955458373392918,0.027034922907951408,0.6073326987930731,0.04116739703565217,0.7155414087399459,0.414344402677504,0.5107605522602334,0.35952893962798693,0.28989190904162865,0.34046774553546766,0.13935230932929166,0.3295659111049234,0.0,0.6120023601636203,0.5157260702878929,0.5741221760354996,0.3161727780803215,0.5446280863890601,0.1865074508600942,0.5111243704572928,0.06930918303743129,0.8126312951508361,0.5711063642321662,0.8831117917575484,0.40844529976148625,0.9474598407552524,0.30994120793877206,1.0,0.22117451228847249
images\3\3.40bfa162-c0c7-11ed-8aa5-8cc84b59e01a.jpg,3,0.6262363359053565,1.0,0.36327495702794343,0.9581808190275841,0.13465172353305696,0.8623414342147716,0.0,0.7935727953083989,0.06213183873681904,0.7279107699889418,0.256355128635848,0.5510696231263517,0.1193206698671487,0.46100026282100504,0.06416247281197161,0.5697722284831945,0.07174836277207672,0.6830553771700287,0.42245428524950973,0.4946408043015828,0.37924522932658633,0.2787566031269681,0.3659749655650162,0.1346301966196586,0.36520238171588365,0.0,0.6082163166820773,0.500349728852986,0.5770351893042795,0.29677580091555095,0.5606996492155025,0.15800412160240926,0.5477882822942385,0.030246849294131357,0.7990292371382203,0.5585995087563532,0.8730295183094727,0.39588722516647,0.9388010806829828,0.2937115013280577,1.0,0.2014910577934453
images\3\3.41fb1f16-c0c7-11ed-a117-8cc84b59e01a.jpg,3,0.6178027697185415,1.0,0.35753425828202245,0.9543985604989598,0.13278903222222696,0.8580707478359278,0.0,0.7879044429367047,0.05745371339694314,0.7323863405984166,0.2645320491729728,0.5487953549600885,0.11933440441650893,0.4573281109071758,0.04670129170921801,0.5622839194146125,0.0445458080339784,0.668484063761174,0.43053099803017547,0.49738509265841857,0.38703505091205864,0.2819151418822179,0.3608359576295448,0.1365786981598066,0.3479111741606881,0.0,0.6157966252334093,0.5073902375951611,0.5934500130324615,0.30417370603939886,0.566908230106268,0.17004277235502047,0.5427986036037961,0.04705463634487835,0.8050506129529849,0.5698169718037643,0.8844375317799779,0.41457413709679597,0.9449299451782028,0.3129617265362502,1.0,0.2193409975771042
images\3\3.432f11b0-c0c7-11ed-8184-8cc84b59e01a.jpg,3,0.5973507729831391,1.0,0.33487937259298023,0.9468423552015673,0.12134598248007059,0.8539698509259854,0.0,0.791292382942436,0.009258501062974973,0.7334293272757595,0.23392586981129185,0.5522738247191306,0.08054766747603107,0.45564549386194675,0.011349857795624177,0.5620209159246393,0.01007494466180756,0.67469789340167,0.40271009355493426,0.49808974961277236,0.3493231334444111,0.28155437519097964,0.3271699030295334,0.13462405582036852,0.31932687739333576,0.0,0.5884156527717264,0.5052269827999347,0.5596581840315105,0.2990534677539198,0.5402492024950901,0.16106308386171786,0.5232950253647066,0.034817061052074716,0.7838743084094347,0.5641295489483722,0.8670696702916558,0.4007836114141957,0.9349292919119756,0.29581576139146887,1.0,0.20128897846385713
images\3\3.44644904-c0c7-11ed-818e-8cc84b59e01a.jpg,3,0.5788439955106621,1.0,0.33335427892193054,0.9676574388861907,0.12105895659550403,0.8806518806324537,0.0,0.8126940442141997,0.054650313398369385,0.7460372708794273,0.22536842417609654,0.569143417336715,0.09126429318238546,0.4747326102207112,0.0417751037243002,0.5728125843181695,0.051835968113832294,0.6749544007339053,0.4023896298390855,0.5174610112783984,0.3610609289717636,0.29807026064432574,0.34087723615976595,0.14519705718345835,0.3316987046898918,0.0,0.5964321808023207,0.5261329663806594,0.570230558566484,0.3234572698001547,0.5436047881615533,0.1889899807529725,0.5231234934449035,0.06501466011907973,0.7966222620188406,0.5847007716798878,0.8748553445287505,0.4268219020380264,0.9395789587598815,0.3254276617559765,1.0,0.23079866170201285
images\3\3.459a38e0-c0c7-11ed-9e0f-8cc84b59e01a.jpg,3,0.6052422011316652,1.0,0.34548902780302493,0.9596803090364772,0.1193639332949705,0.8618278010922963,0.0,0.7861552278330135,0.0785355275025675,0.7082904517269675,0.2591471639478837,0.5600348948521284,0.13984181696293663,0.4621108637356729,0.08996402615311405,0.5600532160588195,0.10000266301409197,0.6595223943280363,0.4462097783561793,0.5135978586737349,0.4250765616551443,0.2873594948420518,0.4117045258503409,0.13839698602056696,0.41553972927567173,0.0,0.641382312723534,0.5296821164939834,0.6391907679090593,0.3214497993651702,0.6220534617446447,0.19074613466580181,0.6065723187789964,0.0701351647023632,0.8359384172202069,0.595300927581555,0.9024151222149793,0.43700658259816555,0.9534356934199237,0.3359062884370989,1.0,0.24137943183824065
images\3\3.46d13371-c0c7-11ed-beda-8cc84b59e01a.jpg,3,0.7111334647164897,1.0,0.38736409915447967,0.942471723965661,0.13927601703331993,0.817784192971307,0.0,0.715648613105974,0.03825555265786597,0.6233781917296962,0.3184271086184612,0.5227259786869046,0.18358296451476597,0.3798328233422842,0.09574189291731428,0.44171270667494406,0.08102704308609672,0.5350846903503327,0.5130308463832853,0.4779781671178832,0.4765384263889725,0.25033405025952604,0.4569825243843763,0.11597995422937475,0.4490377600795814,0.0,0.721294483913524,0.487627513068138,0.6894937736293053,0.2672404372086531,0.6752314091719199,0.1309447170927204,0.6649436558589213,0.012854850914861495,0.931405637375483,0.5409024453856525,0.9519480275490673,0.3723411436044184,0.975817347480427,0.2671093425707222,1.0,0.17438778115322873
images\3\3.48052c98-c0c7-11ed-bdaf-8cc84b59e01a.jpg,3,0.6685989488521846,1.0,0.35530285329889416,0.9412493227376416,0.11327375802032973,0.8193725344684858,0.0,0.715172265779122,0.08536788889773261,0.6240797232629354,0.3023211777785195,0.5188023248813826,0.19649069654589849,0.3850072856756969,0.14189019176900422,0.4704986642741392,0.14355587849409082,0.5706081676106005,0.5068861222299533,0.4794039509376713,0.4873934153060884,0.2511366034540212,0.4832654648902765,0.11777617589642009,0.49725594961474173,0.0,0.723153238043643,0.4943617978599293,0.711754035519245,0.2749075331268294,0.7019133252370474,0.1417550119652481,0.6965189394036649,0.022322746369638772,0.9399479817910593,0.552684577351362,0.9614003579140339,0.38244415117234365,0.9820741297990392,0.27929908017644967,1.0,0.1863801392771437
images\3\3.493a555a-c0c7-11ed-b48c-8cc84b59e01a.jpg,3,0.672249500485819,1.0,0.36286561763082437,0.9466598462086484,0.11331964134289146,0.8242734386921772,0.0,0.7165426263887783,0.1174406934028889,0.6277365443904567,0.2992276551297071,0.522914403478615,0.18368955253716684,0.37826332727246753,0.13453998403989323,0.462464693132674,0.14630471630445682,0.5648826679418747,0.5050540872065103,0.4810134819685275,0.4851100404833138,0.25339225955107875,0.47193061870561676,0.11874512642222308,0.47178325521466535,0.0,0.7221044916071686,0.49326785875030976,0.7053415741560317,0.27028218964818634,0.6886536198720308,0.1335623900716987,0.6790602566110946,0.012150301308698057,0.9424942808549517,0.5491316727059917,0.9690036914554483,0.375857800706126,0.9854718819246825,0.26860405767368417,1.0,0.17233469855865674
images\3\3.4a744873-c0c7-11ed-8899-8cc84b59e01a.jpg,3,0.6700730158227347,1.0,0.36724709758144986,0.9412896275949239,0.12351236200643045,0.8211303043185499,0.0,0.7150219057205339,0.10597082534805265,0.6259069612356745,0.28824619478277397,0.5252696815480058,0.17693903733151717,0.38041864961648497,0.1257329299776676,0.4576807330963894,0.13375801827771355,0.5563990399097607,0.4950244705956887,0.4842672625374497,0.48184867827106137,0.2542083336780969,0.4793107052916673,0.11834053684278087,0.489621616484787,0.0,0.7129290273532161,0.49713741845036175,0.6975776486054136,0.2766945988550568,0.6909412864089203,0.14166720524332893,0.6873098183315647,0.022636097577120637,0.9354045963539604,0.5528797675495671,0.9635110949205695,0.3808860372528073,0.9839853018040134,0.27534744903629815,1.0,0.18145911263885495
images\3\3.4baa0489-c0c7-11ed-9a91-8cc84b59e01a.jpg,3,0.6712290623125059,1.0,0.3596546705816321,0.9447628514362144,0.12280633844805293,0.8234096382451058,0.0,0.7212148058607876,0.09279666757610738,0.6402440201153803,0.29629578758295005,0.5241303508248927,0.1920045800849963,0.38544375374484235,0.13805872073531092,0.4683798509260418,0.14015959123865201,0.5696383450061541,0.5009399288388648,0.48294554230085385,0.4845681228331846,0.25550774216003985,0.4787655996658586,0.12071158078381325,0.48141525625313336,0.0,0.7162588647058126,0.49425902468695443,0.7043772401741382,0.2714454733923487,0.6949142701238733,0.1341988029673115,0.6870552038843316,0.01240898003832993,0.9341456699279586,0.5484249695360834,0.9617366863184945,0.3741625119114084,0.9832167605138735,0.2662642803511314,1.0,0.1696806664076827
images\3\3.4ce0db32-c0c7-11ed-bd76-8cc84b59e01a.jpg,3,0.6658651682345209,1.0,0.36912948638747395,0.9406818089943528,0.1270270203617594,0.817233991320961,0.0,0.7113549442224983,0.11415248939247652,0.6337932831479356,0.29942563389277926,0.5211687790114191,0.19435103905023668,0.3831392354782523,0.14046938214335478,0.47095540612032194,0.14331716772649422,0.5727506648129823,0.5078448200389405,0.48329772724476544,0.4906267841046831,0.25646929381306494,0.4805895575851962,0.12111613882947217,0.4801037262278648,0.0,0.7228708194150048,0.49807256963179997,0.712529640028558,0.2832239518979466,0.6994202083649309,0.15224085475703789,0.6848150573194687,0.03400125141267266,0.9355484283848821,0.5562111899493283,0.9592357897410667,0.38685744265383853,0.9815599872253481,0.2847508686948223,1.0,0.19403421523946449
images\3\3.4e151480-c0c7-11ed-ba0b-8cc84b59e01a.jpg,3,0.6861008686957065,1.0,0.3815861508655709,0.9462357874425144,0.12864945940878694,0.8323595292556029,0.0,0.7304755245307766,0.12789763139803761,0.6422666963394887,0.28613774139116305,0.5318093968911135,0.17870570589338167,0.39143390400842076,0.1400906193362915,0.47539569981112106,0.15859008811949254,0.5747338115222729,0.4956265233422911,0.48877787917455123,0.46509968126992063,0.25887144952174523,0.45181988625710895,0.12300877147932625,0.45088119492531714,0.0,0.7176676457721393,0.5000588189075573,0.6933910380601213,0.28205904803792853,0.6785382163614774,0.14893408287935234,0.6653840384975939,0.02874357107145663,0.9440166239610024,0.5544483115681428,0.9624517217673896,0.3849638241771169,0.9829816886444597,0.28139755480144446,1.0,0.18779889552137913
images\3\3.4f4a592c-c0c7-11ed-8eb8-8cc84b59e01a.jpg,3,0.6284248718373535,1.0,0.3369154907249697,0.9571593923649349,0.10446820100289282,0.8409875894449103,0.0,0.7465178361748339,0.17156034818760557,0.6807947443508082,0.29575743200317534,0.5273148559586507,0.17378330411109774,0.40093516003377944,0.13645015989787515,0.5017216012007417,0.1584580195071832,0.6081120474732604,0.5116344626108349,0.49152379737998914,0.48844539693172484,0.2677375369596866,0.48897223152592517,0.1273564148105788,0.5027408510166597,0.0,0.7320783863127895,0.5094239419343842,0.7098583625456362,0.2892015247977119,0.6929555539927983,0.14920035702831883,0.6856531735824634,0.023825500906523925,0.9507689758788423,0.5707848569503959,0.9675990764899466,0.3948251930790773,0.9839822020494104,0.2832566340678689,1.0,0.1815574437356256
images\3\3.5081beff-c0c7-11ed-84f0-8cc84b59e01a.jpg,3,0.6607765357130074,1.0,0.36445938368666564,0.9528789762249119,0.11730771525035492,0.8361387941588109,0.0,0.7341636425567454,0.1595459371756481,0.6559515747986767,0.3094481096622565,0.531288792797613,0.19317712745016166,0.4011362035957487,0.15718555016046099,0.4965722466987738,0.17971212464656827,0.601272580610241,0.5137984514620442,0.4923310973247854,0.49296775271113447,0.2662046311164673,0.49475728039512773,0.12681647559522394,0.5078345522005225,0.0,0.7288859593657914,0.5062073835227328,0.7049396929170494,0.28683567384328734,0.6948354231039954,0.14901150244297492,0.6871887713102922,0.024492771610944375,0.9478382505577361,0.5632441437947923,0.9698828455876213,0.39025948288631385,0.9887730998198542,0.2814129619042536,1.0,0.18257885461742945
images\3\3.51b97d73-c0c7-11ed-8b4a-8cc84b59e01a.jpg,3,0.6473295628212024,1.0,0.3570763445777366,0.9472709481219728,0.1149984480401472,0.8346391514508121,0.0,0.7355292592140337,0.15057505443706506,0.6597371916437609,0.2990573324771886,0.5369302724690844,0.1931609512684606,0.41109804185429494,0.14780285134120133,0.5038350100469912,0.16265723959653783,0.60517899759354,0.5046635801225929,0.5003758795789817,0.49219044324447275,0.27237106499767827,0.48920617845879727,0.13042730655077114,0.5016597677509851,0.0,0.7192392079555121,0.5177267716803603,0.7099197482744812,0.30411586062302143,0.7005369070269425,0.17087402593195292,0.6938196456792727,0.048729153220145816,0.9324109637078335,0.5777991814547245,0.9595773693451203,0.41133602969822475,0.9828170796143557,0.30797412951688885,1.0,0.21257547703479607
images\3\3.52eecff8-c0c7-11ed-a731-8cc84b59e01a.jpg,3,0.6494884032707363,1.0,0.35178365574135156,0.9501924731969144,0.1129192412493015,0.8406643372389878,0.0,0.745503002267866,0.14428059486799033,0.6692601071668945,0.2939881644242129,0.5450276139231851,0.1799823354955752,0.42069988600760966,0.12918585241372155,0.5079127410769657,0.1410548249681389,0.6042633732409991,0.4991403314271333,0.5056752427451219,0.48552041407220503,0.2772787425883255,0.48723975121793833,0.13256976197942683,0.5062138860180259,0.0,0.7143848822376311,0.5204198836773557,0.7006510580513344,0.30788047284324455,0.6895561748535463,0.17677703559463,0.6792341882706975,0.05920580481147873,0.9319057805629621,0.5782391047197146,0.9627351713880352,0.41181166093812555,0.9852779893237691,0.3080583406360354,1.0,0.21338536740957975
images\4\4.2116dcf3-c0c8-11ed-a99b-8cc84b59e01a.jpg,4,0.4549176163219027,1.0,0.6813604170594315,0.9542450771046735,0.8521850427127582,0.8442895232904621,0.7673712366443242,0.7443073883121823,0.5991930103235312,0.6867820183731953,0.7788499979275387,0.5461603214651306,0.8882809669168328,0.35278301074445095,0.9604744866647146,0.21970526515230152,1.0,0.10774187002626538,0.5524580059178797,0.5103487012480077,0.5608501369830045,0.2736623089853457,0.5778737349629565,0.12206955896787541,0.5856297541258693,0.0,0.35422574852621264,0.537110562262817,0.3031008031790219,0.32972660668970505,0.2838974439198666,0.18535062371147434,0.27184808725195647,0.06545469111786792,0.16919974916533292,0.6161403307689766,0.09608331561713217,0.46204121469282544,0.040086749217478734,0.3604392397746142,0.0,0.2707164809357412
images\4\4.224cd56f-c0c8-11ed-8123-8cc84b59e01a.jpg,4,0.4456417770142552,1.0,0.6611280665480842,0.9475080300504146,0.8163064216975539,0.8276881855294583,0.7472232568628345,0.7196905703348412,0.5956102943784808,0.65583343931172,0.7679346504097176,0.5425668509718315,0.8822498745762196,0.3409102046102348,0.9557599287491575,0.20237331304770895,1.0,0.09037292335837535,0.5596757478551266,0.5090173995120716,0.5871622426278689,0.2727577404085671,0.614019718138559,0.1207494402591084,0.6293939497595411,0.0,0.3725368163137064,0.5355337752145917,0.332334060537878,0.3235944057412673,0.30992786232269637,0.17963278197348478,0.29439590079612427,0.061269313831754546,0.19303004849719507,0.6142761053934637,0.10909715148658852,0.4612253279399085,0.04794514039861958,0.3613989380382292,0.0,0.27243134642331696
images\4\4.2381f3c4-c0c8-11ed-88ba-8cc84b59e01a.jpg,4,0.45681769978465697,1.0,0.6665972422587009,0.9521266596356847,0.8275513629157741,0.8448750253089282,0.7328475535539246,0.7537582491174823,0.5670767165184869,0.7053461435855517,0.7756063011885586,0.55375384630536,0.8827498179997745,0.35171632913222023,0.9557594552540583,0.21600862487722092,1.0,0.10367927367503597,0.5582301998722337,0.5214890542325072,0.5858471019768122,0.2810352633388552,0.6017694944056029,0.12478525428702106,0.6034235786944772,0.0,0.36848787907159825,0.5475516743865536,0.32761218888789106,0.3365663105506151,0.2994755591053296,0.19738878482095762,0.279022109444713,0.08308627860705452,0.1882200791947788,0.626242671997159,0.10142969695927462,0.47373447393202117,0.04217883090570828,0.37712055507874515,0.0,0.29126803596054734
images\4\4.24b6da1c-c0c8-11ed-a969-8cc84b59e01a.jpg,4,0.43291834898911313,1.0,0.6450207756958833,0.9538244190966756,0.8057884707835918,0.8482154122305766,0.7172840380949718,0.7566782031471504,0.5658783542255353,0.7024615131967629,0.7696193457840287,0.5534638194438285,0.8836395803617644,0.3554112406728027,0.9553146984910652,0.21782748150439063,1.0,0.10802797708572882,0.5526954705900857,0.5193164284841683,0.5716050555623164,0.27815925950615245,0.5911320172585868,0.12245511029273974,0.6015788067248625,0.0,0.3589519783857775,0.5441472793809038,0.31741679156656405,0.3345491603126379,0.29027159809696723,0.19533120151152022,0.2723365341811592,0.08105080867418975,0.1789366186375325,0.6218687496227064,0.10594032067366826,0.4691981120874411,0.04630261881483369,0.3726241234988008,0.0,0.2865989049832503
images\4\4.25ed750f-c0c8-11ed-8646-8cc84b59e01a.jpg,4,0.42159849256332715,1.0,0.6275191135636166,0.9615042970692782,0.7908144443536291,0.8592546557848656,0.6815994455985708,0.7667636704763584,0.51901005515297,0.7112884191248549,0.7559866865394501,0.5635654044575368,0.8727404465317249,0.3625561363729498,0.9503165686439413,0.22104545362080896,1.0,0.10829481335733909,0.5382203423794891,0.5259842162193397,0.5672806590964532,0.28676167753009096,0.5911137984040131,0.12790410744456823,0.6064879609874076,0.0,0.3466107131890926,0.5477055616467514,0.3124778506088854,0.3345549465014801,0.2896996771356431,0.1908355132411527,0.27703756252715916,0.07158745540561616,0.16774651029735646,0.6239499074724577,0.09544774195340036,0.46994704836108175,0.039339843216235175,0.3696903533440665,0.0,0.27869732069600994
images\4\4.27244037-c0c8-11ed-ba55-8cc84b59e01a.jpg,4,0.46072500702002567,1.0,0.657629569731129,0.9624449699683737,0.8168585473677236,0.8738884315426556,0.7279562349246357,0.7918266421865815,0.5683750498156459,0.7439176860629716,0.770314731954031,0.560186780933683,0.8784958199888516,0.3535586511357276,0.9512702467028396,0.2118744184806875,1.0,0.09611947128046996,0.5532655100752244,0.5245258530721738,0.5802288415783655,0.2842788322029112,0.5985819065714195,0.12554049290976915,0.611215701183964,0.0,0.36002615663164855,0.5482951133960787,0.3154009874031952,0.3322533706783401,0.28618320642606554,0.1895219166337507,0.2716600358383165,0.07457881306723868,0.1803041721628723,0.6270960523916147,0.0950439101398119,0.4757706150935836,0.036058968858748076,0.3763393847776474,0.0,0.2893798814307015
images\4\4.285931bb-c0c8-11ed-83d9-8cc84b59e01a - Copy.jpg,4,0.5073549754271659,1.0,0.7792308372082489,0.9462369226136084,0.9418045479393413,0.8373276357940382,0.749943713622014,0.7478120895965618,0.5096752620147548,0.6931824245290689,0.8838710995316351,0.5497979219216232,0.9490891376394004,0.33917800442903967,0.9870001780736692,0.205869888368868,1.0,0.09428038162264213,0.6061827533208963,0.5218369200434579,0.6746189956200983,0.2826816279221144,0.697447951198045,0.12429275466209924,0.7083037839100448,0.0,0.352655140578282,0.5435474277962329,0.36011336320767073,0.3279886309953997,0.3634847729249866,0.19333956687936524,0.36928393513500074,0.08974658037293441,0.1023546135068656,0.6122101142683298,0.04845779765058216,0.45468866678195097,0.01846992531119595,0.3580283817243307,0.0,0.2739048435323142
images\4\4.285931bb-c0c8-11ed-83d9-8cc84b59e01a.jpg,4,0.5073549754271659,1.0,0.7792308372082489,0.9462369226136084,0.9418045479393413,0.8373276357940382,0.749943713622014,0.7478120895965618,0.5096752620147548,0.6931824245290689,0.8838710995316351,0.5497979219216232,0.9490891376394004,0.33917800442903967,0.9870001780736692,0.205869888368868,1.0,0.09428038162264213,0.6061827533208963,0.5218369200434579,0.6746189956200983,0.2826816279221144,0.697447951198045,0.12429275466209924,0.7083037839100448,0.0,0.352655140578282,0.5435474277962329,0.36011336320767073,0.3279886309953997,0.3634847729249866,0.19333956687936524,0.36928393513500074,0.08974658037293441,0.1023546135068656,0.6122101142683298,0.04845779765058216,0.45468866678195097,0.01846992531119595,0.3580283817243307,0.0,0.2739048435323142
images\4\4.2990e00b-c0c8-11ed-86da-8cc84b59e01a.jpg,4,0.48904233306822786,1.0,0.7888957219417172,0.9485823688779887,0.9801318784496911,0.8443699567374497,0.8580572427470908,0.7557028419058944,0.6568006713673193,0.6917889548749755,0.906935092730464,0.5426192985656472,0.9737049390249429,0.3382136012413492,1.0,0.2015188060346866,0.998685127677633,0.08942212628340686,0.6184241474679881,0.5195689284354992,0.6855074448204479,0.2820088822227177,0.7167294602487284,0.1238756466298676,0.7341519956145478,0.0,0.3479750441431646,0.5452601495834769,0.3705573560570242,0.32937079000885067,0.38080248241787656,0.19510092718334,0.3953085393705502,0.08784679291854434,0.07729264162906765,0.616411392846928,0.027153353902465673,0.4581762504138206,0.004414077912387328,0.3598485360322318,0.0,0.2726100875385388
images\4\4.2ac63cea-c0c8-11ed-84b9-8cc84b59e01a.jpg,4,0.4986569863999404,1.0,0.8025743902329046,0.9490872632604549,1.0,0.8479974093520694,0.849869163562871,0.7601993328233113,0.6296082880955217,0.6980775186344231,0.9132582663329583,0.5458761042424688,0.9369474219312531,0.3392331851818332,0.9337525731798831,0.20348860722977435,0.9072069921194363,0.09080051303879326,0.6240682086680979,0.5237605686981287,0.6835343542356783,0.2870681133945831,0.7032953315148026,0.1256042841850277,0.7138111351229739,0.0,0.3550511218518446,0.5504773325376613,0.36710668022891274,0.3329743381615733,0.3673103037788069,0.19756575253938646,0.37840802457152434,0.09224686385947149,0.08414494009717922,0.6217820886109064,0.029308026422647494,0.46247534147200275,0.0032105121013618096,0.3628980186916945,0.0,0.27667978488571876
images\4\4.2bfa93cf-c0c8-11ed-8152-8cc84b59e01a.jpg,4,0.48414469687003325,1.0,0.7907890253364095,0.9514218565674394,1.0,0.8489801859217353,0.8906573297452134,0.7569917866558226,0.6787231896272405,0.6964612538981372,0.9159974581309825,0.5448989574505495,0.9547209824593373,0.3390695357956422,0.9579568914262125,0.20827212004498744,0.9403376669379915,0.09843846741647563,0.6295779093545707,0.5182331574223837,0.6936875834719012,0.2814922403910762,0.7037764977526215,0.12272878909213228,0.7059302064501554,0.0,0.3649980731442799,0.5411060251652933,0.3776948669400369,0.32973345032953094,0.37109102801122923,0.1960808495946104,0.37415354320642735,0.09206756335974636,0.10387588538904123,0.6095038022375384,0.05564591969125682,0.4572026409141703,0.020000715888494325,0.36325180542743474,0.0,0.27971896468920315
images\4\4.2d301d4a-c0c8-11ed-bad5-8cc84b59e01a.jpg,4,0.4944108853718821,1.0,0.789663465862688,0.9418981414845538,1.0,0.836052387416214,0.8731786358027134,0.7409916917074294,0.6572026184471363,0.6761086211821602,0.8990599961863782,0.5379400771041437,0.9337904882515263,0.33619023155601124,0.934998434975949,0.20760711430766812,0.9187909919374279,0.098156652944993,0.6207015804944037,0.5125391111987015,0.6801531564916118,0.27863006175860333,0.6918670017377163,0.12252849332480065,0.6950096419872568,0.0,0.36456380800932536,0.5374769982971543,0.3746977884591169,0.32408264448169494,0.3692827152987397,0.19185911332449065,0.3692098607308482,0.08696775000719668,0.11049024828117186,0.6083355292439941,0.058146489848930207,0.45460775868750236,0.022403679065734608,0.3596486469130663,0.0,0.2742157277395554
images\4\4.2e6a5fd0-c0c8-11ed-b2fe-8cc84b59e01a.jpg,4,0.5154325714759178,1.0,0.2201510993494543,0.9733463856076922,0.0,0.8801940438121343,0.1128190063464405,0.7932122372323377,0.35100176341159467,0.7564808167823244,0.1274200878274384,0.5431599556222672,0.1271171191528929,0.329966716700385,0.16012229221747126,0.18748518929423452,0.19654130291594796,0.07029403873624979,0.3844312600065448,0.5219894566628235,0.43558107634224746,0.2884839783332246,0.49204121378289867,0.1344836737801562,0.5421507260786563,0.0,0.6128788468443135,0.5442473551016265,0.6790708067921895,0.3226266977020746,0.7261472846223311,0.18827325661496516,0.7684214578819142,0.07137244664882855,0.8315351891420044,0.6058320462340563,0.9048008817894904,0.4364961894610136,0.9566235898774985,0.3374851167815992,1.0,0.24995366442602623
images\4\4.2f9ea30e-c0c8-11ed-8333-8cc84b59e01a.jpg,4,0.6622926983029477,1.0,0.2992058730820462,0.9896287092616288,0.0015872370280740644,0.9046429277058557,0.0893591060225528,0.8056683256811682,0.308041933155053,0.7448095034246576,0.07272006263536254,0.5515298058106277,0.020662551984300486,0.3374407858836369,0.00455123186269027,0.19196928392668974,0.0,0.07172699411034171,0.3715812378618565,0.5219812561154599,0.3679969902488129,0.286438438487882,0.38857107995159995,0.13287600669878066,0.4078853447486959,0.0,0.6554099260780705,0.5360485779203673,0.6620964543910847,0.30754824157007377,0.6709721699695974,0.16778440416603943,0.6851118997020753,0.045610746274273674,0.936098711704475,0.5889528921421044,0.9623811605844611,0.4115586895980732,0.9826146196630299,0.3036208226704802,1.0,0.2072982133448743
images\4\4.30d7aeea-c0c8-11ed-98c1-8cc84b59e01a.jpg,4,0.6215001845477075,1.0,0.289139179101667,0.986723624912055,0.011860956484403835,0.9055501503704767,0.06597768855879539,0.8160199052586248,0.27363623010462723,0.7659218144408824,0.07454785811670947,0.5489662509695367,0.02155724368583201,0.3304352089620922,0.002159019863359371,0.18209330117395894,0.0,0.06185924189177933,0.3568719540212569,0.5207183993090815,0.3654289416000663,0.2815283264188315,0.3910085720526978,0.12789465382890905,0.415710659324932,0.0,0.6291589144075266,0.5375237990594387,0.6478283630994975,0.3058575665797702,0.6608709898536423,0.16447682829646879,0.6796741414765323,0.04376309575920403,0.8969046829922339,0.5951569541693471,0.9447750401108793,0.41966595365482073,0.9757206776290516,0.3114783683311683,1.0,0.21580393414771457
images\4\4.320b4ee5-c0c8-11ed-a3e5-8cc84b59e01a.jpg,4,0.581287511173541,1.0,0.2657440514195718,0.9767188774509298,0.0,0.8945045187231638,0.0310491422977057,0.8053920823887061,0.2234637267838647,0.7584312869400271,0.10977649370734545,0.5297869923903729,0.0778458831708736,0.3123006326359931,0.07722779125697016,0.1692195817728853,0.09144833922161211,0.05215906023538366,0.382433065168348,0.505713784207553,0.4153976716468735,0.2698218323580994,0.4592103676272365,0.12325855474609747,0.5044720767888308,0.0,0.6309006938236922,0.5267050860157798,0.6785664878900098,0.29985795559305384,0.7122901857290824,0.1647249014318017,0.7465716738319216,0.047112722488299404,0.8648356247960385,0.5883145981234799,0.919500844223102,0.4175409354870589,0.9630625789242185,0.3173991860840732,1.0,0.22678429457915472
images\4\4.33470521-c0c8-11ed-9f8b-8cc84b59e01a.jpg,4,0.5357919099592325,1.0,0.22043775039063876,0.980251487309862,0.0,0.8882393544736162,0.10093256250898085,0.7890574491108638,0.284572095784897,0.7272836639490589,0.11242624405682314,0.5341191491515795,0.10226014689282896,0.3158249644323662,0.13010869201759387,0.1681298377215966,0.16513468790922178,0.04830198725658474,0.37483247041854606,0.5083079680561557,0.39372592115287464,0.2763754354750158,0.4305331756017283,0.12707043000824,0.46648820944202596,0.0,0.6200090192594627,0.5298529079528698,0.6583688877120272,0.29707887624713264,0.6865319320645519,0.15808465674928857,0.716200596283306,0.03787683490087153,0.8637802626430046,0.5937540328993972,0.927134686101755,0.41853566653261426,0.9676861080810938,0.31354138641433565,1.0,0.22000593080333639
images\4\4.34801f8d-c0c8-11ed-b53f-8cc84b59e01a.jpg,4,0.4609023997936829,1.0,0.17810799071573033,0.9661371730265715,0.0,0.8676745009893573,0.1316849456381578,0.7773461340890757,0.31915610196408456,0.7253141582583864,0.15146067758880458,0.5321591133979814,0.16687253132083668,0.31266952881108767,0.2106767404612273,0.16889986362289128,0.2599841529461268,0.052620758067132255,0.4006802017021161,0.5184472276605155,0.439308668033065,0.2843688934618087,0.49066907143729727,0.132029415105019,0.5414593881069049,0.0,0.6265422882195648,0.5511654225705193,0.6877163275555496,0.32230364358638247,0.7242985897140065,0.18393766356558275,0.7616324840850787,0.06254018446458212,0.843877675674942,0.6270789352921243,0.9179855578027228,0.4548005757939404,0.960426479171474,0.35190341632197925,1.0,0.2600253794998521
images\4\4.35b8dffb-c0c8-11ed-91ad-8cc84b59e01a.jpg,4,0.46886843296613273,1.0,0.17104447366719125,0.9699756878892724,0.0,0.8707187868668816,0.16240929570784918,0.7788257235256681,0.36085799900834287,0.7180112601853703,0.13545777911914977,0.5227735646621258,0.1435281436609395,0.3106913766026839,0.18231918425420915,0.16765283587875385,0.22517429452217216,0.05262831773318947,0.39721732381917346,0.5012775686057852,0.4273309332356048,0.27449487125875077,0.47333089012007673,0.12617970205836432,0.5161963481147736,0.0,0.6317890788367431,0.5277248107150324,0.6862181214564426,0.304296665745869,0.7172061137818786,0.16931729212229618,0.7459822795179684,0.05283221591229936,0.8552378899260569,0.5994939173937661,0.9241640976997866,0.4322223222720606,0.9654222088085024,0.33350874274490294,1.0,0.2475644393029002
images\4\4.36f2329f-c0c8-11ed-9b8d-8cc84b59e01a.jpg,4,0.4996341877994213,1.0,0.2013450698434256,0.9779800224174366,0.0,0.881501776338863,0.12933135633668966,0.7815175942208703,0.3243927644635701,0.719975199046841,0.11430041701743097,0.5365988953484593,0.1020306604033514,0.3154757390526172,0.12586059121694657,0.16476320692544638,0.15402346793357224,0.04268413670736083,0.37743256635697675,0.5129095275963227,0.40760719823460645,0.27841174844552935,0.4573050958529698,0.12821863717957568,0.5012186675279997,0.0,0.6165219949354297,0.5397005622312934,0.6587010318193032,0.30981008945615895,0.6896369600031198,0.17177260262353966,0.7214901739367073,0.052979070558587915,0.8491548169794509,0.6090358180615448,0.9125899588577843,0.43402503806661524,0.9581185299351372,0.3307587228190128,1.0,0.24039589898966762
images\4\4.38271887-c0c8-11ed-a8e0-8cc84b59e01a.jpg,4,0.4825403324226224,1.0,0.1887472519012513,0.9778250505791349,0.0,0.8886217923815858,0.14771976697697328,0.7969668057916606,0.3342991593639196,0.7320505449493898,0.09778288685750479,0.532245402815028,0.09875658646986211,0.3123646172923148,0.13260074029165497,0.16458683606144706,0.16875535294205132,0.04283392329375056,0.372063482065293,0.5093792829106233,0.39624325168429037,0.27802270544762925,0.44504896055597987,0.1295208112551395,0.4851849810552874,0.0,0.6193201949498847,0.5388948109381458,0.6657515814963829,0.3105614827844474,0.7030172440189211,0.17270311679351594,0.7353400468740569,0.04944199793021788,0.857024503461314,0.6128966693911546,0.9199090513821198,0.44268443902999943,0.9627964512892115,0.341080824059197,1.0,0.250773371289698
images\4\4.395d2267-c0c8-11ed-9612-8cc84b59e01a.jpg,4,0.26492467888560656,1.0,0.5764349016197362,0.9584517050699685,0.793103239239258,0.8356782187240873,0.6357372516012003,0.7197286162079353,0.4343882097566549,0.64136797896944,0.8142831495673787,0.5454749821943897,0.9220260342226688,0.3465236152168474,0.9788793113498112,0.21391280612577984,1.0,0.10489018421236872,0.5524412621212086,0.5058781407959249,0.6798508732865933,0.2801192495854712,0.7468091406561482,0.12375571204864513,0.7899551640603688,0.0,0.2925606847331644,0.5156655398888504,0.3692462292811561,0.2999031953796103,0.41284317680002425,0.1661760461589953,0.45339183999888083,0.05836340814889892,0.00823367848224632,0.5718201956829925,0.0,0.4087255318715255,4.8496492164785486e-05,0.3068387427629167,0.012731728130530175,0.21623913015864202
images\4\4.3a91a86f-c0c8-11ed-ba25-8cc84b59e01a.jpg,4,0.37324522330163473,0.9934816081203605,0.7096514830645849,1.0,0.9919389223942968,0.94190673245265,0.9046405131927299,0.8713647798372587,0.6514901381186051,0.8285587571139632,0.945880786592667,0.595299706793715,0.9830022985054803,0.3659465821425953,0.9997771836882741,0.202823793420499,1.0,0.06305506284761883,0.6391480007246443,0.5731808602744444,0.6955676844826713,0.33157448734885264,0.7201348529903561,0.14938984122101756,0.7391819143890216,0.0,0.3444500465084841,0.5970249155087143,0.38393686949762584,0.3640696225055304,0.3989256874197596,0.20220401608559774,0.4219618288542801,0.06076576989706229,0.05429447985359357,0.6577827657448607,0.03819983282882009,0.493381334994248,0.00887099721499259,0.38132273154725393,0.0,0.27324286355522776
images\4\4.3bc8536b-c0c8-11ed-8558-8cc84b59e01a.jpg,4,0.3798445224422778,1.0,0.6808898139201458,0.9982223273098678,0.9818278330874515,0.9446117029488961,0.9449328875133052,0.8881229547047055,0.7093636851957482,0.8735868500805972,0.9432315724181118,0.6083341160923375,0.9773936470250142,0.38106219857030416,1.0,0.22083143041920253,0.9981169949027839,0.07952669532104456,0.6347191781120153,0.5886296427056038,0.712179286468924,0.34092744525815394,0.7486396010578396,0.1535038992195083,0.7660905497052782,0.0,0.3364166535710002,0.6160264777680248,0.38526474291656393,0.37121347079661116,0.40031453349805507,0.19794949530938416,0.41771204390960465,0.05160676131032778,0.04374058151092455,0.6811879258613858,0.026032337653649772,0.5135814085559338,0.0009135959143104033,0.3968577354404126,0.0,0.286651475743648
images\4\4.3d0102d5-c0c8-11ed-acf2-8cc84b59e01a.jpg,4,0.4315923985423099,0.9982350658248128,0.7387619666276244,1.0,0.9866704454917029,0.943920693342549,0.964918374871148,0.892910120851342,0.7583984804441625,0.873344028565766,0.9682603777654604,0.595419065595156,0.9966467107919732,0.3677406247878021,1.0,0.214641832086691,0.9850949596994998,0.08235871831661605,0.6508913261753023,0.582749300402617,0.7152956303573414,0.3178485248142458,0.749340586670947,0.13869500866457363,0.7666061385842281,0.0,0.34359886267398687,0.6211097058130207,0.39644472757764776,0.37028534298627747,0.40045805713215604,0.1992007282768733,0.4157497581802784,0.06126231713719617,0.04870504180534202,0.6962314763340379,0.030882698415485157,0.5233333462147213,0.0037048369796486864,0.4028038549209754,0.0,0.29331720951595974
images\4\4.3e365b85-c0c8-11ed-bf28-8cc84b59e01a.jpg,4,0.390891733146821,1.0,0.7185900130748781,0.9783152124807999,1.0,0.9088237447443895,0.96045831106305,0.8353564877696182,0.7433868109491667,0.7724578712522059,0.9207124175792832,0.5747298767449018,0.9574535279642419,0.35902402785133775,0.9674178004359395,0.2139906057073401,0.9549104786281754,0.0837508805772032,0.6389870297043209,0.5575708336669548,0.6809961213537191,0.3113725887733232,0.6938729955194877,0.14084729830221532,0.7002971713536571,0.0,0.3578263046045645,0.5894508503859848,0.3710797584103131,0.36131518138360014,0.37279772216855306,0.20893890232761317,0.38356641174167877,0.0819173700877749,0.06804765158570618,0.660558393073013,0.04383370474585421,0.48997041848260847,0.013225344677846659,0.3805606751667312,0.0,0.2794374785900677
images\4\4.3f6baa00-c0c8-11ed-b3ef-8cc84b59e01a.jpg,4,0.39421728278659063,0.9989411411842051,0.7231652231188324,1.0,1.0,0.9405882750952569,0.9727138532111625,0.8756535183702158,0.7503694546281298,0.821862783612077,0.9439085123349366,0.59219115607993,0.9800181049485187,0.3661333828847616,0.9976031422032535,0.203949235369621,0.9938713996980837,0.060984864933645855,0.6476267973298963,0.5758904361367256,0.6986687931204539,0.3347142596016833,0.7217948139269349,0.15157334200483327,0.7430405447198916,0.0,0.351224717016144,0.6061575392060529,0.4008866911075113,0.376418502207092,0.409577651505653,0.21075733904790567,0.4284206734104674,0.06988821642124908,0.04898241161926447,0.6741446571812038,0.03413735687812511,0.5049135694499286,0.0058698984752055825,0.3904177064219257,0.0,0.2854886858133116
images\4\4.40a0c6ef-c0c8-11ed-a70b-8cc84b59e01a.jpg,4,0.3876630179213029,1.0,0.7074049002856632,0.9981771013919752,1.0,0.9376198662569436,0.9670926790247625,0.8712091730224462,0.7314996728345581,0.8315465735716185,0.9362575453053014,0.5910520389036836,0.9713901770040347,0.36766506482739775,0.9875685499458629,0.20782208509585678,0.9831844493496018,0.06682909309953311,0.6372923419857854,0.5749398922148128,0.6929025180861408,0.33392604491290967,0.7212901865428737,0.1513683771467251,0.7438131425119278,0.0,0.34214183751508226,0.605492397387239,0.3913865120816926,0.37363159697820597,0.39422473504619643,0.2092840264919306,0.40519942030634737,0.06621585396525081,0.03830387728702032,0.673616537688073,0.027706980254603327,0.5063261956093112,0.004584918258843926,0.397126935843284,0.0,0.2929601182387151
images\4\4.41d4ef49-c0c8-11ed-8460-8cc84b59e01a.jpg,4,0.3411050886662494,0.9907429209953968,0.6557739998469649,1.0,0.9135184722920845,0.9520616020830465,0.9079142953551353,0.8985655403821512,0.7533518229777526,0.8533242440074046,0.921253850441272,0.6015077804139393,0.9738272435000872,0.3824341768466066,1.0,0.22482810346694362,0.9991365645471313,0.08354234578192556,0.6238645196601953,0.5814996126349339,0.7085652378796032,0.34224544543829016,0.7436370242794704,0.15564428218677828,0.7622554522917416,0.0,0.3258187270578092,0.605850000893515,0.3808511341109688,0.3727037976493195,0.39571685839951265,0.20418895636387718,0.418965223830484,0.0564709413128785,0.018270545059832104,0.6672670737591441,0.016490571828421785,0.5030095690208862,0.0,0.3922415560197162,0.0021608883391892237,0.28688351401609796
images\4\4.430cf729-c0c8-11ed-a075-8cc84b59e01a.jpg,4,0.3175485562649686,1.0,0.6557959153651106,0.9885949130845394,0.9702309216253507,0.9296972383036481,0.9559309813583063,0.8582810287472208,0.7396192771746555,0.8256927324266179,0.9116097748657626,0.5912306333347301,0.9828762832683868,0.37459411712202495,1.0,0.23368341952314695,0.9932875192070956,0.10564875324854273,0.6304486114714757,0.5780908595235068,0.7301335383167916,0.3272807510363257,0.7826811610017355,0.14893874426851353,0.8120210350533029,0.0,0.33884105133235204,0.6136380908547885,0.4176477339870818,0.38670543728575363,0.4630071946283988,0.2346739927416363,0.5000662801402875,0.10699540249968216,0.03063839899512841,0.6816112061673126,0.0345412484753547,0.506569768529271,0.017371863110494653,0.3954681275254113,0.0,0.2949422287944767
images\5\5.9671a717-c0f7-11ed-a1ef-8cc84b59e01a.jpg,5,0.608374905728661,1.0,0.3267766710954022,0.8930867559514758,0.1578387387705294,0.7230296937304547,0.08249593576664858,0.5766931630474545,0.0,0.45672716403281405,0.4011732729777926,0.4906894822865554,0.35478356777729725,0.28483710721389166,0.3385853103301692,0.1576040818560906,0.3323012382678857,0.04885914659525272,0.574357621350499,0.4864195911018735,0.5756398756890322,0.2609708137210008,0.5831069043138729,0.1181073711668516,0.5893606125934199,0.0,0.7304812167178064,0.5263142688571655,0.7513431870647003,0.3140186071326473,0.7603821569282356,0.1841420985724452,0.7624337638698887,0.06903598995176605,0.8816641322482247,0.6023731175853653,0.9490376732479482,0.45311005179654323,0.9804383381327259,0.35321879760072783,1.0,0.258128998678367
images\5\5.97a70111-c0f7-11ed-86bc-8cc84b59e01a.jpg,5,0.591893574467807,1.0,0.3157933221785763,0.890603377424174,0.14805570624644607,0.712497578755219,0.0808559206269322,0.5611412409629255,0.0,0.44502747803788556,0.40960970333139435,0.4935426664714622,0.3592155831083863,0.28926227116952624,0.34165868731168175,0.16347793297392493,0.33872402760802356,0.05664627124004065,0.5800417813188321,0.48837383288477154,0.5818502081712953,0.2626095525926614,0.5892861227851163,0.11691500415024467,0.5986137981293995,0.0,0.7304124536761678,0.5259160797096355,0.756166298472539,0.32269361520169804,0.7630862783416885,0.19109377489098756,0.7660613794861404,0.07602052914598263,0.87382474722057,0.5982580366515727,0.9425555885986183,0.45323229997508346,0.9764659409538624,0.3555380559484368,1.0,0.26294686074461904
images\5\5.98dd5f44-c0f7-11ed-bac1-8cc84b59e01a.jpg,5,0.6242318149651757,1.0,0.33191326775085467,0.8979945648115953,0.15290339941102152,0.726534738241026,0.07973556649108351,0.5757734274867136,0.0,0.4551462203526643,0.409791589333773,0.4994978790747897,0.35455675749646065,0.2933347147365533,0.3333767164763737,0.16661070363643352,0.32549200459833416,0.058866112426487774,0.5816524457839746,0.4910817756833859,0.5754864596467719,0.2633426541232898,0.577604840387,0.1173215593008568,0.5822743173327654,0.0,0.7363147456792273,0.5262722127207797,0.7585857820746154,0.31602625078477103,0.7632690690884225,0.18420680578192355,0.7632502371774564,0.06954253315478182,0.8881819715002044,0.5962404330831639,0.9560597113863174,0.44529621158266836,0.9843289206678549,0.3453458714084437,1.0,0.25092659314597204
images\5\5.9a16c519-c0f7-11ed-b1c2-8cc84b59e01a.jpg,5,0.6218175377566422,1.0,0.33246652081747197,0.8958523033010206,0.16105130071315354,0.7236956496436108,0.08985975520893563,0.573605712970847,0.0,0.4584529728345586,0.4130697673018945,0.49086621237231365,0.35914067339682315,0.2891233479900116,0.3354654714426904,0.1646461132942429,0.32424563022027414,0.05834893459289442,0.5866039420552528,0.4819817762962923,0.5844987440604571,0.25807035026506475,0.5861297673792757,0.11591019583721686,0.5888488560697153,0.0,0.7416921630490249,0.5151985814269355,0.7640088953965506,0.30812174264950126,0.7668952134151453,0.1795375938873504,0.7643919322381604,0.06734931690209572,0.8923915814434771,0.5840410977914705,0.9574859198494334,0.436650156639332,0.9850220127962678,0.3385759832822543,1.0,0.24636537657456328
images\5\5.9b4cb6c2-c0f7-11ed-b4d2-8cc84b59e01a.jpg,5,0.6178036673561486,1.0,0.32195366080499693,0.8935489369959934,0.1513659688079267,0.7180415587698832,0.08600222953946478,0.5657915937093022,0.0,0.45193048079311143,0.40981770615185353,0.494115267146353,0.35455992370593276,0.29256978759503743,0.3310299054701042,0.1662769178180355,0.32177882023425197,0.059550790343011625,0.5826168950978055,0.48461730876565484,0.5772844724819414,0.260231463636744,0.5768420012586802,0.11610814039504243,0.5802799597050479,0.0,0.7367605521869033,0.5170624538777414,0.7555385154016501,0.31011293666484774,0.7551188121151199,0.18027360458191535,0.7518260529633758,0.06843697507417394,0.8881570214383752,0.5860651359788779,0.9553078289483576,0.4376382555037374,0.9831568818236688,0.338221142932935,1.0,0.2455228583916473
images\5\5.9c816172-c0f7-11ed-bc6b-8cc84b59e01a.jpg,5,0.6130362932438891,1.0,0.3208138014079047,0.8970131650468178,0.14814687805350246,0.7207070586210944,0.08111361384064901,0.5692756318436193,0.0,0.4531228384447172,0.40150461842586754,0.49516506732942017,0.3506704628670226,0.2886858997368814,0.33439929643830574,0.16045654326643125,0.32857086426355436,0.052553298896588344,0.5740387123883376,0.48744676947550625,0.5734223145564953,0.2603365502403849,0.5763649630790721,0.11575851431996545,0.5798866782971966,0.0,0.7311767512101148,0.5219578121385537,0.7507274145540209,0.3075039513373012,0.750780806760582,0.1749632784875181,0.7468549602879185,0.06061938280510193,0.8847613867562151,0.5928521533221431,0.9519031717141112,0.4378147822747624,0.9811712166521177,0.3357252171098888,1.0,0.24040175442794778
images\5\5.9db67b21-c0f7-11ed-ba3f-8cc84b59e01a.jpg,5,0.6336995372187293,1.0,0.3331836383861743,0.9001900196867243,0.15613929268478985,0.7269126080629975,0.08798902178522419,0.5763378127763987,0.0,0.4606878370281606,0.4094266551827376,0.4945245798738908,0.3586848969650996,0.28974567034722815,0.3396832964144329,0.1628727781106451,0.3299658555044281,0.0552677679819681,0.586011380327889,0.486216211589489,0.582648292380132,0.2597017889240777,0.583297994790089,0.11548175411566663,0.5835833370647323,0.0,0.7437797579068345,0.5209159747781678,0.7610284789149618,0.30853741904191273,0.7618081218069102,0.17668247310907587,0.7555885381959169,0.06244765899169734,0.8983531799860051,0.5914526520014837,0.9624485176688327,0.4363566435561642,0.9877733030255939,0.3345715997603355,1.0,0.23998493537618762
images\5\5.9eeb8b7a-c0f7-11ed-af61-8cc84b59e01a.jpg,5,0.626844573835685,1.0,0.3291890233290497,0.895871323543477,0.15379126895569378,0.7214794650888394,0.0869732214816657,0.5697994792035879,0.0,0.45591830369168634,0.40891219782971655,0.4965139586806041,0.3580134393866994,0.2928963342386846,0.33540830936542887,0.16708085982042853,0.3246549771865478,0.06101860684821852,0.5823712536179709,0.48683189834140456,0.5755777794848626,0.2606068216633484,0.5718570579782416,0.11591669687879973,0.5707026057202675,0.0,0.7378781427901201,0.5185579011873087,0.7565937235121563,0.3075563639129629,0.755899750143547,0.17505866329821074,0.750530679134751,0.0616433284971416,0.8909862884924112,0.585888987233039,0.9586823272889512,0.4342150775309722,0.9853310782453888,0.33118551509942773,1.0,0.23547910366846184
images\5\5.a020f8a7-c0f7-11ed-b173-8cc84b59e01a.jpg,5,0.616392400608511,1.0,0.3274382215865934,0.8976935598396606,0.1544910500268372,0.7189753955213296,0.08743782431858821,0.5686995007489555,0.0,0.45725271447038823,0.409899832326993,0.4939863711071621,0.3589614377992734,0.29045740739863846,0.34138405582133646,0.165044625029567,0.33660733987184654,0.059097469741318916,0.5814025892374052,0.48578608081503677,0.5744141268502649,0.26019748613423294,0.5755096365559109,0.11619080991142189,0.580322624801528,0.0,0.7362624076082005,0.520050878914992,0.7541493995423645,0.3076131443661027,0.7534006357151709,0.1767153876698679,0.7497025887624108,0.0629659268659567,0.8879652407767972,0.5902824519379829,0.9534380307252257,0.4380520347619972,0.9821112808136394,0.3371402324727166,1.0,0.24173257091626468
images\5\5.a1565afd-c0f7-11ed-b3cf-8cc84b59e01a.jpg,5,0.5943479514135291,1.0,0.3122996191552131,0.8890750207902485,0.1489685220300979,0.7146920841707576,0.0827043728426946,0.5673833234095601,0.0,0.4526525376521956,0.40399923650077796,0.49074198889576065,0.36004288004660273,0.2868252709167512,0.3444699949545283,0.1627408490730699,0.3410226150020703,0.056809819635703813,0.5779870075871658,0.48466669782663724,0.5746697499626221,0.2600620173732642,0.5780486218020391,0.11663041497629471,0.5830044728473049,0.0,0.7348374095660593,0.5201346472002654,0.75594824922993,0.3138046120820754,0.7598295138983141,0.18353403289725181,0.759016033914532,0.07099776709457435,0.8872817488785567,0.5911376076232642,0.9529650871453359,0.442290492663972,0.9824421031042793,0.3429960853593524,1.0,0.25040649084766187
images\5\5.a289e1d7-c0f7-11ed-8f66-8cc84b59e01a.jpg,5,0.6202838267356066,1.0,0.3278827290418249,0.8903026893000623,0.14964038116657816,0.7133963304386329,0.08039900826866744,0.5616014205279982,0.0,0.4447398338593163,0.40839883985152975,0.49118934096410904,0.3637604038151745,0.28844731041668414,0.34836690199745357,0.16272872442758418,0.34623317966731476,0.05684672605323309,0.5855434062278377,0.48215921705993214,0.5817342842469013,0.2596386092294891,0.5825224238208497,0.11746865572612959,0.5874797647247674,0.0,0.7449993486993504,0.5146105591946716,0.7677400481480036,0.30623812742649176,0.7685321349986163,0.1759924695338122,0.7658808808391735,0.06390177944426556,0.898105438777081,0.5833643590413521,0.9629802465118136,0.4353537168647138,0.987023108673351,0.3355063792103661,1.0,0.24232887008790152
images\5\5.a3c1e6d8-c0f7-11ed-8bc1-8cc84b59e01a.jpg,5,0.6173991121961072,1.0,0.32006164573024287,0.8936083927332409,0.14531663688293897,0.7212577831032084,0.08076732249410545,0.57077983479351,0.0,0.4536133183021691,0.4074304180405966,0.49919209764258815,0.353360438720895,0.29575133328880326,0.3334568589656338,0.16913535817837558,0.32617792081772795,0.06197651630504176,0.5845371959974183,0.4895127185550816,0.5793372644926741,0.2642004288516563,0.5765570596216076,0.11897725377721616,0.5769776907439199,0.0,0.7427761654072613,0.5219610398403098,0.7599544243105469,0.31275340666251356,0.7556826913366673,0.18080314036826353,0.7490351389443828,0.0672137955916158,0.8958582323833275,0.5915137990904056,0.9628321031995187,0.4412205596155148,0.987630459313379,0.3405247094073368,1.0,0.24668148881227903
images\5\5.a4f6bd89-c0f7-11ed-a246-8cc84b59e01a.jpg,5,0.34551316331432846,1.0,0.6237966190131065,0.8972751053693355,0.8149498443069171,0.7436560329164339,0.9276110463751999,0.6118299930032163,1.0,0.5024249794457879,0.6140227042270961,0.5010520694333348,0.7139120400839091,0.30294101544303376,0.7694267795883615,0.1880007479320514,0.8121089211179465,0.08112232493657424,0.42848220452992786,0.48713065055241184,0.43895642507791743,0.2598541903681941,0.44237087351889526,0.12142853165905435,0.4456058442388597,0.0,0.2584450825349391,0.5262743611491058,0.23601202158080764,0.3236882422483246,0.2387112767069111,0.18657819230576503,0.250425890352464,0.06328284637327192,0.09699571545680093,0.6058075624653176,0.03904627027808767,0.46476506953169805,0.013346336704930828,0.3604886334743207,0.0,0.26080720056271217
images\5\5.a62bbb70-c0f7-11ed-9338-8cc84b59e01a.jpg,5,0.3117031692461298,1.0,0.6103535456950757,0.8964764219251035,0.8201710407537672,0.7435327875003822,0.9346729741891217,0.6146448395252977,1.0,0.5089273057612647,0.6037576807920967,0.49801242253288847,0.7132759713593793,0.3027499029489618,0.7755677385753204,0.1854443825747293,0.8277655939205386,0.07793962730548332,0.40787157296039595,0.48433563816037556,0.42069774517545633,0.2627329109103897,0.424426055739116,0.1231227920309748,0.4310135040240228,0.0,0.22829146924253704,0.5223893733977314,0.22090934146621508,0.31589024291944345,0.2276595947812948,0.17932321840699175,0.24346060181080398,0.05475276769177887,0.052753477759149556,0.6006914944377479,0.013388326929585066,0.4584267169695246,3.052594315742769e-05,0.35396111843562067,0.0,0.25226436980753786
images\5\5.a760ba94-c0f7-11ed-9aa6-8cc84b59e01a.jpg,5,0.3088655112515915,1.0,0.6011979191021892,0.8958803802596734,0.8075358347346102,0.7448228361057297,0.9296410082502674,0.6136951513113118,1.0,0.5050886484212058,0.5872381215247667,0.4997077473313576,0.7024778935338752,0.30011130325097857,0.7630543692910559,0.1832489540246668,0.8061291719432362,0.07445725670606752,0.39481945102893584,0.48687708547819114,0.4108873418977554,0.2588215756640526,0.42081546649817125,0.12002838092954542,0.42808639241304386,0.0,0.2199398379194976,0.5235840673081453,0.21039201917826308,0.31686300230490094,0.23062705352174503,0.17958541638191663,0.2551397367411577,0.058390823686040864,0.052118123684184184,0.5988746989424325,0.0103598813689034,0.45131742278395276,0.0,0.34523250297500624,0.001450890297156881,0.2451225525296766
images\5\5.a8959640-c0f7-11ed-a24d-8cc84b59e01a.jpg,5,0.32260107244012304,1.0,0.6249182225976333,0.8927284142804365,0.8381605992241601,0.7433936208426191,0.9643433590496286,0.6219286183039648,1.0,0.5198232696237042,0.6091036258751908,0.4963542783366076,0.7172957479919431,0.29623336343402046,0.777871341055604,0.17943943813913035,0.8268549303403737,0.06967180007929075,0.40932693582841584,0.4862429616655062,0.41652295642472714,0.26258531146994485,0.4236559260250281,0.12350779859218178,0.4337610205715599,0.0,0.22672786434552153,0.5252139232323063,0.21011223337831145,0.3206014177819402,0.2258805840189695,0.18340234608433825,0.24839825718709704,0.059820750757231325,0.05193135361890571,0.6026872254592682,0.011736995015584279,0.45795879162386105,0.0,0.3549017676995183,0.00023605042307999947,0.2555979013791609
images\5\5.a9ca9651-c0f7-11ed-9617-8cc84b59e01a.jpg,5,0.3161054782171067,1.0,0.6253456252425469,0.8931223670711061,0.8350769777686964,0.7466213978522016,0.9559533548942151,0.6273157615605698,1.0,0.5256876590758028,0.6060731004066577,0.4959980638781262,0.7121736970622278,0.3000094953345484,0.7723516486151404,0.18372221746168865,0.8212634356966989,0.07358189494454494,0.40925573257695624,0.4863623836532026,0.4161103780226001,0.26189151696075186,0.4234744207999871,0.12433978475697734,0.4323859420410348,0.0,0.226935012680853,0.5271633730207438,0.21171407966927355,0.32447874087232015,0.2210080724295503,0.18827117749096206,0.23641561505460026,0.062050853306344966,0.04781102492723919,0.6056124374986973,0.010611467056496581,0.45979327961907496,0.0,0.355964343860803,7.558210601458943e-06,0.2548059130458949
images\5\5.ab002979-c0f7-11ed-afc8-8cc84b59e01a.jpg,5,0.32722073140454394,1.0,0.6372161356949294,0.8916465592461171,0.8523356241449075,0.7458358443371531,0.9778809024494604,0.6232721773020766,1.0,0.5144384852539119,0.6043745080741864,0.49903856669187363,0.71064461430375,0.2997594089930778,0.773377371148452,0.18369705078238613,0.8243974073858864,0.07410784712931184,0.4078234032550302,0.4906132278517829,0.41513995784624974,0.26595404572159853,0.42294606115991484,0.12523948577744168,0.43263416038498315,0.0,0.22597407914128903,0.5307277063579781,0.21066178218449397,0.3278361933569891,0.2255026227239352,0.18965435402245362,0.2459450786288938,0.06510918503868303,0.05019927947725124,0.6085365598278168,0.012133729867358313,0.4629503810133209,0.0016977713449581897,0.35835076493514045,0.0,0.2583151649118725
images\5\5.ac3495e7-c0f7-11ed-a678-8cc84b59e01a.jpg,5,0.31526053729350034,1.0,0.6149727747884854,0.8969204505221388,0.8274248530434679,0.751606845936058,0.9568130090143274,0.6317076163200348,1.0,0.5301482694112107,0.5964894621509231,0.49986503966431683,0.7054850830312414,0.3008040364241003,0.7651728280976889,0.18358905687847843,0.813514785068351,0.07389376343030613,0.3996262081011949,0.4911761647193818,0.40897048267575076,0.26466317756223073,0.42112675890631684,0.1237959025808389,0.43520925169591373,0.0,0.2193945627488411,0.5336626131826452,0.2065481950886772,0.3265441857802051,0.22416415469813172,0.18813096878151264,0.24789250208275843,0.06334372118947379,0.047479571450477015,0.6150912530512137,0.009595525896337782,0.4690136911710234,0.0,0.36288695932610976,2.3268852901763218e-05,0.26145334169970563
images\5\5.ad6a3956-c0f7-11ed-bcdf-8cc84b59e01a.jpg,5,0.3092896796776264,1.0,0.6086994554321142,0.89433279170941,0.8239615163204944,0.7481750612134872,0.9513234389164223,0.6302092303199575,1.0,0.5255800305505844,0.587685751907311,0.49486424458438477,0.6941664405904889,0.2946437262727538,0.7581803624717957,0.17731038794749493,0.8119937272131755,0.0668574830212132,0.3932470935426027,0.4870864345670877,0.4017705403992616,0.26221485185212917,0.4167842042228824,0.12271619405611424,0.43343249806456735,0.0,0.21482614190525975,0.5286362589761061,0.19539902996777586,0.32340704535413967,0.2141739838151513,0.18643016795333547,0.2394713125872599,0.06374603141917948,0.044855189937073624,0.6085448973784903,0.007910328262610088,0.461216716336326,0.0,0.3574963590142944,0.0011620536098300128,0.25826358677339406
images\5\5.aea1ab6f-c0f7-11ed-ab67-8cc84b59e01a.jpg,5,0.3221496182160845,1.0,0.6217063097377297,0.894790100780683,0.8431908582602977,0.7492994926732492,0.976378632937852,0.6336195242004307,1.0,0.5304151194929843,0.5989509132673487,0.49378798016925435,0.6987066870955138,0.29453521892986295,0.7628093712031883,0.17896781437768514,0.8169726491826901,0.07085376600583522,0.4023223683841037,0.488568263519333,0.4148421689701716,0.264269217620408,0.42841808995984926,0.12408791311829215,0.4431088344244438,0.0,0.21885146839247457,0.5333304089923022,0.20504167115742933,0.32760580254245925,0.22362112636618361,0.18958549322608892,0.2514996027179388,0.06447568538082463,0.04321388484088793,0.6166360655265914,0.006277484470430099,0.47022823553385357,0.0,0.36581974501138753,0.006320141144113499,0.2653245333877354
images\5\5.afd6446d-c0f7-11ed-9d46-8cc84b59e01a.jpg,5,0.3176275044812167,1.0,0.6251273648016726,0.8978765738311681,0.8428687452242417,0.7518498071510086,0.9727942035823282,0.6328861588223899,1.0,0.5406877835100627,0.5987206433410375,0.49580507125070183,0.7001664548306045,0.2939013470582965,0.767000485032156,0.17651463733929837,0.8234121269915131,0.06778795663559538,0.4015101315578871,0.49087748988146696,0.4145947984147519,0.26471742920544716,0.43100626763032507,0.1235999510314126,0.44850197400260033,0.0,0.21819294347040644,0.5363291570883203,0.2043681774640079,0.3281718534751046,0.22574184683078585,0.18853117221135857,0.256814809756461,0.0644065912469119,0.042464065919027974,0.6194249568124264,0.002596959871349067,0.47244766482221445,0.0,0.36761924015199027,0.012071821467139948,0.2678759969024085
images\5\5.b10da5c8-c0f7-11ed-a154-8cc84b59e01a.jpg,5,0.3161054782171067,1.0,0.6253456252425469,0.8931223670711061,0.8350769777686964,0.7466213978522016,0.9559533548942151,0.6273157615605698,1.0,0.5256876590758028,0.6060731004066577,0.4959980638781262,0.7121736970622278,0.3000094953345484,0.7723516486151404,0.18372221746168865,0.8212634356966989,0.07358189494454494,0.40925573257695624,0.4863623836532026,0.4161103780226001,0.26189151696075186,0.4234744207999871,0.12433978475697734,0.4323859420410348,0.0,0.226935012680853,0.5271633730207438,0.21171407966927355,0.32447874087232015,0.2210080724295503,0.18827117749096206,0.23641561505460026,0.062050853306344966,0.04781102492723919,0.6056124374986973,0.010611467056496581,0.45979327961907496,0.0,0.355964343860803,7.558210601458943e-06,0.2548059130458949
images\5\5.b24771e9-c0f7-11ed-a684-8cc84b59e01a.jpg,5,0.6350672185706958,1.0,0.33785306151662275,0.8976534929428428,0.16376853431308228,0.7189718713693776,0.09202180577590628,0.572721991821952,0.0,0.4597542949297193,0.4242640550631628,0.5002824953773484,0.37253474251768437,0.2983276182753373,0.34888096288962317,0.17207763872954807,0.3376865360069664,0.06317146628509715,0.6015612362968353,0.49189467808708587,0.5932616812396369,0.2676135754142205,0.5900146723765671,0.1210037017576076,0.589718839092937,0.0,0.763660221159237,0.5259686659672842,0.7734895205830778,0.3150550718260974,0.7727704548436736,0.18247383224638142,0.7679235604967136,0.06681390668152704,0.9223356514893059,0.5981233943444562,0.9703303074041822,0.44719972764082044,0.989539430520929,0.34433050186451497,1.0,0.24867024903228857
images\5\5.b37cf7e4-c0f7-11ed-9474-8cc84b59e01a.jpg,5,0.6163318062467202,1.0,0.3190067511036976,0.8961972642945669,0.14747954171137345,0.7189116749820555,0.08479994718898545,0.5697368174199079,0.0,0.45279104999957154,0.419709797734771,0.4936876620875475,0.3669671887654134,0.29182510144187707,0.3409238004987388,0.16661829759233185,0.32798605865753827,0.0595852180094161,0.5965329377609756,0.48573467451164415,0.5945754860263682,0.26129143807164196,0.5967658993921471,0.11671253043140505,0.60065879827197,0.0,0.7543952971408863,0.5195109573903584,0.776578315051187,0.312896569470691,0.7823554764878571,0.18001263231914233,0.7820608063342602,0.0644336290216299,0.9070478308019285,0.5892386259909387,0.9656824077613057,0.4371972927832955,0.9891713502159559,0.3345797345082116,1.0,0.2391707510161559
images\5\5.b4b34c6c-c0f7-11ed-afb8-8cc84b59e01a.jpg,5,0.6249314476511979,1.0,0.32467942693143215,0.8955068286926054,0.15375492462632914,0.7160941127412819,0.09160289441097302,0.5669696662237491,0.0,0.45504495307341664,0.42698327032007893,0.49756596573011624,0.3772195942476101,0.2958771984610337,0.34899298295250847,0.17000255627579638,0.331745405781458,0.062369646767263046,0.6060507258313002,0.48909775073269457,0.6055643190595877,0.2649536910091764,0.6041491854139981,0.11917329901438271,0.6031182356030378,0.0,0.7655655011636943,0.5214995332068585,0.787661158578297,0.31523036549171624,0.7902273903210866,0.18222578021553978,0.7850353371612836,0.06763868608817132,0.9185050646378401,0.5895236341744123,0.9756254008980115,0.43851785225468864,0.9946582459512935,0.33736641369365133,1.0,0.24556360773402286
images\5\5.b5ea6a8b-c0f7-11ed-8f2e-8cc84b59e01a.jpg,5,0.6414499128296772,1.0,0.3340580149414055,0.8963382810355605,0.15854378277979977,0.7188594563208363,0.09212654366639104,0.5705160297181245,0.0,0.4566857340006322,0.4273130445114219,0.49657937254697015,0.3705618909291944,0.29434484780780384,0.3431135444980856,0.16862369490662388,0.32810861010011855,0.06093376365678429,0.6073780767244327,0.48820476082894226,0.6009849397809467,0.26559076554301436,0.5977178106306573,0.11970958948076992,0.5959942872522799,0.0,0.7685808574456064,0.5215098905098602,0.785318529331177,0.31677611672473505,0.7846866354195208,0.1833333757274542,0.7768507629524916,0.06724039015849004,0.9236683793594255,0.5911061605055291,0.9781712902905112,0.4379994075614308,0.9955461905720264,0.3341436776838196,1.0,0.23836865264623716
images\5\5.b71f37dc-c0f7-11ed-8dd3-8cc84b59e01a.jpg,5,0.6359217639472023,1.0,0.32553403348661436,0.8948977958793637,0.15125035772109124,0.7203754172010939,0.0886952294707296,0.5718096148181478,0.0,0.4590438991805579,0.4278652969379075,0.5012661574822508,0.36978021224131374,0.2997277030803879,0.3397213499707943,0.17370896701125138,0.32361802051848976,0.06632958132609064,0.6101408539047463,0.49169517589128536,0.6055806450348312,0.2669623121580343,0.5997679223166998,0.12069572558779257,0.5965621533045589,0.0,0.7709374644729053,0.5216264986188005,0.7861376706770631,0.31701438256557507,0.7835900104670172,0.18415041737504842,0.7772647175277454,0.06900732232857935,0.9233393900904397,0.5867806107893595,0.9747718425478367,0.4359302047793444,0.9925172588175799,0.33366554794536435,1.0,0.2399279132175337
images\5\5.b855c940-c0f7-11ed-846f-8cc84b59e01a.jpg,5,0.6354199013840479,1.0,0.32815004638645184,0.8908545891402416,0.15277104634098443,0.7162005337333875,0.08589329471504015,0.5678786989154195,0.0,0.4557026806769925,0.42346090333140823,0.49750258754639265,0.36475664767675947,0.29380597229821176,0.33519024249618123,0.16739511277394573,0.3180199998645651,0.059128566348294866,0.5999195129761141,0.48871300674880797,0.5934960293390681,0.26514478437035355,0.5879533562218308,0.12006777135758802,0.5846429404076784,0.0,0.7594594019388473,0.5203034306381881,0.7755481001869969,0.31324774589065324,0.7758407363014859,0.1790350330721322,0.7707474168212075,0.0628633890220608,0.9140341508764089,0.5880085339281705,0.9692470883915848,0.4349472927159369,0.9895458771199189,0.3302020568799002,1.0,0.23351432696519495
images\5\5.b98b12a7-c0f7-11ed-96f1-8cc84b59e01a.jpg,5,0.6435370555559896,1.0,0.33770469229747574,0.9011974935127685,0.15742898271053227,0.7259397398655779,0.08886682891005258,0.5777377332826245,0.0,0.46248368695884706,0.4280896231942936,0.5004947383356643,0.36731378469807885,0.2984400022533794,0.33770420400478135,0.17194173284410377,0.32007732603107886,0.064498311017319,0.6078750869160996,0.48908151179319215,0.6027626624061502,0.26557479057479644,0.5980828652234037,0.11972293718190592,0.5950613100307038,0.0,0.7683090228677235,0.519724433201442,0.7814025914669875,0.3145773779873348,0.7776730118674656,0.1810655819901688,0.7687460448291756,0.06487628970324816,0.9224532606232959,0.5866402182879505,0.9785243990093517,0.4338949873761664,0.9955692320913772,0.3310485530802925,1.0,0.2355330820176348
images\6\6.d78b30b2-c0c8-11ed-8916-8cc84b59e01a.jpg,6,1.0,0.9106744374704332,0.946564626503556,0.6543226312141839,0.7129413045009058,0.3990351398328207,0.578773853648544,0.18627930825940378,0.583051986710453,0.0,0.3188492635055981,0.431506710345105,0.0344945683137767,0.5339194302960967,0.13890841351231972,0.5938834286885897,0.28234269875106427,0.5886878635000155,0.2618712911217376,0.5925179732169967,0.0,0.6753038725755245,0.11831665738446864,0.7242801547278895,0.26500035208337336,0.7154203563212295,0.24389263377567807,0.7698310515822517,0.034111757664214884,0.8267590828951785,0.15370295686018448,0.8658425760833853,0.2920377945497494,0.8573999606310284,0.2599533969644012,0.9405090699916955,0.09513548808357819,0.9760981220003851,0.21770915352755532,1.0,0.33892121654407764,0.9861375657232233
images\6\6.d8c1e5ba-c0c8-11ed-85ed-8cc84b59e01a.jpg,6,1.0,0.9318250581700211,0.9486656312231337,0.6760338077020949,0.7182229468894804,0.41395377049050885,0.5715790084231828,0.19860033041074512,0.5858610400407304,0.0,0.3639343417092552,0.42032438826815743,0.04239303460142943,0.5134437980510576,0.13946264347445012,0.5892814266164051,0.28232485000032226,0.5884444530582374,0.2964025856013199,0.5802085901769022,0.0,0.6676486390745341,0.11651897632872969,0.7295839645628553,0.25715970534972,0.7165961591814599,0.26048515470428635,0.7603111589176625,0.021244207853473997,0.8221370174526215,0.13535932253636404,0.8690936746405267,0.26749566595990126,0.855437223573511,0.2554099776369976,0.9369412923345497,0.06583745255112233,0.970504219143509,0.1871647966384605,1.0,0.3095393994857154,0.9870243974920941
images\6\6.d9f6d039-c0c8-11ed-afd5-8cc84b59e01a.jpg,6,1.0,0.9295829667730494,0.9383321918950185,0.6746931774479984,0.7141537068529904,0.4092250469660938,0.5849531497284916,0.193734334230202,0.5894316919706868,0.0,0.3649030803444322,0.4248802926488877,0.047326725816256646,0.5162524446271003,0.13461661780284667,0.5943335309726494,0.2769886035720607,0.6005213539648802,0.29121938957417937,0.583820475005048,0.0,0.6651258648503827,0.11071118019591698,0.7333824220876562,0.2573994700648183,0.7277571933219316,0.2524842314785602,0.7602756390635178,0.015928194552389453,0.8193708648254103,0.12111622407075379,0.8685513038130118,0.256789634201083,0.8605915052196044,0.2453329280586058,0.9306824692499623,0.07038249726183056,0.9640810164226142,0.18377669875519098,1.0,0.30703087526516,0.9924811439962955
images\6\6.db303eea-c0c8-11ed-ab84-8cc84b59e01a.jpg,6,1.0,0.9174239063958427,0.9342427146016203,0.6631430070634572,0.706878659121615,0.40220162571294926,0.5683422382881264,0.19148334025131128,0.5694292765100578,0.0,0.34273411904110723,0.43208586646427727,0.042445021194402986,0.5274934445335989,0.14330839861773711,0.5929377531499346,0.2876602528674502,0.590784755007465,0.2775718307403798,0.5952228217803102,0.0,0.6734694240801166,0.1201515158214276,0.7296513552710364,0.27270131840492773,0.7201504678000759,0.24937642156618142,0.7716180877474897,0.027066683257526997,0.8259955302505495,0.13910362613464747,0.8651563878329974,0.2780392382268581,0.8529450294862494,0.25486909116404044,0.9407331015632732,0.08676851517905812,0.9702521015582893,0.2031763496864896,1.0,0.3279034058214971,0.9904047764662494
images\6\6.dc65c151-c0c8-11ed-9960-8cc84b59e01a.jpg,6,1.0,0.9129990252585184,0.9347359257474755,0.6620511244843759,0.705044854190857,0.402272630954399,0.5662717367648372,0.1897938209866079,0.5751155163672823,0.0,0.33653097398570153,0.42648754026106117,0.04204695128624786,0.5292298835960897,0.1384592450204992,0.5961487116460417,0.2730161565663491,0.5957976634457818,0.2707215542911201,0.5913541136915862,0.0,0.6744607136802848,0.11528049122603971,0.7318404955642199,0.26239733101524826,0.7261424959032604,0.2364931080161377,0.770959414024976,0.02426944467857327,0.8251801152737752,0.130052622375643,0.8670519720856642,0.26419816607938773,0.8611657343052495,0.23248510206828707,0.9429843335028536,0.07568853793327286,0.9672917726168277,0.1876749414083876,1.0,0.30675775466122535,0.9951414787817144
images\6\6.dd9a793c-c0c8-11ed-a180-8cc84b59e01a.jpg,6,1.0,0.9049801287198853,0.9407804626086689,0.6565205067812467,0.7156525526737095,0.3984719306298646,0.575829840597624,0.1900164510047798,0.5681899362955843,0.0,0.3467432113295695,0.42666331268268193,0.048087968114385274,0.5198130512260137,0.12128765665915439,0.5917076329293861,0.24792298935347343,0.5998320858017903,0.2808737706898014,0.5867386483229543,0.0,0.6658525372208014,0.10658732952837147,0.7243949660140373,0.25590788428872824,0.7232106800023363,0.24886609223905987,0.7655257029481017,0.016958506042796827,0.8221191660476488,0.12597104905419887,0.8633133276788604,0.2649945649520354,0.8584310593250251,0.2513773927702298,0.9387926589317203,0.07972560074625906,0.972856021279165,0.19242318337055206,1.0,0.3146276028483249,0.9908560936621528
images\6\6.ded0d1f7-c0c8-11ed-aeda-8cc84b59e01a.jpg,6,1.0,0.9202162855353222,0.9327871385447953,0.6600444462961773,0.7042087649942905,0.40537225361929424,0.5597654930010941,0.19103645175345368,0.561779178019554,0.0,0.3434067832166954,0.4273588349901242,0.0321542661104223,0.5262645550321272,0.1360839039611684,0.5934922261351848,0.2836758356541587,0.5956594597381101,0.27536483123611116,0.588765128794689,0.0,0.6702281138712131,0.11585849183408642,0.7245247657106781,0.2600166069344629,0.7191257482746518,0.24174583853085158,0.7668613810835603,0.020103560943806505,0.823751086618021,0.13166083162804487,0.8664104213641638,0.2658428521719031,0.8614718263162466,0.24230359033883422,0.9401542697467888,0.0708476696903347,0.9723598271580004,0.186026558533163,1.0,0.30419142946512356,0.9906683256937584
images\6\6.e009be38-c0c8-11ed-a580-8cc84b59e01a.jpg,6,1.0,0.914031155662997,0.9406028586872948,0.6630840271867436,0.7099670559027836,0.40142081652202394,0.5683604209124058,0.18959230496581847,0.5731509707565158,0.0,0.3349417470400457,0.43882452070523664,0.04152987265778696,0.5361617366462844,0.12978763262317136,0.6019099628364827,0.26006725061545477,0.6030497006331169,0.27177145639653516,0.5975391992687566,0.0,0.679457411231688,0.11437713706144709,0.7369473138339832,0.2562108422221844,0.7321821344862302,0.24261690802333524,0.7737401157283108,0.023680895766592047,0.8291249346472508,0.13106174857907688,0.8690475937807529,0.26193364126571433,0.8629300812248891,0.2435125736953084,0.9438065402979732,0.07567050352179527,0.9731829105832897,0.18472915259304673,1.0,0.3002902082927288,0.9911558893881285
images\6\6.e13ef61c-c0c8-11ed-9f3a-8cc84b59e01a.jpg,6,1.0,0.9133582111287998,0.9312141893283004,0.6509031520635712,0.7043441623465986,0.39834593206841606,0.5647462043636035,0.1908152486252212,0.5755242245708775,0.0,0.3253427211552987,0.4420344524078964,0.028089525962159325,0.531346235404186,0.13897966715556262,0.5860283686431799,0.27887211004811835,0.5765425547407402,0.26614806726749235,0.6087543981910675,0.0,0.6738611233653079,0.11130254754943299,0.72195085392216,0.25522535425833465,0.7152732046536111,0.2405552889043568,0.7871350114123867,0.026239752785655143,0.8242346810108256,0.13025857942264385,0.862388566727831,0.26282459471673675,0.8588611340211312,0.2464086545417923,0.955354941922211,0.07947969233338496,0.973254593903022,0.18795722447335325,1.0,0.30577158552077616,0.9941268653906673
images\6\6.e273240f-c0c8-11ed-bf0b-8cc84b59e01a.jpg,6,1.0,0.9144189492112358,0.9373514168286811,0.6600540577372975,0.7012697565250677,0.3980630766784718,0.5614422892889162,0.1878658375716999,0.5685371357193943,0.0,0.3304716382427899,0.4373211543266282,0.04520957782232475,0.5395909153648722,0.14648978553656153,0.6001743685256076,0.2850719243283537,0.5955303651081242,0.2670159210645606,0.5997924350617017,0.0,0.6811498538484252,0.12235383445316356,0.7327622385564103,0.2727955545929828,0.7243635461456344,0.24156286830997975,0.7773845070594793,0.028361757210061348,0.8333767216271134,0.14374603358483343,0.8684069740421525,0.27988158676753533,0.8573529180520345,0.25046589638464406,0.9468480006150072,0.09335870999586988,0.9762876276969902,0.21198474378217202,1.0,0.33232389116660455,0.9880223848652313
images\6\6.e3a9605d-c0c8-11ed-a414-8cc84b59e01a.jpg,6,1.0,0.9032193620857948,0.9259759545970034,0.6477694382282381,0.6951940418558874,0.3966630508498338,0.5527470111858835,0.19098031862414372,0.5641864380529868,0.0,0.34337952069063715,0.4360401723675656,0.04080112208550032,0.5356530638352309,0.14563443293715622,0.5932493459110019,0.2934889315208105,0.5858029829612663,0.2814631075673326,0.6015932959601571,0.0,0.6744867613788704,0.11267317136533725,0.726948817207316,0.2589270994139776,0.7205602121123439,0.25504089167328625,0.7806887342479772,0.02525878908689418,0.8288833084198296,0.13655121076322796,0.866586873358206,0.27078930671502727,0.856118295040139,0.26449818398005626,0.9541434982764996,0.08587438737428996,0.9755814951957535,0.1992001518762209,1.0,0.3174756323596269,0.9910073058192453
images\6\6.e4dddddd-c0c8-11ed-9d6f-8cc84b59e01a.jpg,6,0.0,0.8585243579952022,0.1101407665950383,0.6285357725576182,0.38902648711665366,0.37874610853692864,0.5380406950849692,0.18245166429704626,0.5553415182492631,0.0,0.5310302240944572,0.39563871068894785,1.0,0.5224674459293009,0.8847644515106724,0.5658059619411645,0.7019506456312317,0.5336203008962589,0.5024893666479168,0.5536977362107691,0.9863367858087114,0.670559812425838,0.8548530139808396,0.7053546294305666,0.675192394025804,0.675351315525349,0.4746408970166283,0.7387542012755962,0.949311249793721,0.8269571342202879,0.8110572666118955,0.8461148321607969,0.6229180011959748,0.8134235729124476,0.45130235273450603,0.9262986687761633,0.8482790560670882,0.9836878261692404,0.7546640357585834,1.0,0.6023482983975001,0.9748689582103487
images\6\6.e612eb90-c0c8-11ed-9a32-8cc84b59e01a.jpg,6,0.0,0.8758597719575065,0.08405248591550989,0.6318348950302455,0.359187559962778,0.3726527122328332,0.5348039163487258,0.18123831123475292,0.5771269460744626,0.0,0.5100867998245385,0.41006434886164456,0.981936884034349,0.5006946865563874,0.8786513102414449,0.5539065985039179,0.7029291548687628,0.5448563043154432,0.5024792343725794,0.5922032166842984,1.0,0.6740895692384247,0.8828726211115008,0.7072200676755297,0.6975986721540158,0.6898990298349805,0.48161759780652597,0.7935209446299472,0.9192581979615833,0.8404537207763397,0.8205305681783441,0.8572827472127674,0.6573473102496891,0.84176282254802,0.45239612377244837,0.9817352747017081,0.8071597059749978,0.9947016921278574,0.758515873798297,1.0,0.6482922222974112,0.9893606527457791
images\6\6.e747bbc6-c0c8-11ed-92e1-8cc84b59e01a.jpg,6,0.0,0.86401625929261,0.1026943431516231,0.6261914709294185,0.3957318775806262,0.3704779696223532,0.5600228673019062,0.18594478868194164,0.585474967409138,0.0,0.4924810526889733,0.42657457823475414,0.9932604245321208,0.5099869350391019,0.8731912278121907,0.5514969303223588,0.6824144830651437,0.5303569659996061,0.4583169070982815,0.6193151956917125,1.0,0.6943706069875342,0.8627512470445169,0.711431707973269,0.6645677435557663,0.6839930133006084,0.4279030651106768,0.8156872879030909,0.8947615042851407,0.861722017248177,0.7742736244508295,0.8591792259911896,0.6009097352911533,0.8310647051390491,0.40153296840379954,0.9970739496518983,0.7662733733070514,1.0,0.6796674327653408,0.9970838157275111,0.5395500230490506,0.9822175371011876
images\6\6.e87cbf42-c0c8-11ed-a5a6-8cc84b59e01a.jpg,6,0.0,0.9839203240158778,0.11203363500925174,0.7121121434224158,0.38595183435570896,0.41352593040306396,0.5395527703109895,0.1934707649203346,0.5472910138749715,0.0,0.4226223360355154,0.4419274915305658,0.9758330549856055,0.49376125191231063,0.8465347916986987,0.5462668443062629,0.647049425720037,0.5265301130864958,0.3905001245937449,0.6305735305242602,1.0,0.6636430306443982,0.8322105757998299,0.696975148878993,0.6420062950768681,0.6826644214777717,0.37439306940666867,0.8171985859386423,0.9251497334047317,0.8314803077570727,0.7548783311153879,0.8496860145662901,0.5737183191685268,0.8367808820284153,0.3663816032475669,0.9930543388236198,0.7938738757844546,0.9948217195371807,0.6661234025933171,1.0,0.4972128114180889,0.9945896748748546
images\6\6.e9b3f455-c0c8-11ed-88c9-8cc84b59e01a.jpg,6,0.0,0.9709547323077704,0.09627628027234829,0.7029207984055383,0.3843399732001497,0.4017546380116537,0.5509122036616924,0.1884041175971,0.5723181012027023,0.0,0.44382154705105065,0.4173285783114169,0.9800342545871313,0.4693660649865342,0.8618566444097702,0.5353777123031827,0.6732035121683196,0.5139138365264104,0.4150360324202354,0.6063891175296322,1.0,0.646504257215677,0.8461115534827286,0.6834781773544859,0.6648358920536941,0.6623631495855495,0.39742117617431777,0.8025742522389375,0.9110389484957815,0.8256752133767138,0.7555751343748502,0.8464894143084039,0.584950016776735,0.8285191779093091,0.38156734052622426,0.9875375140590906,0.793414362459033,0.9948696721304969,0.6961515100134572,1.0,0.5572151049279245,0.9912141101280221
images\6\6.eaead4e4-c0c8-11ed-8869-8cc84b59e01a.jpg,6,0.0,0.9615619659924565,0.09425769463542436,0.7034200673615383,0.38118624130963735,0.40808972972501373,0.544731073736124,0.1927751121601734,0.559737819688008,0.0,0.42005992526778557,0.4272377605322299,0.988000415582604,0.4692707100245596,0.8819531074607976,0.5335163904748421,0.6909467654668293,0.5216882659023951,0.3639333876303146,0.6144783287866477,1.0,0.6549138905710106,0.8681004750864768,0.6922970459034817,0.684706124249027,0.6800108819063323,0.33010663471814855,0.8117691941321779,0.8991373028253078,0.8309576751743029,0.7899607739426802,0.8460757521859981,0.6310465634152171,0.8334061040990761,0.2993836735613177,0.9959573559347038,0.7543783298374506,1.0,0.7216025213948754,0.9962262310255681,0.6251949859813526,0.9840419857575516
images\6\6.ec1f9d29-c0c8-11ed-a1ee-8cc84b59e01a.jpg,6,0.0,0.8830491281737061,0.07515155873273965,0.6268151993180161,0.3372208420267034,0.3653916391899078,0.5000078541405807,0.180433320074256,0.5215725315919715,0.0,0.43796363428189244,0.42229012281365624,0.9659255965045235,0.44011086499406055,0.8455289519330087,0.48304238889583906,0.6475878537984893,0.4897700473182516,0.4344900097077178,0.6208621705354899,1.0,0.6195154769065475,0.8714399362453229,0.6403313245895722,0.6715569454863302,0.6519530930767863,0.42929720102864805,0.8177559831425097,0.9191623925597203,0.7991788151187565,0.8072202939822273,0.8054149710346612,0.6381108732373126,0.8154045948706349,0.41893008453498776,1.0,0.8116022062804501,0.9601584737317279,0.7497398534103202,0.9577183903660861,0.6310812428810942,0.9653275773186892
images\6\6.ed538d9e-c0c8-11ed-be55-8cc84b59e01a.jpg,6,0.0,0.894384917502719,0.08831547649331048,0.6460236381939525,0.3694886322930716,0.3738952567335694,0.5333424010571166,0.1828465627521147,0.5561767984636092,0.0,0.4429018931123024,0.4323981605394947,0.9694545764144351,0.4747320097700516,0.8576343139280583,0.5158132679458062,0.6574110125774867,0.505509338109944,0.4146337833623881,0.6237078440440842,1.0,0.6580462118045006,0.8596271365824164,0.6775871082281508,0.6560754268492532,0.671339225297421,0.40547053699267904,0.819031927189476,0.9155189247202417,0.8275093270040068,0.7859643403109814,0.8284505551778656,0.604419165568676,0.8203876448035716,0.39773320749270863,1.0,0.8094255181667693,0.9747597746129383,0.7140704423699431,0.9713209005011157,0.5572368915150678,0.9710646706653329
images\6\6.ee8afe5d-c0c8-11ed-92d1-8cc84b59e01a.jpg,6,0.0,0.8789659923282023,0.08622286200858814,0.6416382360812378,0.36252987071571424,0.3755751370317874,0.5266702510950728,0.18483283608718493,0.5524415785877881,0.0,0.4632855321410453,0.4303573233950183,0.9676032279168804,0.47992665206315854,0.8469470912846313,0.5274323266163804,0.6493059854551299,0.5194211460119538,0.44129854713391153,0.6231997541852927,1.0,0.6624056140907334,0.8463263115093606,0.692352981990108,0.6314889161495514,0.6871024591382608,0.42385808422533067,0.8184725787746929,0.9085474132624081,0.8332583334159324,0.7764258190585599,0.8436412294700116,0.5923139186757802,0.8386765653341791,0.40675318727304893,1.0,0.7972371161468613,0.9754395424674642,0.7066936269023882,0.9791660141343457,0.5571063937212954,0.9819825749090585
images\6\6.efc2ac42-c0c8-11ed-81a6-8cc84b59e01a.jpg,6,0.0,0.8982189329702858,0.08606475020641588,0.652790809392552,0.3672852606740177,0.3812456850936441,0.5276271041144698,0.1880365631694396,0.5394206611624746,0.0,0.4415876895269146,0.42368285078091666,0.9672413918764288,0.4760096140751703,0.856908589434214,0.5137380302672054,0.6571820058799459,0.5042238221119781,0.4247134732391658,0.6195899610360749,1.0,0.6551165661220296,0.8644811629673771,0.6724946109311356,0.6614179131154864,0.670449113413798,0.41650126209558885,0.8183762412818661,0.9133115770936853,0.8244704975864156,0.7844865493893596,0.8298191064941586,0.6043475227838362,0.8306093585261365,0.4084115642870505,1.0,0.8062036865754885,0.9708269896726454,0.7082131482144115,0.9695081924504484,0.5490065487368806,0.9725997278722524
images\6\6.f0f9d4e9-c0c8-11ed-ad26-8cc84b59e01a.jpg,6,0.0,0.9288057513233349,0.07859710489842035,0.6760002735412484,0.3645201312116066,0.3921727673875585,0.5357481122773645,0.19142827665455892,0.5663545612724317,0.0,0.42088579705223533,0.4157846740214477,0.9734393261430025,0.4732224068230358,0.8706240465161621,0.5265455574648102,0.669980650640644,0.5154544875983434,0.378125115784998,0.6065113094680453,1.0,0.6530160887317212,0.86983158251428,0.6844745181701355,0.6738580766398663,0.6794167721104932,0.3549627203781956,0.8094666617650604,0.9148117385393986,0.8260020721144857,0.7959191161526322,0.8392972836010045,0.6229425343092307,0.8310266137451315,0.3342975038642962,1.0,0.7857487417880333,0.9887310492639092,0.7280952769792984,0.9875186923147163,0.6074195206582019,0.9796670307295131
images\6\6.f23477ad-c0c8-11ed-8dbf-8cc84b59e01a.jpg,6,0.0,0.9129303606405085,0.0900121521579997,0.6634782907503394,0.3677012227883613,0.38607655183010037,0.5350148025544774,0.1850299450865214,0.5482256767525973,0.0,0.4350447322017763,0.4441103388457466,0.9755157455186664,0.48710739904123584,0.8555083171965656,0.525829241713705,0.652885686777226,0.5182287233475301,0.4097934854336373,0.6333712641712362,1.0,0.658747271211284,0.8576993116181121,0.6763659545122227,0.661502901012199,0.6774138251782031,0.41193039013114957,0.8234091067978881,0.9395594211678332,0.8212367401703372,0.7905159077878384,0.8228968232495366,0.6004741865807001,0.8201284382145358,0.42504967239657143,1.0,0.8344180125992997,0.9732984543413957,0.7179833908487399,0.9766308647480588,0.5551747638983546,0.9810111458207024
images\6\6.f36fa4fd-c0c8-11ed-98ae-8cc84b59e01a.jpg,6,0.0,0.9109129931913146,0.1061204938029599,0.661126277554318,0.3838972554116468,0.3902405239088668,0.5531349640891595,0.19019480438891379,0.5811692670433701,0.0,0.46207110522423267,0.4171373735456929,0.9867013759351296,0.47674009413737234,0.8757082171305632,0.5328241732153274,0.6775206179749882,0.526829391325862,0.4222149211431695,0.6088242676969973,1.0,0.649798085465076,0.8731081280221205,0.6887465525199983,0.6826000062810753,0.6899852232269574,0.3956535648726374,0.8100141762539539,0.910178896760173,0.8258710829641142,0.7917081522491254,0.8420182405671462,0.6179722272934812,0.8364065898562718,0.36991910182002785,1.0,0.7781261895649251,0.9877217867124343,0.6919267129648643,0.9893804204354244,0.5449957947855341,0.9844397497196576
images\6\6.f4a38223-c0c8-11ed-a8c1-8cc84b59e01a.jpg,6,0.0,0.9235259172608985,0.09280778987046358,0.6773804617434092,0.3884393384297155,0.40155965173150787,0.5640020182089609,0.19549547428900635,0.5933302008325979,0.0,0.4399803033902096,0.4223858617961529,0.9916594567134056,0.4942059648340267,0.8862694170254305,0.5369212398217883,0.6899046205541752,0.5159063171640288,0.3903909673012004,0.6132221697798925,1.0,0.6646218147767945,0.8666640080867067,0.6857021684393548,0.6847543732195461,0.6703035400168444,0.3585389831625196,0.812755215828558,0.9015824908235645,0.8367161295805194,0.7810759966640601,0.8406974466348316,0.6191396950839967,0.8247211103162752,0.3333841931238719,0.9997494471279579,0.77402821678061,1.0,0.7059979297753443,0.9948098052350389,0.5765000026007847,0.9876662555950491
images\6\6.f5d894f6-c0c8-11ed-94c8-8cc84b59e01a.jpg,6,0.0,0.9008123054688763,0.08664553567481986,0.6509294916943019,0.37175347671176523,0.37792179679709553,0.5496537123036459,0.1855406124880327,0.5757344887510011,0.0,0.45764445012145044,0.42943280275230455,0.9841207800809484,0.48341765170741724,0.8735394712982683,0.5281489669705948,0.6738474218020465,0.5181521264226487,0.4288948621201042,0.6227315810709826,1.0,0.6573387227059553,0.8672172279651634,0.6820122924172355,0.669800698805404,0.6769277233561498,0.4144509811223696,0.8199717161395476,0.9111005227988831,0.8274135388489249,0.7891604067814544,0.831718590709301,0.6123311066553575,0.8227678709988564,0.39830724675613055,1.0,0.795373711927757,0.9742815031988458,0.7080794197666773,0.9708148600887989,0.5624927563066683,0.9682709838947529
images\6\6.f70e0ffb-c0c8-11ed-8413-8cc84b59e01a.jpg,6,0.0,0.916497915950335,0.10021146350230624,0.6681391575980252,0.38654067371113227,0.39132220372491106,0.5563015727890334,0.1873623292362167,0.59724532536846,0.0,0.4333688471119238,0.42099364317819477,0.9871866142919391,0.48437413064527685,0.8800393494106044,0.5377416530938921,0.6925075282374119,0.5273224054652417,0.3999725820675928,0.6121698253304999,1.0,0.6617030806629092,0.8833136694224927,0.6861028531446474,0.7160121085073671,0.677212268854215,0.37604809724226695,0.8101595469808799,0.899175411080083,0.8343675860928862,0.8116506782699933,0.8413444391919019,0.6739381758007601,0.8294437610802073,0.3511934896443333,0.9913764014248311,0.7676405789717412,1.0,0.7395112915465333,0.9919516015340271,0.6502688000840529,0.97707125076203
images\6\6.f8443c1d-c0c8-11ed-83ba-8cc84b59e01a.jpg,6,0.0,0.8954974997220135,0.10691429319314778,0.646366057336402,0.3947045145208473,0.37525128773715843,0.5530013470473207,0.18381782968991114,0.5732365311934966,0.0,0.44703163613792163,0.42389051414290985,0.9893629227593452,0.4867766452997094,0.8696988740452859,0.5351606841586131,0.670873777209812,0.5270994775454958,0.3940073061264161,0.6139124410728757,1.0,0.6689125570672151,0.8649724537770485,0.693281367869248,0.678060251858199,0.6865940942082026,0.3631241673061545,0.8112232123072394,0.8992177721823325,0.8454967397590998,0.7796109177150232,0.8478298259044958,0.6142051561139773,0.8330377477579094,0.33719341866153535,0.9951606361609553,0.7736879797693773,1.0,0.6959764373738788,0.9925559632689924,0.5575256575847115,0.9814729041222788
images\6\6.f97db75f-c0c8-11ed-9a60-8cc84b59e01a.jpg,6,0.0,0.8502876671155425,0.1684243608416959,0.613013377132259,0.5124342924800932,0.3731495703334856,0.7086229870825388,0.1897281579285759,0.7679226877822768,0.0,0.4945980072104896,0.38687775666194124,1.0,0.5281486197263987,0.8950269030826523,0.5721711944752768,0.7181205731970431,0.5502295262505611,0.4214409426179619,0.5720595671700546,0.9897054547317736,0.6909213473218518,0.8503188652502638,0.704515423106931,0.6578450707488903,0.6727095299741009,0.377367012744493,0.7772348930389528,0.9023783780608436,0.845863991397992,0.7549412609773617,0.847855138524358,0.5702911772835964,0.8222392358539016,0.3509763075988195,0.9740563153838204,0.7744031209990905,1.0,0.6714227483211478,0.9988438882275399,0.5120795444866059,0.9844506713810467
images\6\6.fab2d888-c0c8-11ed-923c-8cc84b59e01a.jpg,6,1.0,0.8722421498663775,0.9207286910329536,0.6231224562865325,0.691897450660968,0.37190114507079214,0.5453658887669359,0.18081054538651295,0.5359563516175064,0.0,0.4484741197590038,0.47366910998644945,0.01848495711424621,0.48438909334565455,0.1476709374796713,0.5197373336592953,0.3232471650558269,0.5292445234510283,0.40569410976593806,0.6565029704177593,0.0,0.655144330802745,0.1423134362443789,0.6842403184225674,0.300223252286156,0.6861449841213104,0.3863712299360139,0.8351135716322264,0.03886250676469652,0.8153074990570814,0.1616197071007514,0.8294190007513462,0.3129889093579109,0.8298661025692216,0.39029150132664175,1.0,0.11559236596212323,0.956502910644789,0.21946599381869367,0.957409965469155,0.3496673361005729,0.9672512861648885
images\7\7.8f313472-c0c9-11ed-b209-8cc84b59e01a.jpg,7,0.3333927474441847,1.0,0.1778429376977032,0.8514068285028515,0.14100032090954936,0.6345697907243399,0.11045486636409481,0.462340765299488,0.0,0.3476948992819373,0.22245303259524138,0.5195771640654941,0.28118461467931966,0.28429788610097906,0.30598780543712467,0.1265009013593828,0.31654701324898,0.0,0.3303050474487691,0.5497412860017531,0.8063426397102645,0.4238394198869099,0.8767021500939807,0.5346465957117059,0.7868753495621876,0.6016874021422448,0.4740461192866639,0.6213130565672006,0.9243537340118279,0.5231242884312605,0.9297791225416037,0.6215562879522818,0.8063771145647091,0.6699693123069156,0.6236556182093247,0.7131375819619605,1.0,0.6367697874188878,0.9917828817677532,0.7202520999755833,0.8674368495851098,0.7649549102024028
images\7\7.9069971f-c0c9-11ed-8356-8cc84b59e01a.jpg,7,0.3425990640293382,1.0,0.19361684540542615,0.8545030951964537,0.1527406404778897,0.6405013141745469,0.11398811918016587,0.47261054195935237,0.0,0.3609046258758979,0.2372285614967855,0.5347504394719366,0.29466728464445735,0.2914139259626664,0.32130170920553197,0.12848466004659528,0.33498922844045975,0.0,0.35747518186924016,0.5676746683101175,0.8224227779922167,0.44164099545984387,0.847858640532504,0.541558360238362,0.7298866310886618,0.607639701797586,0.49864239234160196,0.639249293405623,0.9261566972236019,0.5465766223446996,0.8932383094076048,0.6329725329654077,0.7620116357936082,0.6735063583469131,0.6491921883867902,0.7291261240503042,1.0,0.6485507682237808,0.961695094383069,0.7257707454042448,0.8371774897653579,0.765505362652643
images\7\7.919e7e9e-c0c9-11ed-975e-8cc84b59e01a.jpg,7,0.3343175655770722,1.0,0.17795389915289392,0.8420072064466734,0.15102153236618548,0.625548224499762,0.1134548731144525,0.4576509571880377,0.0,0.3477290758094158,0.2199075187427479,0.521868130344563,0.27964645796634424,0.2832589529855609,0.3103566833602876,0.1269665604236984,0.3251656335860423,0.0,0.3356421082059267,0.5546717893339044,0.8191358646313676,0.43444829397619317,0.8574788373784803,0.5421533996466099,0.7338883010382912,0.6044899336199685,0.4799244428278553,0.6284283383733272,0.9237097263889473,0.5431387017612507,0.9098409196120988,0.6327087643516586,0.7752959460353152,0.6706872620894382,0.633445885012415,0.7202835747549454,1.0,0.6391991878497891,0.9832517690628927,0.7170824212305185,0.8604792552200131,0.7579853991659747
images\7\7.92d67e8c-c0c9-11ed-8ddd-8cc84b59e01a.jpg,7,0.3243843808923873,1.0,0.16573671951918698,0.8498951187431851,0.1264567685276776,0.6381437728892952,0.09706553576468531,0.46960063222128234,0.0,0.350792354669783,0.207229522456,0.5157120190497612,0.260040714627579,0.2817491944434937,0.28265362032512403,0.12513629673816848,0.2912508985980907,0.0,0.32212224322427196,0.5458128175163923,0.8142043763411588,0.4227747571106558,0.8706068805179313,0.5324673499024531,0.7549648627450376,0.5949163150251568,0.4729342447598303,0.6137096793909552,0.934969799018213,0.5107934181510584,0.9308070806641713,0.6087736594023969,0.7894560126849129,0.6557960340705173,0.6257711964224726,0.7002247979385576,1.0,0.6241846643555303,0.9826294780218405,0.7115912124664453,0.8476759278903669,0.7571632187055355
images\7\7.940cee33-c0c9-11ed-b6bb-8cc84b59e01a.jpg,7,0.3179323416673335,1.0,0.16400759676744864,0.855063357485558,0.12920920851405598,0.6415964959389698,0.09724790794505327,0.4676970160769639,0.0,0.34986370892419294,0.20264399814609887,0.5275382265066704,0.2645990938831831,0.28928587505670267,0.29541944512799917,0.1278771992065873,0.3101464853627864,0.0,0.3093331390863649,0.5555103997693173,0.7968211936526532,0.43213919538684853,0.8634265165228182,0.5378685832307359,0.7667617269058723,0.5998211327190818,0.4548851351249345,0.6245159612762725,0.9263387566483038,0.5329949062804074,0.9254940842739969,0.6288277267580352,0.798324091505419,0.6704626908098671,0.6110717752612899,0.7142020684008378,1.0,0.6487222259123349,0.9805914065342466,0.7326714845197325,0.8497438053584989,0.7713240680375627
images\7\7.9543dae6-c0c9-11ed-93a5-8cc84b59e01a.jpg,7,0.3078616234741863,1.0,0.15508243758199355,0.8472525267150459,0.13436270096757152,0.6301207465397894,0.10818574812038959,0.458158112017624,0.0,0.34214564056697633,0.2031580046667241,0.5150356612987622,0.26240413281792535,0.27790826146548403,0.2951455244957278,0.12265201909633607,0.31132317102453727,0.0,0.3162323025427624,0.5457643406562022,0.802607938004682,0.415192577733506,0.8774100672261349,0.5235189846892692,0.7811529750937805,0.5875266554806051,0.4616729466452108,0.6159020465116564,0.9217073563030885,0.5118631207279065,0.9369317623096092,0.6090486746410884,0.8105387771841253,0.6546396649435489,0.6162892454192238,0.7073510019344983,1.0,0.6319770462749223,0.9934096433942833,0.7162048521604036,0.861229371547314,0.7588105508203672
images\7\7.967970b4-c0c9-11ed-89f5-8cc84b59e01a.jpg,7,0.34651060313156723,1.0,0.17493758019782557,0.859029701328985,0.13754206154069126,0.6354738052639392,0.11916564250124254,0.4569888084643572,0.0,0.3428005406831277,0.23695223009428665,0.529682261994319,0.3077492052500708,0.2861441596862046,0.34591916132380485,0.1262231632106039,0.3704504546708897,0.0,0.37209009532607257,0.563069980898342,0.8284368588291355,0.43580301813128997,0.8422347277354733,0.5389283342730261,0.7228158193115998,0.6063659166668505,0.5234874863942764,0.6349544267406823,0.9246731515430556,0.5558573007507351,0.8823942120684872,0.6442392633145111,0.7573459927255586,0.6861630060670849,0.6798122172260355,0.7247917837343126,1.0,0.6491005580482713,0.9564847421921263,0.7274548592934876,0.8354455906476068,0.768132786935361
images\7\7.97ae2ddd-c0c9-11ed-a31e-8cc84b59e01a.jpg,7,0.3281259142025973,1.0,0.16419505653746846,0.8639756417542382,0.1258535131726941,0.6439835568946,0.11073312461501282,0.46098876621137724,0.0,0.33723471768462804,0.23731854498013058,0.5297285978810881,0.3112658832764294,0.28349742358803937,0.35355296605934844,0.12481943010375343,0.3789945543052242,0.0,0.3651192074760649,0.5592000611596571,0.8297280059889923,0.43784020443045224,0.8492547375000682,0.5423894451695385,0.7262550809222612,0.6053298553383754,0.5096261785831745,0.6305106248017761,0.9296122599905877,0.558449074607106,0.8906990731234884,0.6469924155270614,0.7523715210332466,0.6837778614936404,0.662730697038029,0.7184881160829941,1.0,0.6539536248917348,0.9578451983581149,0.7323546560091666,0.8240337389591582,0.7676117246010116
images\7\7.98e31b8f-c0c9-11ed-92a8-8cc84b59e01a.jpg,7,0.3362913385653852,1.0,0.1754778499151213,0.8552095386319677,0.13678172446885842,0.6379310714365543,0.11223790633987937,0.46329426468962737,0.0,0.3455298455799074,0.24490782662929417,0.5244949342628402,0.31060665399281295,0.2792663476385664,0.34641273085434315,0.12253943020140166,0.3660453696634206,0.0,0.36696260139509995,0.5573615239128697,0.8355417413640766,0.4323456403796616,0.8474474531629854,0.5377709654218161,0.7196619931526053,0.6015705637636212,0.5098776267928293,0.6267637611104357,0.9278929949995132,0.546667581149928,0.8857248582975799,0.6339870561834633,0.753975097853912,0.6705588339848516,0.6617706159361144,0.7146224342544201,1.0,0.6526838501745734,0.9532420444970854,0.7309530028068308,0.8250481125742735,0.7655302681201643
images\7\7.9a184753-c0c9-11ed-8aa0-8cc84b59e01a.jpg,7,0.34118547005219907,1.0,0.1682481111170685,0.86070345331628,0.12561043951645184,0.6452055545404715,0.1068516120597656,0.46491351483037946,0.0,0.34627443815092274,0.22872468177087504,0.5364580668737439,0.3019844012459613,0.2912269322126804,0.3427139099784873,0.12867348803215786,0.3643338800266467,0.0,0.3576343774857347,0.5627513855898654,0.8172104098437113,0.44049515804860223,0.8366713942295333,0.5462759607771485,0.7121589930070752,0.6145243315670869,0.5104500928742088,0.6288147877459042,0.9230139278262,0.5461763810219867,0.8860956035134288,0.6365247579024301,0.7545256437846258,0.6786265911444058,0.669884518688318,0.7148858030330715,1.0,0.6535114806017419,0.951912900223941,0.7332690785066082,0.8242529116376636,0.7703474633047079
images\7\7.9b4cf242-c0c9-11ed-a1b0-8cc84b59e01a.jpg,7,0.3429370591828532,1.0,0.16428360004236778,0.856519143056324,0.12243199753918657,0.6379716206964465,0.10589296622330431,0.45943522747521737,0.0,0.3390739056086482,0.23478314807103276,0.5232983515744918,0.3046791003521459,0.2820758344509364,0.3403003179034334,0.1252434499079345,0.3531677169135944,0.0,0.36774143467164244,0.5573397607235191,0.8266555717256019,0.4254572794257865,0.8379414338010717,0.5312381791978892,0.7098148150835095,0.5995026275396163,0.5181212937262316,0.6324061135234665,0.9213312333231283,0.5555728536549529,0.8864463735648278,0.6398301243274843,0.7615067694133659,0.6801698131492648,0.676478120379627,0.7252065611899425,1.0,0.645546312534974,0.9666074436704425,0.7193318765415889,0.8459902234900313,0.7606519299364451
images\7\7.9c8045d5-c0c9-11ed-a533-8cc84b59e01a.jpg,7,0.32574149389941476,1.0,0.14852105354039685,0.8586114355099421,0.10869732940956034,0.6359046860377884,0.09802084596251842,0.4556972598395966,0.0,0.3348663176049312,0.21443235716621292,0.521531953070016,0.28477811210675014,0.2803798946627584,0.3281009012186475,0.12210860099459392,0.3495802518121732,0.0,0.35004537321767754,0.5535086891623292,0.7996304011580274,0.4261199235879628,0.8168990436721812,0.5355747530916712,0.6932906420953242,0.6033296467876782,0.5067986347621305,0.6237721869465348,0.9157623251661542,0.5379859086303839,0.8786631984628215,0.629767283583013,0.7478961155382146,0.6733209073542719,0.6677728914312586,0.713387419856302,1.0,0.6399269909280041,0.9571265343311768,0.7201896379709046,0.8288334858020405,0.7601027076775536
images\7\7.9db9c22b-c0c9-11ed-ad9e-8cc84b59e01a.jpg,7,0.4518276760079307,1.0,0.6074095117558062,0.8573189685623455,0.7384892856486229,0.6393918521135052,0.8538268421324201,0.4623904980572236,1.0,0.36223448722477336,0.6044257082752359,0.5494851642529142,0.5891134764602163,0.2894666195690569,0.5903328562964422,0.1273325091251619,0.5885654672342081,0.0,0.45379078265088196,0.5823283880843048,0.21718068231893306,0.40970711173907925,0.2117741324225151,0.495582538561168,0.2789366960381424,0.5714055692923584,0.28977915346808586,0.6358074296479453,0.08561576605936885,0.5007482632756388,0.10333117253216441,0.564667961850936,0.17135489350294733,0.628825797715766,0.1248236317710128,0.6959245849523137,0.0,0.5698277993641823,0.01855699206987948,0.6251845637583893,0.06905894835606129,0.6825432709290004
images\7\7.9ef073b7-c0c9-11ed-901a-8cc84b59e01a.jpg,7,0.4606614388121285,1.0,0.6213911361095781,0.8569946974194889,0.752618898517289,0.6300038899239271,0.8558831649753931,0.4507061820542893,1.0,0.35142450184113316,0.624133466472853,0.5457721206519863,0.5998595859704681,0.2881851603789312,0.5911283754150742,0.12667698130204236,0.5849140653548767,0.0,0.4618797193757871,0.5745961644765127,0.21764534305959293,0.3976716026779055,0.21442697196425858,0.4831092483672556,0.28142610771650634,0.5585954157392756,0.2902781270974795,0.6249420167354471,0.08361259757261195,0.4882035863343755,0.10169585014189791,0.5535946699267934,0.1668438829215591,0.6167325223963102,0.11976980972460084,0.6826924708036349,0.0,0.5592833180758623,0.02008064513711502,0.612667405654721,0.06618495021807043,0.6671860056330778
images\7\7.a024f890-c0c9-11ed-8891-8cc84b59e01a.jpg,7,0.4924037806810341,1.0,0.6353632975868008,0.8473978894044147,0.7458400110608483,0.6244944786951312,0.8521578715396714,0.45219145545409817,1.0,0.3453310782022038,0.6988028449228824,0.5416042856907457,0.6708372036565711,0.28570016171973756,0.6787355840601752,0.12569501823172297,0.696330381826455,0.0,0.5512528163295509,0.5760450578966076,0.22286440918907235,0.3954274156150176,0.20961151366800188,0.479707645082849,0.29178115358675916,0.5505380064923295,0.3755248872332236,0.634163235712991,0.08920989582420522,0.5094989748333957,0.11778440303550182,0.5794242235922497,0.20862746167162913,0.6315967882036397,0.19597759009820398,0.699281324077409,0.0,0.5871170926228022,0.0376964615022112,0.6523828944302027,0.11341393991440825,0.7008767469615756
images\7\7.a158a908-c0c9-11ed-93ef-8cc84b59e01a.jpg,7,0.4605259750076644,1.0,0.606978146312435,0.8530264602845686,0.7350326965088188,0.6231115424548778,0.844903446369233,0.44391912381908255,1.0,0.34361153940200284,0.6638038775644188,0.5461814204358284,0.6289613309650424,0.2921258214777601,0.6344429727953723,0.12886155968181484,0.6468843301898668,0.0,0.5167481896006009,0.5764386091567059,0.20988044708417733,0.3900326832066584,0.19867262473731667,0.4768366749714556,0.26768915157724443,0.5515759957969181,0.3472479459653827,0.6319090557283418,0.08170061598451817,0.4918989783336013,0.11217760495437787,0.5622002912733425,0.19721804117284608,0.6236206456917683,0.17617325867073347,0.6957208288351887,0.0,0.571757243527251,0.030293283799191578,0.6365558221086876,0.09702102490620496,0.6924821646685843
images\7\7.a28ceca7-c0c9-11ed-a94a-8cc84b59e01a.jpg,7,0.4468262299467573,1.0,0.579004178576725,0.8630811011889274,0.7185965565270996,0.6330257360582846,0.8386487814665438,0.44639121579971375,1.0,0.34396408864011235,0.630824345661637,0.5486699611977233,0.6080122827474506,0.29494636698110316,0.6014079797148565,0.12957593444083418,0.6023309304820921,0.0,0.49395022346807327,0.5770816489228049,0.1897777532226219,0.3897188983352994,0.167797334667066,0.4755186448076642,0.23303372812208306,0.5494276299923847,0.33995062475101556,0.6295963034802511,0.06628961578612201,0.5092658314270192,0.08697778695365183,0.582549769591968,0.171346653213026,0.6378711885735934,0.18432263148559017,0.6899258299342809,0.0,0.5876229985188586,0.027910100989540474,0.6562624983385108,0.09973218725374167,0.7064812499275189
images\7\7.a3c1cca8-c0c9-11ed-bc20-8cc84b59e01a.jpg,7,0.5234045898797519,1.0,0.6842224861057644,0.8506078729941522,0.7888018669787247,0.6109016376068392,0.8611434573527389,0.4075442995793715,1.0,0.28107625290158733,0.6362224746001437,0.5806176677769392,0.5937341348276578,0.30167191569092655,0.583341682898381,0.12731640204650327,0.5795364385405696,0.0,0.4513151643601892,0.62777064927037,0.21215405834404394,0.3707327749600593,0.243463968470764,0.44590982785928046,0.31931189676390037,0.544732876506373,0.27876177468447033,0.6983192113302025,0.08435202021921084,0.509601056081663,0.15047841809220508,0.5754294398537733,0.23134183822426085,0.6529371285364366,0.11979796129988586,0.7734804900447642,0.0,0.5984198210517339,0.0653809295295112,0.6544159583482654,0.12524299631292796,0.7224808257391314
images\7\7.a4f8edd4-c0c9-11ed-9593-8cc84b59e01a.jpg,7,0.5233359838459218,1.0,0.6755449472613555,0.8492187019417269,0.7802607991997887,0.6047637400368334,0.86790660080658,0.4052696661515343,1.0,0.2787700597193679,0.6334547136978116,0.5758217533164524,0.5943353020179486,0.3002883653313816,0.5758894202401758,0.12815572983294396,0.5674782573675821,0.0,0.44396671218430334,0.6287519191924265,0.22677078591912847,0.3686335852083775,0.24241302478744386,0.44034880027719225,0.30621990076031314,0.5357637036302396,0.27023146561170647,0.701900800819525,0.08657318692763445,0.4967955920402632,0.1407569695369002,0.5606670692315321,0.2141850657196001,0.6416684765346948,0.11248335234584413,0.7796429391922004,0.0,0.589978143489685,0.05393184342682244,0.6450841682788092,0.10717858086123865,0.7199341166191079
images\7\7.a62fed03-c0c9-11ed-9ab1-8cc84b59e01a.jpg,7,0.43221357576669706,1.0,0.621615950457064,0.8676337255794878,0.7673589849288159,0.6383754727048525,0.8680701847234069,0.44202653045268564,1.0,0.31849985391928387,0.5763476142494652,0.6338693741207152,0.5535506446113829,0.32501450519786734,0.5560275019856619,0.1401789637367767,0.5469176449574524,0.0,0.37455040935024514,0.6815426672281287,0.23662019466722126,0.35329564039362693,0.3063678863998803,0.41657122269330776,0.36508538656216494,0.5290026230518571,0.20399207967951563,0.7415018286379471,0.106745296534467,0.4719070094511251,0.19236670637301337,0.5295083046544197,0.24235721736930085,0.6175986342024564,0.05827240593585764,0.7961586486870795,0.0,0.5585351601881355,0.08164636488464969,0.6101599480967672,0.11729400902757765,0.687706633344718
images\7\7.a7653c86-c0c9-11ed-a642-8cc84b59e01a.jpg,7,0.41325526354777625,1.0,0.6091292098110962,0.8712278284620736,0.75732713489448,0.6504111722035562,0.8580916062530528,0.45582573516078523,1.0,0.3393736373541434,0.5607261087656699,0.6279327000796207,0.5362346807965841,0.32137301711341215,0.5431865520104879,0.13990296608776787,0.5339492762193839,0.0,0.3579758212744731,0.6640564682902486,0.23015459992139903,0.36552905930677476,0.2956507178046172,0.4358700374313269,0.3459846059928479,0.5397905446603511,0.18740587282991353,0.7174629068541073,0.099812254034733,0.47268604259359004,0.18188263885171183,0.5338982577138248,0.22632933812907244,0.6173707203892626,0.04472184422645882,0.7709116040690833,0.0,0.5571349260596581,0.0720593416690218,0.608740341159233,0.10035839393369712,0.6781265867955801
images\7\7.a89ca026-c0c9-11ed-995f-8cc84b59e01a.jpg,7,0.3826295082103142,1.0,0.20604115988113883,0.820874355517291,0.15094996698876373,0.5698263990594162,0.12946260609458937,0.36625624658941086,0.0,0.25274919617624747,0.34598107632177094,0.5789708028337656,0.4370143539281298,0.29384542891545246,0.4665677020551956,0.12645761762522795,0.49202444386172384,0.0,0.573018574391365,0.6388823143396006,0.7700549738138498,0.3514660337157839,0.671067387489726,0.40726357273316416,0.5838858526382559,0.5016919886266838,0.7623647031631708,0.7094674230615539,0.8708120556827522,0.4762012662702073,0.7668447995124494,0.5261374577663636,0.6989960852923283,0.6017717402456849,0.925867490721096,0.7770073607452391,1.0,0.5632888808365678,0.9113762317026024,0.5980254085438277,0.8537094368604397,0.6671872908742666
images\7\7.a9d5409b-c0c9-11ed-82af-8cc84b59e01a.jpg,7,0.4266685370865759,1.0,0.2493502291264389,0.8272842991901805,0.1748062440017784,0.5771966819652248,0.12619558090791383,0.3721416110937189,0.0,0.2568060863452985,0.3741324927446212,0.5912265131691643,0.4448233628449587,0.29743045259711237,0.4675619676617401,0.12658277071261353,0.49406691802309616,0.0,0.5981902937209403,0.6417870665162407,0.7592399493686333,0.34425816759895334,0.6819145898254158,0.3932115847691729,0.6208378781036342,0.4873247901616685,0.7887128160271981,0.704085866849383,0.8713566195610914,0.4586842944647572,0.775388574735028,0.5117697498085219,0.7189741596988524,0.5901706763852874,0.9491870925022667,0.7645976203555487,1.0,0.5420821101378052,0.9174964779593019,0.580690787984036,0.873788165443142,0.6536180991590715
images\7\7.ab0f1bfd-c0c9-11ed-997d-8cc84b59e01a.jpg,7,0.41867709764245986,1.0,0.241167002484712,0.8291883009727886,0.17396807483673696,0.5758987796578688,0.1304057729883341,0.3679021209816861,0.0,0.25163458739494077,0.3708260874019878,0.5951006566310448,0.4366188524743788,0.29814374782491904,0.4652453937367665,0.12709837582303565,0.4981314056053084,0.0,0.5949234707201067,0.6513264686071842,0.7581510324062123,0.3511480682784443,0.6737712820469249,0.39808962357181127,0.6106996302294716,0.4863778142489586,0.7790725424453935,0.7185978223476245,0.8661299242241554,0.4729745720863651,0.7600869736667507,0.5229159291571446,0.703070292385356,0.6000619632823863,0.9316635475530097,0.7840946595239962,1.0,0.5598035549248827,0.913143534288551,0.5939447742883834,0.8659140144204759,0.6654571926588739
images\7\7.ac433b75-c0c9-11ed-8ba7-8cc84b59e01a.jpg,7,0.41792829753306815,1.0,0.24505715068678127,0.8237675751549037,0.1750284462678298,0.580662940900958,0.128878720603041,0.38081017800781686,0.0,0.2659914576255054,0.3697476175630137,0.5967997781731187,0.4341647619747369,0.2952169549938607,0.4555208099590731,0.1264291820837887,0.48317897220109574,0.0,0.5918861613126786,0.6503033730263271,0.7543081450650442,0.3407611507706517,0.6690202271332715,0.38290170247760913,0.6118861712415679,0.46824119399969943,0.7757957508325374,0.7126732445847751,0.8728270625778177,0.4520548244554424,0.7614522291349356,0.4958547072776262,0.7042325365730637,0.5712110179197563,0.9282054426199559,0.7722569258378056,1.0,0.5440357681277797,0.9075630335536885,0.5695014261166674,0.8571279992692338,0.6354096986616817
images\7\7.ad798ca6-c0c9-11ed-ae81-8cc84b59e01a.jpg,7,0.41659560627648423,1.0,0.23962665678356965,0.8198004025120006,0.16038579960944338,0.5598328179862184,0.12096516028891656,0.34802788485554803,0.0,0.2287865598929018,0.3439861124033124,0.5776188728770173,0.4581451098020792,0.28874823534786304,0.5161414092793977,0.1262723743987272,0.5742166505066754,0.0,0.5691841139467774,0.6304206414271548,0.7425025201128457,0.3276214798200266,0.6587020079654277,0.386178881974007,0.5894306223762441,0.48758623395054157,0.7657088315570159,0.6942358752103555,0.873928743793269,0.4363143685264019,0.78639054482879,0.48637686067453784,0.7311538746430641,0.5723461444306014,0.9359700390428467,0.7572417152592568,1.0,0.5249760037103006,0.9199364057564939,0.558333949896045,0.8711158031900156,0.6343027519883526
images\7\7.aeaf7b18-c0c9-11ed-8160-8cc84b59e01a.jpg,7,0.4141237155219374,1.0,0.23927070587471175,0.8223872828051643,0.17008725479729678,0.5807364710744845,0.12203253932289003,0.37820498516055606,0.0,0.24950155185946624,0.3408299844144313,0.5870001814302721,0.42986780262393987,0.29836159732375794,0.4719426168376401,0.12938597980593752,0.5160254137093778,0.0,0.5512680103153919,0.642668228066584,0.741707832924097,0.35102149124041065,0.6725480227380581,0.4150731687912766,0.6074166204425028,0.511047114628034,0.7442351686379437,0.7135958218645793,0.8668069691356964,0.4667921963638269,0.7783405139430245,0.5271922258583738,0.7198449854309896,0.6079633821319318,0.9147327795392316,0.7863367481679908,1.0,0.5611509761821831,0.92279482120145,0.6013588836313997,0.8744432259016574,0.6734514635213579
images\7\7.afe33219-c0c9-11ed-a079-8cc84b59e01a.jpg,7,0.40146752362887445,1.0,0.2296286522522715,0.816211891279484,0.15546791361938908,0.5719077562105829,0.11371452236712548,0.37264288276578966,0.0,0.24778135700077566,0.3370420566889602,0.5822275163730881,0.425359654388067,0.2875179210760961,0.45982754487242555,0.12315298794031093,0.49735841170642714,0.0,0.5581005784011863,0.6400221031597406,0.7574414079928734,0.3442706113042901,0.6841953928747665,0.39434346977912893,0.617283291499605,0.4839549607383759,0.7524147505903882,0.7112803514076507,0.8767116426914023,0.46434056310818733,0.7838992390608804,0.5136633902518452,0.7245390726513685,0.5904658796849102,0.9224140056932514,0.7806155960029321,1.0,0.5585730138727041,0.9168422768022506,0.5892708617141116,0.8646514275457876,0.6565719159035158
images\7\7.b11ac311-c0c9-11ed-9020-8cc84b59e01a.jpg,7,0.43280218656358993,1.0,0.24999552326477328,0.8353133912215095,0.17661287942853152,0.592679579442681,0.1275039767280387,0.391048061459778,0.0,0.26253871607569645,0.35954867447022565,0.6022822487619877,0.4410767065251632,0.30253376041800734,0.48249520863225526,0.1309549383970853,0.526008066194142,0.0,0.5786408530967532,0.6547888853739537,0.7473270107540008,0.36001914904621635,0.6592147730749219,0.4202462673192418,0.5879050468064736,0.5173790825537996,0.7686221466487665,0.7204260903349038,0.871093985462086,0.4710739944645785,0.7713586298718544,0.5298108069422509,0.7148872001438609,0.6138053557187929,0.9350068840838317,0.7845568715847159,1.0,0.5620654026532014,0.9172739683773512,0.6018131452428693,0.8724110283552626,0.6749028414442134
images\7\7.b24ea8a8-c0c9-11ed-902c-8cc84b59e01a.jpg,7,0.4367967901278279,1.0,0.25817634000868195,0.8325977997644878,0.17780785897067963,0.5898994492178045,0.12525622552284219,0.3872991708852153,0.0,0.2629664313152131,0.35363423225346063,0.5993737034533109,0.43993545148925595,0.30505507339744176,0.4789727391751963,0.13289995361123513,0.5176554688331775,0.0,0.5733731907754074,0.6499065955950927,0.7425731687339661,0.35985578012689884,0.6605645451446869,0.4231844006446206,0.5893604665804125,0.5208660232676786,0.7668820860179717,0.7145805867358994,0.8635210903432307,0.4690200686862335,0.7701105089054654,0.5304598660030148,0.7131293934838617,0.6147632485251555,0.9375755960352334,0.7793780240700788,1.0,0.5587722022318686,0.9151870767338872,0.6019545004335083,0.8672422042737956,0.6779710750138154
images\8\8.00a21d95-c0ca-11ed-a1ee-8cc84b59e01a.jpg,8,0.5013003955501683,1.0,0.27530200550341677,0.8622407902565749,0.1673725932680253,0.6448238901177745,0.11933734141973162,0.4624186115415842,0.0,0.35926120654138327,0.380605304945352,0.6270555593479143,0.42466758314314634,0.33107341022300524,0.4400788720097296,0.16592231538514793,0.45899341711943964,0.040901316206718094,0.582396156369558,0.6638938068520985,0.6807326983834378,0.3288742455424856,0.7115922457885593,0.14166033665495553,0.7596758620707118,0.0,0.7743224358050766,0.7194698572830476,0.8761878089721342,0.43804600889735795,0.7842925992540736,0.4943763352935794,0.7192895340631215,0.5813298785751253,0.9405861921313852,0.7810159680899631,1.0,0.563750600927498,0.9236371168416353,0.595316178638498,0.8753959996282775,0.6640576851667613
images\8\8.01da020c-c0ca-11ed-87b2-8cc84b59e01a.jpg,8,0.5033152273135267,1.0,0.28297669678460075,0.8642609199092883,0.16933874971330581,0.637636743785063,0.11365625481531809,0.44798945236752885,0.0,0.3373786150038302,0.39629374978704535,0.614800057642862,0.42298186363680285,0.3080419377103143,0.43370715034370244,0.14024558893054795,0.44895724684076993,0.013911902492548143,0.5890198796672669,0.6508746293033051,0.677709711393672,0.31363885735667024,0.706902680609709,0.13130487764796897,0.7512735324436108,0.0,0.7785528338607828,0.70712394985071,0.8712927454038663,0.4280189816933349,0.7816338746153467,0.47400357486872347,0.7170021984549281,0.5602668763383636,0.9507722562412879,0.7711828669233628,1.0,0.540387167889892,0.924131183122701,0.574715514778568,0.8781317048934058,0.6548474360303282
images\8\8.deaaaf01-c0c9-11ed-8501-8cc84b59e01a.jpg,8,0.43882982553964606,1.0,0.26634129814085905,0.8684585129854109,0.1853630115518172,0.6607328232315045,0.13384655691651595,0.4864433620290628,0.0,0.3828313939342997,0.26909842603661493,0.597113330262773,0.2871092611377336,0.3450051790688426,0.27269366594446376,0.185711430803895,0.24073087208229685,0.06370812180346527,0.40985049096766274,0.6200967884055186,0.5254067278035772,0.3173569852244297,0.5696167935151255,0.14121203648191558,0.5816277891057784,0.0,0.5819950632321906,0.6786161207845196,0.863936424197158,0.4678436004120383,0.855237411344964,0.53298121954992,0.7798889467291341,0.6014535700695279,0.7692229083035502,0.7567733157447981,1.0,0.5731692499112997,0.9804820035678058,0.6220632049387418,0.8888225897935514,0.6809928030527201
images\8\8.dfe03072-c0c9-11ed-9dde-8cc84b59e01a.jpg,8,0.44396925940763776,1.0,0.27897420579458887,0.867896819949992,0.19614131361640594,0.6557064159946341,0.1388765831886082,0.47760352178545806,0.0,0.3716683623725921,0.26520337033789154,0.6075518581776657,0.29109142423315865,0.35288861971424407,0.28482577651211266,0.19249087644176277,0.2623990161718766,0.06630941279519788,0.40181144393124907,0.6282037167798473,0.5221339463422133,0.3264605122211106,0.5734626760542061,0.1474833978833628,0.5928798937863894,0.0,0.5729799786536746,0.682117542844286,0.8579830245247281,0.46528236687529273,0.8629341207187515,0.5280306557216986,0.796407991316156,0.5950289166207954,0.7640517922537663,0.7547066806096617,1.0,0.572455415197959,0.9898102074186049,0.6170296043368564,0.9043566215487556,0.6707122106392222
images\8\8.e1165dfb-c0c9-11ed-9739-8cc84b59e01a.jpg,8,0.4548563083446577,1.0,0.2775954154596424,0.8724734180488712,0.18994935470484106,0.659866688833094,0.14017247650874806,0.4810390370676659,0.0,0.37382343872332746,0.24424058521054898,0.6086193299771089,0.28654826844197706,0.3560925704103773,0.28204773798619637,0.19795045803511674,0.25696478157931196,0.07047360845279758,0.3815721650787829,0.636491054567776,0.499895998977857,0.3299285132721483,0.5450331168246685,0.1530540647685953,0.5592699633923145,0.0,0.5594826850940071,0.6905120586785115,0.8507138650386995,0.463130837336789,0.8411700435253548,0.5301084023547566,0.7636061823466609,0.5990360445999884,0.7570920437701028,0.7588804249133592,1.0,0.5737859263079969,0.9769411023838652,0.6212601613886414,0.8821150942397593,0.67554488914655
images\8\8.e2505923-c0c9-11ed-ae67-8cc84b59e01a.jpg,8,0.4598771715059901,1.0,0.28309251337633934,0.8735332456842538,0.1947852908408181,0.6612204359412015,0.13138660027784274,0.48848835587393546,0.0,0.38094803290929774,0.24515425773351857,0.6076251898300926,0.2730227776020247,0.3488137404776856,0.27134678073807134,0.18786331000941658,0.24802724784396793,0.062589733406007,0.38823432320536977,0.6320536829138632,0.5065451219344457,0.3132797318319087,0.5601017151974471,0.1420791765841395,0.5747716737961295,0.0,0.5691563621858795,0.6874146079682985,0.8599992434975173,0.47024450059910966,0.8495007083614157,0.5445315769159885,0.7625472814051689,0.6140442618515317,0.7629743614431317,0.7627578986403936,1.0,0.5782954251998013,0.9757334635434576,0.6311977319540274,0.8701061166664374,0.6895323583633635
images\8\8.e388638f-c0c9-11ed-af2f-8cc84b59e01a.jpg,8,0.463071055222375,1.0,0.27764485722020127,0.8725109690277598,0.18089122392112128,0.6613756917275693,0.11941840278946865,0.4826495139536523,0.0,0.3736825830250642,0.23709473446041587,0.5994435038388183,0.26297193157774945,0.34276524942074904,0.2682658210629664,0.18469952430668807,0.25461039424544146,0.06268011960351424,0.38438829532920227,0.6190836771142183,0.5063982561780562,0.3114753157949083,0.5662764795483409,0.14109412193417656,0.5827217790539349,0.0,0.5616529541135639,0.6701744063121284,0.8570299673942467,0.45375908075968885,0.8626723384426005,0.52898249053066,0.7834511997866687,0.5998890394950559,0.7524242195696471,0.7415426077958632,1.0,0.5621794041786928,0.9884041497251878,0.6139011495420899,0.8917168457671106,0.6689131934826683
images\8\8.e4bf437c-c0c9-11ed-a1b0-8cc84b59e01a.jpg,8,0.4671013621549119,1.0,0.28375535190705775,0.8767523539186789,0.18673674410489396,0.6658812118366086,0.11901578071391475,0.49267752047842867,0.0,0.3782043272691189,0.24083138749510985,0.6075180046652103,0.27222447135221783,0.3551155890422063,0.26887803854054637,0.1930963831342443,0.24352727649441058,0.0674756012852389,0.3869829216062332,0.6300736957885924,0.5059516750566031,0.32288678409356136,0.5511346520050653,0.14795760780088021,0.5594301931389267,0.0,0.5678013868271864,0.6826035731206735,0.8574184485910223,0.46744177920892677,0.8467507568663213,0.5408502199133763,0.7627317796615946,0.6095889779164203,0.7617605644362113,0.7547273339678466,1.0,0.5735704232930683,0.9761135578919246,0.6254375556422072,0.8722446453667241,0.6820640970274309
images\8\8.e5f49bd6-c0c9-11ed-94c1-8cc84b59e01a.jpg,8,0.5619796872973117,1.0,0.7060747342637599,0.8295966539853497,0.7964502369306606,0.5986450794215216,0.8705313198678377,0.4155176375063151,1.0,0.2953984160143937,0.5714533527659715,0.5338902303358724,0.450923177490697,0.28187769467553714,0.3628566995546263,0.12181795872322071,0.28024713025209014,0.0,0.4102621625677535,0.5980860330432093,0.2403318809725476,0.40946704036590303,0.2705010517533886,0.4692004885552,0.3189262195633761,0.5354164958121604,0.267162402423484,0.6886984987131917,0.12332552466851328,0.5188795533638879,0.16332674556724736,0.5572330772654681,0.21948579814982971,0.6180054251913936,0.14178271563488007,0.7752430098856679,0.03556935849402141,0.5789786041119019,0.011148840273379574,0.49023734742823016,0.0,0.42676711555231966
images\8\8.e729ef1a-c0c9-11ed-a139-8cc84b59e01a.jpg,8,0.37961489386739733,1.0,0.5643036594383685,0.8898390802439728,0.7295752486242355,0.7290716051584647,0.8577509148210517,0.5775690172950994,1.0,0.4835026806921586,0.5503006409528425,0.5843541241147041,0.5277508994048845,0.34097163063423186,0.512884061687279,0.19243148074702146,0.501063458596543,0.07722469026864809,0.39805571300029957,0.5878891801522653,0.3124219877708685,0.3044325487996533,0.2636835184215489,0.13121636748937487,0.2205095146014227,0.0,0.25278608680638165,0.6278245963446838,0.09706481316376235,0.4717486258861434,0.10857529435886473,0.5425631750784938,0.14765913210062234,0.619405859217834,0.10661615645148609,0.6851461153887975,0.0,0.5544744651718624,0.029205928646784264,0.6075295102994328,0.0783670579118596,0.6652528528556718
images\8\8.e85ee56e-c0c9-11ed-a696-8cc84b59e01a.jpg,8,0.3767789524173737,1.0,0.5568407884417192,0.8970802927374396,0.7242989648623598,0.7384200034449584,0.8630081864673741,0.5907620500023106,1.0,0.48695720899554257,0.5539074015258072,0.590440135445681,0.5397735271812755,0.34784469539425866,0.5326949228346048,0.19356701284297292,0.5251880035520065,0.07465004264186297,0.4041905897756662,0.5920701889265594,0.3397079317340662,0.31020248583155835,0.2940729457670843,0.13477191854773998,0.25144186830352805,0.0,0.2572357871129577,0.628420539093976,0.1004743354571912,0.476674585869789,0.10636340655565567,0.5445179473929648,0.1475731629061635,0.6179483382276949,0.1098788558390967,0.6813536900965849,0.0,0.5495304668758849,0.027085993557127024,0.6023118506568528,0.08029893893530551,0.6601572182381138
images\8\8.e9956237-c0c9-11ed-9199-8cc84b59e01a.jpg,8,0.352873334617404,1.0,0.5414315332038984,0.90141111386951,0.714770096903778,0.7417731046293413,0.8460087398693227,0.5888532576222976,1.0,0.4885699723973104,0.5506031429763905,0.5916137895631538,0.5452225906883621,0.34533394625890984,0.5433654795285248,0.19356885734963689,0.540937070170629,0.07692435137887216,0.40083363540355316,0.5943598574422069,0.3437858776444429,0.3075298853815146,0.3118666162446787,0.13242137861969722,0.27977643580487316,0.0,0.25789618523860586,0.6323619444748336,0.10690776879305808,0.482894011562834,0.11861702975637764,0.5562007695932811,0.1644847483504614,0.6313394667968257,0.11234215796525848,0.6873727162561327,0.0,0.5533255770897676,0.02451172428824895,0.6134992299859462,0.07718902469780128,0.6763529420427673
images\8\8.ead02f3f-c0c9-11ed-9aee-8cc84b59e01a.jpg,8,0.41067636624520537,1.0,0.5959441365566674,0.8912022719551185,0.7554015968195454,0.715430388244459,0.8559209922647465,0.5456409184227567,1.0,0.43683104709666026,0.6469732320258322,0.6004374749049854,0.6412034913018857,0.35159128460868144,0.6438843569352254,0.20069834426360636,0.6415146950218392,0.08543748678428227,0.47966797413802065,0.6030876140379499,0.4152951283255072,0.3121757776913669,0.3803672619625611,0.13583632757609812,0.3460059764180036,0.0,0.3138355888179277,0.6364219769103427,0.12041653786455452,0.47950544111392956,0.1395288411313918,0.5501904251283558,0.19994809311999248,0.6220179335144794,0.14183940997200056,0.6880800231672687,0.0,0.5596914867415168,0.03499764963984405,0.6210773571890733,0.10458850286363842,0.6813378622492577
images\8\8.ec04893f-c0c9-11ed-b0b5-8cc84b59e01a.jpg,8,0.4590714792706341,1.0,0.6411134554300066,0.8749388211649115,0.8015689621376941,0.687606872427094,0.8869524246655897,0.5117394078165904,1.0,0.38942608017018665,0.695571185250027,0.6029711158298954,0.6664509703897508,0.33839087608091845,0.655958148023244,0.1749528999183543,0.6537149473258734,0.04569941196261703,0.5263948934160081,0.6204514956458407,0.4356880143077854,0.33259198165106085,0.3916086640507152,0.14844188661947513,0.36333246486666804,0.0,0.35143193514258475,0.6640160919043288,0.11392841967880532,0.45523150403766455,0.11657917067926674,0.5177938260786182,0.1742263849101076,0.5933407496215642,0.17305517238860393,0.7255183503248368,0.0,0.5625043996104508,0.028820106870098897,0.6137668591686773,0.10460133118895115,0.6786075558563457
images\8\8.ed3c5c58-c0c9-11ed-aee9-8cc84b59e01a.jpg,8,0.4157841216842683,1.0,0.5768756348662384,0.8769488264279806,0.7294650686134165,0.6801102522949181,0.8577401852482932,0.5188625698164515,1.0,0.41410993558129505,0.627173724565009,0.6069488766580209,0.6052952151940141,0.34344578605651094,0.5994242238426905,0.18314798007823727,0.5919083921863795,0.057056831589513766,0.46848519889877205,0.62070080423582,0.3875390355557914,0.31990243739949037,0.3376665147819561,0.14090213681235406,0.298744735772569,0.0,0.3024558827792823,0.6617514369096152,0.11120613781978524,0.44739024537903455,0.12620525440871355,0.5173604272408613,0.1830446885661445,0.5997049117312788,0.1397714946494827,0.7201642152203895,0.0,0.5500953445476745,0.02987734534699457,0.5991671859307243,0.09353025833346552,0.6661534390261505
images\8\8.ee719835-c0c9-11ed-8ca2-8cc84b59e01a.jpg,8,0.4096024593372811,1.0,0.5711676220224973,0.8840581731980369,0.7288465263097166,0.6920871025837972,0.8576760196757971,0.5281976465765471,1.0,0.42210633035549244,0.6346823699417995,0.6143180499331844,0.6177554701161124,0.3546806223391455,0.6129999821428816,0.1941948601995857,0.6108340510521276,0.07026761935397155,0.47684907026226614,0.627154539291376,0.3953810503007551,0.32926868201901527,0.3559409945865459,0.14572810530390853,0.3260190576661296,0.0,0.3119630330178118,0.668683789676562,0.10680205109608366,0.4688008142895584,0.12029901057828217,0.5429384016455345,0.1755843741972882,0.6255993084762896,0.14713798470057046,0.7271486102589431,0.0,0.5670644662891581,0.030552705284745487,0.6218328973303525,0.09619519753406933,0.6877283247585931
images\8\8.efa6bd4f-c0c9-11ed-bfa9-8cc84b59e01a.jpg,8,0.4066030277201018,1.0,0.5781878006852011,0.8838841130665694,0.7382479845890392,0.6830286205283357,0.8544890377742762,0.5088126991446416,1.0,0.39687990530869177,0.6323704055742336,0.6183122587978869,0.6150997864121991,0.3534382569507093,0.6080939521682415,0.18948931840756672,0.6030602489615575,0.06226704182154764,0.4722242131599637,0.6311197139957883,0.38814041881733885,0.33536969690470414,0.3381664419051106,0.1497508723155269,0.2958000831415601,0.0,0.30609271055820625,0.670340735895164,0.09956036419090802,0.4597367570907892,0.118193887441324,0.5351772043812156,0.1754485398952681,0.6185047513213754,0.13957637500592687,0.7267960048418036,0.0,0.564385666009386,0.037257949446843984,0.621439323970547,0.1072189809755791,0.6890497759392389
images\8\8.f0e26d7b-c0c9-11ed-9cc4-8cc84b59e01a.jpg,8,0.42025778701497735,1.0,0.5882396116219816,0.8704377833040617,0.7390225993679874,0.6636998669389224,0.860515137611949,0.4913669588334567,1.0,0.37816589928828115,0.6505941094337987,0.6078537618934495,0.6297798044450591,0.3449236992902036,0.6254110901750122,0.185942488503056,0.6203140679344138,0.058594386168239185,0.48676902463692995,0.6225344221730014,0.4030294777691785,0.3259680571022895,0.35620891046544545,0.14525793114054902,0.31496117438385,0.0,0.3160989784701395,0.6648404296952778,0.10117529636041553,0.45295006982616925,0.11848720515925432,0.5297753341288619,0.17799393378972078,0.6166440320939475,0.1464066219914434,0.7244084000126333,0.0,0.563314690135217,0.03428035095942531,0.6192860291361192,0.10597136021007009,0.6863891837410074
images\8\8.f219bb4c-c0c9-11ed-ba7b-8cc84b59e01a.jpg,8,0.4087444086209103,1.0,0.5781740116424463,0.8730018790823542,0.7279721437094693,0.6690651330100555,0.8512363413246916,0.4974337664460024,1.0,0.38917029281269144,0.6296041977104365,0.6043382584769031,0.6107669245195677,0.3443346513698809,0.605368844092202,0.18560017073281523,0.5989648545086266,0.05941109542894604,0.46628734108693637,0.6183640452603232,0.3930671239931457,0.32929930467770824,0.3411155006064299,0.14754707314981885,0.29401587667419327,0.0,0.29677624598175417,0.6598705043203305,0.10092584528433876,0.4458921851300642,0.11843936218862533,0.5218268948802465,0.17219081245367063,0.6075265970385705,0.13266855209290435,0.7186343632582551,0.0,0.5561626832145613,0.03771235198755271,0.6131025609115928,0.10721081721997738,0.6818324641244715
images\8\8.f3507393-c0c9-11ed-acd9-8cc84b59e01a.jpg,8,0.4082760521886108,1.0,0.5721007294209047,0.8714367365101527,0.7237985578656746,0.6711068596011367,0.8514710243497656,0.4989753298436016,1.0,0.3909558303345533,0.6288983781209928,0.603612125507772,0.6029661353222665,0.3420391882043691,0.599810091598781,0.18479954915046037,0.5974281612996195,0.059000003996893084,0.4712120305022966,0.6210937364688516,0.38300097042636105,0.3294540377280061,0.3362325459003315,0.1466097686731514,0.3000435786873765,0.0,0.30567594999450043,0.664058471881191,0.10144672888348061,0.4634922453612725,0.11652161321896132,0.5348794203972113,0.1719729171684713,0.6151372999388476,0.14107270400882155,0.7230622063116271,0.0,0.5659163610153707,0.03198787036663181,0.6188613384529092,0.09838369015414046,0.6831918655232
images\8\8.f484f02a-c0c9-11ed-a954-8cc84b59e01a.jpg,8,0.3991154475299305,1.0,0.5689366442623706,0.8771931714582359,0.7331272559945693,0.6803022937317951,0.866641059642349,0.5121707970357762,1.0,0.3951712185340747,0.641196743541396,0.6109427960823551,0.6179539284487194,0.3541008552510204,0.6081259377138737,0.19858899067990504,0.5992659813087224,0.07297522586518249,0.48342602003009566,0.6242228204296051,0.38977702461549224,0.332191562223518,0.33810319667804367,0.14884330363094525,0.29547971263146033,0.0,0.31835507432605326,0.6670777509497178,0.1046326326370776,0.46536374764506344,0.13267398946152537,0.5444564893904973,0.20116269582018984,0.6271671139755639,0.15201691395762296,0.7268421697601231,0.0,0.5740203531159228,0.04291933398794064,0.635198743854272,0.11959858769119927,0.699224470063521
images\8\8.f5bc586d-c0c9-11ed-b6af-8cc84b59e01a.jpg,8,0.3924983346475363,1.0,0.5635727964153548,0.8792687058015012,0.731278448322618,0.690704923001616,0.8605860093704759,0.5249991490548025,1.0,0.41977072564824464,0.6306936627602157,0.6137640790908988,0.6168262484580713,0.35208735506242156,0.6086617797785185,0.1942240541406453,0.5999783052205149,0.06952384348443419,0.4645772925193341,0.6272190084408361,0.3907460639968181,0.33129457669663614,0.34411953267219886,0.1474231488430117,0.30461333922986317,0.0,0.2963971368453844,0.6701590538137743,0.10334085697160349,0.46908691689318016,0.12217943529601553,0.5421425881592732,0.17708641892897323,0.6247815231973064,0.1315602023177256,0.7311942462057299,0.0,0.5735573237206242,0.035850901237297776,0.6263278121847788,0.10235652588701748,0.6916531190788396
images\8\8.f6f19d85-c0c9-11ed-9ba1-8cc84b59e01a.jpg,8,0.5194657396262126,1.0,0.32867364569199436,0.8699390242068786,0.2198101237631306,0.6393562006758159,0.1404559019772458,0.4500167400254007,0.0,0.3397130037920668,0.36792291380081465,0.6011909475556054,0.4005191940562023,0.32390320255731453,0.4083917617667185,0.16566234867568355,0.4066069345175223,0.04546696150495835,0.5254052654487713,0.6299399363879035,0.6114687393446309,0.3070589278966008,0.6355956860944192,0.1365003723903854,0.6481090130389809,0.0,0.7067592908307235,0.6849148814816226,0.8695411623830726,0.43772384771989825,0.828611781058065,0.5032527773907413,0.7692292864832677,0.5766888630716042,0.8856785847038846,0.7546528750241828,1.0,0.5513728324423697,0.9525085392731023,0.5984055376404984,0.8876585134722939,0.6643454499708804
images\8\8.f82838c3-c0c9-11ed-aecb-8cc84b59e01a.jpg,8,0.5066258072344241,1.0,0.3125735946361641,0.866768392014356,0.200547789685082,0.6293290723077253,0.13087160741172826,0.43422067251076746,0.0,0.3188160231721354,0.3626273726512442,0.607495656756616,0.39044750583380616,0.3285174654047004,0.3935326726332695,0.16972583180387843,0.389357608268247,0.04811093169592292,0.5289096324907889,0.6379259365932426,0.6268774846279307,0.31216046867196334,0.6616973886797742,0.13744871602388709,0.6850636773648321,0.0,0.7135496968066931,0.6928737104320569,0.8743126410328778,0.4341341140447367,0.8237711305383988,0.503313733841143,0.7616982117449274,0.585580534098929,0.8935474081545578,0.7591634520026922,1.0,0.5538521326065486,0.9467853862923543,0.6032535259169836,0.8850018678268876,0.6730275649137428
images\8\8.f9608e5f-c0c9-11ed-b135-8cc84b59e01a.jpg,8,0.5134542685361374,1.0,0.30531724066741583,0.8625006880601137,0.1946484322505127,0.6342153290976631,0.1275772091546676,0.44544261149731174,0.0,0.33829610342323907,0.38512332430279506,0.6369237243365492,0.4108333349563632,0.33277494226848,0.40948800548454256,0.16704598338504606,0.4174828072444264,0.04179831153026714,0.5789357338594547,0.6720206282209256,0.6728719156751577,0.3215927441886621,0.7074551118624658,0.1387041022203551,0.7566596973763398,0.0,0.773071450969241,0.7232251682977167,0.8800964761424345,0.41950197077096807,0.8014691991126571,0.479141234257125,0.7438106566843836,0.5692522079283112,0.9452132466505532,0.7786150201795223,1.0,0.544751548939482,0.9322531907144512,0.586479326861557,0.8904050693066221,0.6640183997401694
images\8\8.fa952d8c-c0c9-11ed-a654-8cc84b59e01a.jpg,8,0.5129672746247272,1.0,0.2908069632081492,0.8662934399677339,0.17512231853464302,0.6472686545065731,0.11695226223073957,0.46701801108487073,0.0,0.3611523240517042,0.38665751453886293,0.6258722706085628,0.4210631452262478,0.3247631931851966,0.4304107417530599,0.16313452809011847,0.440789066557224,0.04312147428639167,0.5849100786115962,0.6608868321644024,0.692869706935534,0.3120144819767539,0.7305445086985645,0.13185758602392897,0.7850570143237566,0.0,0.7747509692162752,0.717139091726349,0.869727975856601,0.4360728453254135,0.7808613264512501,0.49977366007828977,0.7247589150322461,0.5887879444060979,0.9465442136389808,0.7843952261049627,1.0,0.557078394372696,0.9242167182938427,0.6043755273295124,0.881731356170087,0.6860319341189072
images\8\8.fbca4ed8-c0c9-11ed-86ff-8cc84b59e01a.jpg,8,0.514883151394115,1.0,0.2988128748132677,0.8690342966230005,0.18858754598705654,0.6487826301301145,0.12716300072349082,0.4582493860415815,0.0,0.35457822462109,0.4127238648547897,0.6424251393569089,0.42154787353965595,0.34174263766434887,0.4235226537951273,0.17695984993035158,0.4340124027708434,0.05018602543669009,0.6149954822127163,0.669149087987653,0.6942602647277013,0.32603077984611517,0.7201526548293943,0.14191989398255883,0.7615642581143452,0.0,0.8069174850893177,0.7167457008495715,0.8733806715096156,0.4341126877372167,0.7861222701986512,0.49246912909920254,0.7330403158259465,0.5790830337017644,0.9669270191954494,0.7745260231399018,1.0,0.5538255699806888,0.9290006723975475,0.5955533602060766,0.8935161381612023,0.6697773412705468
images\8\8.fcff81cf-c0c9-11ed-8f62-8cc84b59e01a.jpg,8,0.5165897836387561,1.0,0.29192436437932395,0.8673524734838325,0.18004749645772217,0.6483161597584585,0.12879744940839097,0.45173763579177517,0.0,0.3463647990373116,0.40555614077766167,0.6468499963691708,0.4242417352955367,0.33407752981108324,0.4321632006782177,0.1674204959564419,0.4441446759987278,0.0383054945065802,0.6070977926348409,0.6751894823524414,0.6986003423928242,0.327494367274917,0.7242075566404479,0.1426681209742873,0.7623780159252829,0.0,0.7994084288655794,0.7170536834144219,0.8701878007210104,0.42875646324637623,0.7763402365122514,0.4832016108037668,0.7178353720534804,0.5705087260927191,0.9632618612942772,0.7646983126771264,1.0,0.5382963556849152,0.9195076252756333,0.5783994811125256,0.874909153741047,0.655184848722862
images\8\8.fe3958ad-c0c9-11ed-b440-8cc84b59e01a.jpg,8,0.4947290472368359,1.0,0.2768030655188723,0.8559547685911064,0.16963695867458406,0.6271410539990477,0.11997190110100514,0.4376621202511551,0.0,0.3283385759796361,0.38504215468849656,0.6228675422174624,0.4280798789819982,0.31419108598701256,0.44142457360301174,0.14597228981372187,0.4595633258648083,0.019558212197792794,0.5897753482881355,0.6620705562392092,0.691859307696892,0.3160423470958969,0.7256360609299772,0.13450154869938616,0.7719619650462883,0.0,0.7830521541432562,0.7180749695493148,0.8811269484418172,0.41579685923111925,0.790245776606145,0.46697132829239485,0.7222464410385941,0.5542042275314352,0.9475377325355072,0.7793342437374994,1.0,0.5452300284792025,0.9243820080822375,0.5787033190933137,0.8761315322649158,0.6545570865326527
images\8\8.ff6d3e39-c0c9-11ed-b4ac-8cc84b59e01a.jpg,8,0.4965596255097528,1.0,0.28589726328231646,0.8565003797400342,0.17710150277171394,0.6391738754346196,0.1213207911575442,0.45539107414877966,0.0,0.3474248591525093,0.3951314855912729,0.6207800813887691,0.4284394541995261,0.3257620092483277,0.44123729431502384,0.16026166968474073,0.45875256988032187,0.03265425456474628,0.590026620354612,0.6585384389368828,0.6866510948433968,0.3206838031315362,0.7139320416990029,0.14052995154139603,0.7585726971678747,0.0,0.7785059420524449,0.7130387576861658,0.8803614498537368,0.4236790298791754,0.7837478171460499,0.4798069787940967,0.7195972505243136,0.5674618214839438,0.9447343990552018,0.7747352589952887,1.0,0.5514594941543269,0.9193628663450439,0.5853476012966827,0.8748883674748584,0.6557769132580824
images\9\9.2bd8269f-c0cb-11ed-ba51-8cc84b59e01a.jpg,9,0.41573651483463625,1.0,0.6621109558168736,0.8851501833568955,0.8366616070537802,0.7224218872381849,0.9435205574511943,0.5858484865880439,1.0,0.4747477322415271,0.5890872983308441,0.4882457965103325,0.6460676001409635,0.278372643092811,0.6761680246357844,0.14932246975754468,0.6859513771877785,0.03538043758519601,0.4131120750049653,0.4925342754313436,0.38951922490000795,0.26627507718113946,0.3668403138595097,0.123634990858912,0.3408832273187377,0.0,0.25388972724008657,0.5557972206033021,0.20420581627427467,0.34956298885847803,0.18610554447145242,0.2209798429036649,0.180543904389729,0.10485173340131176,0.1028488491209422,0.6609474623386201,0.0,0.5379447097959966,0.03667337245174481,0.5348979399227654,0.10265641663228946,0.558635774102748
images\9\9.2d0c67f2-c0cb-11ed-9c9e-8cc84b59e01a.jpg,9,0.4486409295224547,1.0,0.6892817279698383,0.8837758169308558,0.8530946866765164,0.7296375872505191,0.9432027542007648,0.602026207019941,1.0,0.5007593971688755,0.6073226958232523,0.4923159773047714,0.6598852158227064,0.28456909702788136,0.6881478530578572,0.1558339594022355,0.6999711455418209,0.04094094791449786,0.4268067312715042,0.4984940700917452,0.3977250637114086,0.2733372625919015,0.36858040834700784,0.1285158485813107,0.3397885602343071,0.0,0.26388004024609063,0.5633723567555672,0.1937528941219866,0.3543319086142595,0.17173020463056685,0.22894429345782408,0.16484970774650365,0.11457793192223076,0.1081549233680646,0.6697043872850353,0.0,0.5424126386488628,0.03454012268834404,0.5455192994150445,0.09571714566279153,0.5702486911927345
images\9\9.2e4482c0-c0cb-11ed-8563-8cc84b59e01a.jpg,9,0.44224416460289734,1.0,0.7102711568325718,0.8779899207592538,0.8810360595227522,0.7078563619635854,0.9627371572526765,0.5690086216376499,1.0,0.46757373215876485,0.6090946018964323,0.4828305877493997,0.6519160781475276,0.27645100018743113,0.6720467657477329,0.15330815956053528,0.6751681476061786,0.04168795460079212,0.42201116962904917,0.4885156096270704,0.39050462709264394,0.2633857070036768,0.3607239173090583,0.12802617106993594,0.32993745354127507,0.0,0.24866008556360386,0.5478435006453042,0.18334367483655492,0.3419051450528203,0.16501404007589274,0.2300071994576759,0.15081214533527718,0.11859680837667314,0.07814883668661862,0.6505143067568439,0.0,0.5203282983841412,0.05029635908599237,0.5609084045639774,0.10798402313274442,0.6203223231651455
images\9\9.2f7fd1f5-c0cb-11ed-855d-8cc84b59e01a.jpg,9,0.4613883426520149,1.0,0.71729863118681,0.8836979418193833,0.8689228931417272,0.7007438982156927,0.9288841443679463,0.5451746101593676,1.0,0.43806395038507484,0.6103188995068111,0.48289860172076354,0.6441732019163284,0.27121883181252066,0.6612873937422681,0.14443146652517602,0.6628727618531178,0.03280701935541265,0.4251879035392648,0.491689674783316,0.3930339249366318,0.2626992095163053,0.36411431338483496,0.1243494713163714,0.3361387592288464,0.0,0.2577851969279116,0.5570713818214168,0.19566019736562365,0.3424900474671479,0.18172514583315616,0.21989458099280684,0.17737803966021537,0.10447935465012836,0.09234904311138746,0.6629951643240221,0.0,0.5314191851155224,0.050405521475154716,0.5515440723254454,0.11977292998457753,0.5929433920900795
images\9\9.30b72099-c0cb-11ed-8fb9-8cc84b59e01a.jpg,9,0.45257340434625604,1.0,0.7145277516863742,0.8864486240856694,0.8740029850947129,0.7044553014540773,0.9384102538925481,0.5503708351577912,1.0,0.4408331028841121,0.6199305039646335,0.48900448095344545,0.6615368128867969,0.2796231924619651,0.6830957859524105,0.15238558613230185,0.6869799479290625,0.038812620936774615,0.432559363585184,0.4965265790547467,0.40531948961808584,0.26786292219556707,0.3808966399117979,0.12738539477276398,0.35626305418203597,0.0,0.2616673017490143,0.5572972653642573,0.20399780391930125,0.3468975515988727,0.1897618578264533,0.22281021392818737,0.18353029193269307,0.106779996000095,0.09081341961813816,0.660322492831868,0.0,0.5303516835027078,0.04983293886786208,0.546547373457863,0.11676056664464439,0.5837186202251134
images\9\9.31eea2b5-c0cb-11ed-91a0-8cc84b59e01a.jpg,9,0.440534394770619,1.0,0.7032835464877737,0.8745287789227738,0.8591963744734961,0.696166685071848,0.9278995148116076,0.5400022086217618,1.0,0.4327627727115094,0.6111965453916273,0.481107565691967,0.6573771571784054,0.2728008230022144,0.6762938485186508,0.14701322654453375,0.6798612192361615,0.033870183412475614,0.426660184864218,0.4862028948444181,0.398195277038314,0.2618840318584002,0.3702608697462565,0.12443529997539518,0.3431176032241663,0.0,0.2588644819978545,0.5438054940435021,0.19547279112728685,0.33405617261347764,0.18322032065887156,0.21353168306665193,0.1801112762295262,0.1023145968587199,0.0945034999304282,0.6442323005120515,0.0,0.513775018937963,0.047101081270332155,0.5326184373419818,0.11240152317400522,0.5765370748160935
images\9\9.332533a8-c0cb-11ed-aa3f-8cc84b59e01a.jpg,9,0.44395831483112025,1.0,0.7189404638959443,0.8825401918842727,0.8810595361040556,0.7005062216980592,0.9460950984148573,0.5471575010461812,1.0,0.4379177570651907,0.6147012537522488,0.4874560114044902,0.6581151340913531,0.27853484583548116,0.6817235350687775,0.1503744038416432,0.6868980986914389,0.036568324020688096,0.4248119625371419,0.49080301509701985,0.3950849663915229,0.2662914706309738,0.36610276150287874,0.1270095942136336,0.3364372730571408,0.0,0.2528236449402051,0.5452187920327654,0.19140272572488498,0.3401183945324254,0.17899288753783968,0.22003774982486043,0.17205550917667478,0.10873144641117664,0.08329918776341864,0.6428293860405578,0.0,0.5187042835322646,0.05390642405296158,0.5418630580384641,0.12230826420906528,0.5877035445607213
images\9\9.3459dbc1-c0cb-11ed-8a63-8cc84b59e01a.jpg,9,0.4510367458414451,1.0,0.7161851616154264,0.8807579307798966,0.874768098803841,0.6965043407281571,0.9397664716531712,0.5406365127918068,1.0,0.4287476226468638,0.6185613766983695,0.48190970209557904,0.6597054827540869,0.27407631620287737,0.6787056646062702,0.1473302114757696,0.6818808394233322,0.03473030807066318,0.4301574578135656,0.48855323224523095,0.40500226373246745,0.263796639292916,0.37832393367095307,0.12547415501882198,0.3524749447552105,0.0,0.2589492791058187,0.5493932024169773,0.20382565829201335,0.33860856576073545,0.19009542182666453,0.21706915188669942,0.18596438275263918,0.10360289597571952,0.09072361502309245,0.6539326166808233,0.0,0.5194844530167972,0.051930994533130714,0.5384034867716061,0.12217006173653565,0.5827572267832146
images\9\9.36c467c7-c0cb-11ed-97bd-8cc84b59e01a.jpg,9,0.4939597000672664,1.0,0.23634141818833992,0.8453585398122636,0.08233863112590288,0.6311092032266362,0.038873832228221245,0.46665465126187755,0.0,0.33684107140070946,0.4250456947094016,0.4569041702789561,0.4297955994985198,0.24081051573291234,0.45886347085244245,0.11357057956791751,0.48115693054881853,0.001113792017743859,0.6365072175710869,0.4774389104681647,0.7131813983341027,0.25472391440284303,0.7758060572793876,0.1158487723283494,0.8186181676692941,0.0,0.8044644241337546,0.5492388887844264,0.9257715555482214,0.36731612530000174,0.9695785490860407,0.25447007064017835,0.9926119829788564,0.1538459230371316,0.9447194981029476,0.6621915618252586,1.0,0.562537581479047,0.9017553977079039,0.5995593640343595,0.7969417873937753,0.6450688098628203
images\9\9.37fa1f39-c0cb-11ed-8b73-8cc84b59e01a.jpg,9,0.5109494019442227,1.0,0.2279109197002605,0.8506445669209746,0.061934640384212494,0.6448834566014274,0.030910082572448684,0.484869435125578,0.0,0.3564312591479606,0.42272302561151437,0.46253626802067277,0.42462136983104515,0.24198339118946155,0.4489007283100361,0.114182131847208,0.4661162131414039,0.0015071872207038587,0.6358688493868282,0.485831387705141,0.6952907803675407,0.2522501554343743,0.7494782315829671,0.11298014649689779,0.7836493115132035,0.0,0.8064497736572585,0.5580640486768649,0.9121307510548076,0.38101174824812506,0.9465316654423562,0.26330765158089714,0.9563544365564081,0.1624886257658381,0.954935650771846,0.6690415608849397,1.0,0.5655904725204979,0.9196750671160814,0.5811250048573242,0.8258181885685645,0.6105411625843555
images\9\9.392e0536-c0cb-11ed-878a-8cc84b59e01a.jpg,9,0.5291279153784261,1.0,0.2335197379571433,0.8573455889636848,0.05921208736902763,0.6559006527759109,0.020005566269832065,0.4954602458607036,0.0,0.36336858841165537,0.41575441688863357,0.4610915797620971,0.4146233223137842,0.2412730630567308,0.4328608842875977,0.11354585030423278,0.4451338848460088,0.0,0.6279996753009265,0.48388242388220193,0.680286930505478,0.25281183603860674,0.72389874384276,0.11562366796679273,0.7483051421985696,0.000984856799108532,0.799147754135007,0.5537474499977598,0.8971194553619056,0.36960368556761414,0.9236386277717615,0.25400591325121535,0.9248508971149952,0.1524990741277379,0.9528294312949249,0.6655249973179505,1.0,0.5550915575658253,0.9043212629723524,0.582361938162009,0.7928495733418492,0.6230421552415468
images\9\9.3a6375b8-c0cb-11ed-93fa-8cc84b59e01a.jpg,9,0.5328537034698475,1.0,0.23480223588179058,0.848388007597926,0.059576101540143436,0.6494955495417531,0.01984046479206491,0.49509422846093104,0.0,0.3679208459741341,0.4233632414359354,0.44893340569453305,0.4279682169613179,0.23937174507018955,0.4443443505963309,0.11823253695269713,0.455303107321323,0.005917850481226425,0.6408119090201628,0.4732163738401225,0.6939412271819838,0.2513162322957487,0.7437320406638349,0.11766640020143794,0.7793596252923984,0.0,0.8178374531626895,0.5459984582501138,0.8991901972056492,0.37620917764919,0.9174478013874648,0.26796379006451393,0.9209946491834727,0.1691665098025794,0.9783446250439367,0.6576814102611115,1.0,0.5697920919313187,0.8994318205130893,0.5985827635296294,0.7971677189437688,0.632864900499276
images\9\9.3b98ddd5-c0cb-11ed-9184-8cc84b59e01a.jpg,9,0.5430881193168668,1.0,0.23996162375552446,0.8501180565293407,0.059126378725000955,0.646054731541965,0.022285184028472117,0.48734104111836374,0.0,0.3632929301444156,0.4282101346538836,0.45840462791321607,0.4240732294238845,0.24753126897192337,0.4350729216050617,0.12390342789473556,0.43888628004322944,0.01074788588436215,0.6412059307924425,0.4798272475928707,0.6901549654321709,0.25570464712323837,0.7339560111174273,0.11822715000271534,0.7611177642916684,0.0,0.8123500506665289,0.548519490877671,0.899236744130659,0.37429958394496043,0.9157421242194995,0.26206340766342096,0.9110358665099861,0.16343919379508176,0.9658208764073724,0.6579531923895889,1.0,0.5600979873246275,0.8968087950802913,0.5849796268392381,0.7838514201232624,0.6219546643474144
images\9\9.3cd4115b-c0cb-11ed-82e1-8cc84b59e01a.jpg,9,0.5364236522561222,1.0,0.23574039408164796,0.8545164070884013,0.05341038208473983,0.6554895585279554,0.016378147693940436,0.49485979158141424,0.0,0.36523294663649347,0.4120572375291243,0.4679152964648382,0.402621570431599,0.25347850488178053,0.42021642256706243,0.1308082588452999,0.4284197510768018,0.0172507793921645,0.6300128705809971,0.4867844341785445,0.664820457924144,0.25488506738845695,0.7063355538419305,0.1172820865523832,0.7290561068124872,0.0,0.8107095741212575,0.55661624652622,0.8970762767004778,0.3854556465462697,0.9164078985546231,0.2748101027630829,0.9158096625461495,0.17605573331887123,0.9730531694323011,0.6657239595915772,1.0,0.5592138780286185,0.9002458699413766,0.5876662114391926,0.7932430139507166,0.6298561021024278
images\9\9.3e0cd050-c0cb-11ed-bb14-8cc84b59e01a.jpg,9,0.553513558816956,1.0,0.24098888102510616,0.8620877782546208,0.04942263279445727,0.6644151473005704,0.011194870744244953,0.4989760293219819,0.0,0.36635184480269767,0.4129111413245921,0.47371028304443324,0.4010834947478209,0.2556748600489051,0.41943306265365415,0.12981556718021608,0.42749199135811666,0.014561240532409921,0.6313910824703867,0.4922282196660154,0.6694591373016464,0.2621073909151204,0.7106836213961112,0.11997275316412317,0.7324359308649333,0.0,0.8135471764881174,0.560392548454343,0.8975568986068688,0.3862380281051534,0.916816285480146,0.2725799189554255,0.9192691648662743,0.17404844327143396,0.9791132757207778,0.6666889505855855,1.0,0.5639966384321682,0.9062676935111376,0.594937824702884,0.8101984466959696,0.637759854571068
images\9\9.3f41e9c3-c0cb-11ed-b2eb-8cc84b59e01a.jpg,9,0.540680358281203,1.0,0.23385792961140572,0.854533251197558,0.05803383401864417,0.6497009297483723,0.023135686069078055,0.4911866474199253,0.0,0.3628707475070668,0.41488722374048753,0.4611427292982601,0.4026100372217099,0.2540925375970382,0.4108337672139571,0.13129853187409526,0.4127603340781934,0.018543479349084197,0.6298267413139077,0.47857635409100524,0.6660587014245735,0.25569561544111713,0.69993105062691,0.11870008898042328,0.7160545261316299,0.0,0.8057576148901442,0.5429965460067608,0.8884795225837716,0.36622666817861876,0.8998422515004817,0.25262328794412314,0.8883134234983662,0.1512317812327926,0.9673825202615787,0.6494238747449858,1.0,0.5488798784717434,0.894611955574883,0.5751731338373854,0.7772903307060169,0.6125197805217665
images\9\9.407a5761-c0cb-11ed-a471-8cc84b59e01a.jpg,9,0.5377644782337454,1.0,0.22963075682507048,0.8590912764252046,0.051042236064250346,0.6533750375205745,0.0217857932611523,0.4916650723858467,0.0,0.36337954823579083,0.4016874013586928,0.4633659006422203,0.3854069021446051,0.2535704331276161,0.39534907242116624,0.13113131541361692,0.39642852381344246,0.019182084461699327,0.6184277247987408,0.4799650440186432,0.657056729584094,0.25408933030310027,0.6903923769032342,0.11788469721308717,0.7033090150281884,0.0,0.797819397851855,0.545231670993215,0.8803197346057496,0.3641200641890443,0.8853207023421981,0.25214836212384595,0.8675713584950939,0.15183834322337195,0.9634080689451305,0.6527644004789439,1.0,0.5413932337622499,0.8935807122080528,0.5701713082228607,0.7750975896696318,0.6137157903069925
images\9\9.41b01d26-c0cb-11ed-863e-8cc84b59e01a.jpg,9,0.5389657423430133,1.0,0.22143522335450663,0.8521678247294893,0.04082375161946978,0.6454180019590514,0.011732662196127387,0.48789571504869,0.0,0.36173455321339254,0.400982386939909,0.4543982580050808,0.3959040348818413,0.2538457133879588,0.40591864050846466,0.13808704554295415,0.40568832651371844,0.0281309520146503,0.6261965718024144,0.47230420030496323,0.669377346353624,0.2565352827939897,0.704347879990673,0.12303267035179176,0.7217454081445323,0.0,0.815168966071363,0.5377783736938553,0.886927749593851,0.36171478745595753,0.8885690348317731,0.254821775017998,0.8798399913787225,0.15581754127426375,0.9894637307910737,0.6432592552140336,1.0,0.5432928162475341,0.8786517046811916,0.580999157000634,0.7618043074915944,0.6291621947489514
images\9\9.42e574cc-c0cb-11ed-9817-8cc84b59e01a.jpg,9,0.5472373938021917,1.0,0.23226446853688743,0.8556355199083119,0.05205372339055744,0.6536414369979964,0.015800969680511107,0.4935265858675098,0.0,0.36140103585430555,0.4049790355167142,0.4632045659536918,0.38935177489927447,0.2515035304526081,0.39987170813131656,0.12726729483367302,0.40314268256424546,0.01365181756547435,0.6231730699448205,0.4795851263672024,0.6553747972028627,0.25402595017202945,0.6899110618961445,0.11799522070029768,0.7063356986171166,0.0,0.8026576081994423,0.5437690726824645,0.8837923825532423,0.36323425736867576,0.8893468586050366,0.2508681466386056,0.8719984267858438,0.1511062389579207,0.9689028001807324,0.6489836871750748,1.0,0.540442138205745,0.8908952571807159,0.5697516580130771,0.7698827814988143,0.6139382597257045
images\9\9.441caa87-c0cb-11ed-9ccd-8cc84b59e01a.jpg,9,0.5291631814414636,1.0,0.21870059933083677,0.8491988130685223,0.04084236294431825,0.641437518631481,0.013229786972803732,0.48548529624489595,0.0,0.3646088509176663,0.3967377332862668,0.4554828062503977,0.3932652979004236,0.25612734040557245,0.40010561191601696,0.13901043894899726,0.3957895282092209,0.02836936459718866,0.6228872820615139,0.47317117883541504,0.6651833676100436,0.2553811604601968,0.6952530273497453,0.12087419471593296,0.705988320338879,0.0,0.8137930505248941,0.5377907303867921,0.8885683973847381,0.3630630901588747,0.88694872690159,0.2559303096165961,0.8716278048069249,0.15952230570626127,0.989915069218491,0.6435168788686217,1.0,0.5453613775868986,0.8710541815028547,0.5859049124911178,0.7451246815335503,0.6383251278091465
images\9\9.45519c4d-c0cb-11ed-9c0f-8cc84b59e01a.jpg,9,0.5516154266444906,1.0,0.23086869348173003,0.8550137722373877,0.048788941494188415,0.6488742916181404,0.018431484873502574,0.4897378858742649,0.0,0.35936830516238094,0.4151301078555732,0.4613524932782033,0.4021518161665419,0.25693038293187415,0.4064020141384431,0.13827059314078904,0.40296921747544306,0.027589252519775124,0.637952356768232,0.4763941180941113,0.6708106377703911,0.2575161908517836,0.6980361668788797,0.1207286037354498,0.7067469305329235,0.0,0.8224915335420964,0.536648940431222,0.8954169203996505,0.36821088263506757,0.8981045243499421,0.2556349093866887,0.8821069505587742,0.15581669059605752,0.9938767110428606,0.6358597840398152,1.0,0.5401917226901976,0.8778581967587968,0.5759919400060388,0.7540271937573262,0.6239528067224129
images\9\9.468b995f-c0cb-11ed-97db-8cc84b59e01a.jpg,9,0.5563118088542014,1.0,0.23183518862538363,0.8530845111941278,0.04562878509042677,0.6456316871661948,0.011825856617465925,0.4875738458042441,0.0,0.36315443520356816,0.40317751971459126,0.4557456150255143,0.39685716135003046,0.25516089072906223,0.40521104731984925,0.13929975084828966,0.40122127581879674,0.028048131219765154,0.6256565492630515,0.4733011777692469,0.6646229955745416,0.25260427315425416,0.6922958768174955,0.12026620396506628,0.7018520074926556,0.0,0.8139950171328323,0.5379793098495589,0.8850148819443036,0.36119226630812584,0.8842222408991187,0.2558336634130672,0.872581382161181,0.15751872808326514,0.9888619683967591,0.6429389689183903,1.0,0.5407979568217055,0.8696281784133075,0.587321398382538,0.7455564282174416,0.6443378152973495
images\9\9.47c12326-c0cb-11ed-972b-8cc84b59e01a.jpg,9,0.5390053613524488,1.0,0.22189397724977214,0.8536481032793858,0.03963264055548521,0.6479894814703837,0.00912357786912578,0.49053696651598677,0.0,0.3665874993399312,0.39615484614261953,0.4575877625487786,0.38583905117496453,0.2577152325877933,0.39272897382341654,0.14361092247128138,0.389151355995929,0.034966865567411555,0.6202602483793677,0.4766390890927154,0.6552506362196231,0.2517183280548293,0.6838469322760763,0.11857005960472826,0.6937828802070698,0.0,0.8098218005136151,0.5439622223668574,0.8803182209627237,0.36599006028424097,0.8767285214864874,0.2598825097925562,0.8604260279308389,0.16205682773165142,0.9825787457702148,0.6530297466932086,1.0,0.5430829492653689,0.8666012002393133,0.5815186045264553,0.7309837265024014,0.6334290791333511
images\9\9.48fadd36-c0cb-11ed-b065-8cc84b59e01a.jpg,9,0.5394737928318465,1.0,0.21456774452326832,0.8622615529481752,0.03172092693498722,0.6556198349178975,0.0036157865064053224,0.49429318741806677,0.0,0.3658795647607613,0.39833623318180955,0.46987364426386063,0.3808429356923192,0.26492301933644646,0.3873907822209748,0.14396223782417145,0.3841391966116691,0.030980048610571503,0.6214714396084501,0.48426297500373894,0.6494624637559407,0.26078301621160055,0.6735579951080536,0.12155734301200058,0.6785422057851613,0.0,0.8102115133129996,0.5467818264306823,0.8855782757564088,0.36438085020875477,0.8778688711666035,0.2518120346674086,0.8527822277731835,0.15094948527771443,0.9864687226697577,0.6519798906972334,1.0,0.5415211816930816,0.881993567726556,0.5777813008884087,0.7639186656844573,0.628437643866153
images\9\9.4a312e4d-c0cb-11ed-9726-8cc84b59e01a.jpg,9,0.5281208950441452,1.0,0.21383136737076244,0.8541749504814804,0.03127727947876598,0.6454457609094897,0.0008646015349866752,0.48839364565082055,0.0,0.36260298305420846,0.3951744242818581,0.4579577577170329,0.3856549749182137,0.26012663712251155,0.39527943264081794,0.14367223072710947,0.398460106392114,0.03250369199511544,0.6250019014364064,0.47223203818001286,0.655526948138138,0.25695753381076786,0.6839567345933355,0.12167328654860067,0.698132863052907,0.0,0.8181608521968092,0.530897323306102,0.891949342789974,0.35744494476808086,0.8873765722425615,0.24618196798652547,0.8707980095518352,0.14714964046963366,1.0,0.6283588244367979,0.9865343953898387,0.5362047007204948,0.8585189012592661,0.5815189858377751,0.7396047858295636,0.635618467821515
images\9\9.4b687b15-c0cb-11ed-9e5a-8cc84b59e01a.jpg,9,0.5406333867010678,1.0,0.2224522665929501,0.8531995051128156,0.04445071547318751,0.6461189100258429,0.01270411238707349,0.4881836599682354,0.0,0.3636091085010419,0.40020137681075957,0.4644248216646941,0.3859043911279021,0.2659205091589643,0.3931843836026676,0.14722377539786302,0.3943088494453979,0.035651575305525936,0.6203442410839409,0.478418681826028,0.6448617238162153,0.259507499704736,0.672681575077652,0.12134832806263066,0.6868139462560039,0.0,0.8087568197437581,0.5387088994624131,0.8791710339902555,0.3590077396325182,0.8738620962385346,0.246426067141787,0.8526565805488046,0.14692376243102592,0.9887563014240355,0.6400486545461153,1.0,0.5382129385908765,0.8808406953930975,0.5690841283436063,0.7612528171636777,0.611985363166419
images\9\9.4ca2e6c9-c0cb-11ed-b208-8cc84b59e01a.jpg,9,0.6148280745729795,1.0,0.30933430662820527,0.8968468855529047,0.11842374951489258,0.7036610283266466,0.06558694216847634,0.5448473038484924,0.0,0.42201987942091435,0.3660939739159214,0.5040571404075652,0.3225510685803279,0.29241245252124015,0.3148788113482374,0.15999575553006568,0.31138855801716653,0.045563654265625,0.5702498534177602,0.5024881474907167,0.5554030465585514,0.26967339688119885,0.5626594974371208,0.12340604102641586,0.563820815182056,0.0,0.7512868996638269,0.5506663414110902,0.7727492276081979,0.34225902300683403,0.764756085472986,0.21874936924062627,0.7365266141266639,0.11165800952429834,0.9357768186697892,0.6408334539585545,1.0,0.49624523962897027,0.9481854882742609,0.5122044850283436,0.8695098861110597,0.5516307664862959
images\9\9.4dd9fd09-c0cb-11ed-aec1-8cc84b59e01a.jpg,9,0.5950503487558003,1.0,0.30059900773322595,0.8860367504109217,0.11999611699771642,0.6950626806057473,0.06849212599417887,0.5401104842569081,0.0,0.4220363806536038,0.3755203601274499,0.49960973270590137,0.32930128651766133,0.28623299140410524,0.3115588237024511,0.1554515613099038,0.30284560191158016,0.043793517499439105,0.5742027448287571,0.5018981838560489,0.5650772692240131,0.2676653965887962,0.5703029330114868,0.12126711210868554,0.5706122284314772,0.0,0.7496535134867092,0.5504376905959352,0.7824552173010445,0.3393624960159612,0.7726716484521361,0.21373763985059493,0.7389727357768232,0.1096856196179367,0.9291549595268452,0.6382850963728155,1.0,0.4868059226648718,0.9481875540531568,0.4861037689247862,0.8644126202617076,0.5160766437590454
images\9\9.4f117b64-c0cb-11ed-94be-8cc84b59e01a - Copy.jpg,9,0.38963881351856217,1.0,0.6648809567186742,0.8893462508926813,0.8402605883500821,0.7164084940480847,0.9324812775250139,0.5659780607551285,1.0,0.4438579094165015,0.5970388570808567,0.47133572871892093,0.6484966150153885,0.25381265967577893,0.6709902041516972,0.12454913090513742,0.6733573857117293,0.007512975433487583,0.3924461726313812,0.4741325719897129,0.3556055685243799,0.24987156565798657,0.3282024156830738,0.12103004920393833,0.30119763921513376,0.0,0.20919273724244197,0.5353542263473658,0.12869571008564282,0.34898973334602584,0.10849723849060698,0.24112974431449205,0.09316612456710982,0.133420639138617,0.0407852488192432,0.6399789803180392,0.0,0.5466423813673276,0.06734645708182829,0.6028869881848113,0.1362746788900198,0.6687068424961392
images\9\9.4f117b64-c0cb-11ed-94be-8cc84b59e01a.jpg,9,0.38963881351856217,1.0,0.6648809567186742,0.8893462508926813,0.8402605883500821,0.7164084940480847,0.9324812775250139,0.5659780607551285,1.0,0.4438579094165015,0.5970388570808567,0.47133572871892093,0.6484966150153885,0.25381265967577893,0.6709902041516972,0.12454913090513742,0.6733573857117293,0.007512975433487583,0.3924461726313812,0.4741325719897129,0.3556055685243799,0.24987156565798657,0.3282024156830738,0.12103004920393833,0.30119763921513376,0.0,0.20919273724244197,0.5353542263473658,0.12869571008564282,0.34898973334602584,0.10849723849060698,0.24112974431449205,0.09316612456710982,0.133420639138617,0.0407852488192432,0.6399789803180392,0.0,0.5466423813673276,0.06734645708182829,0.6028869881848113,0.1362746788900198,0.6687068424961392
images\A\A.65c0fe28-c0ca-11ed-89bb-683e2670f3d6.jpg,A,0.1997819650740649,1.0,0.5070336840559337,0.8054188979999968,0.7227448273190823,0.4934552539845918,0.8552512767792804,0.24266371856083283,1.0,0.0,0.5618992843257742,0.13972292589988727,0.7373944019411726,0.5706016158577862,0.6697811823432057,0.7621678691262852,0.5927427131388233,0.6838674396336998,0.34764849897236316,0.20810530642738181,0.5783164588933154,0.7499767555285141,0.5120542569665064,0.8881843050066145,0.4322556528096407,0.7502662919277252,0.16365812898274845,0.35978771680567134,0.38161942173135227,0.8505559914460344,0.3288665895770913,0.9627888635329312,0.24719185217522519,0.8300201125848016,0.0,0.5342415532853002,0.15874407202415008,0.8606852796432259,0.15286330210748267,0.9375576014315332,0.08550063707836426,0.8524767188267169
images\A\A.66f6812a-c0ca-11ed-934b-683e2670f3d6.jpg,A,0.18919288137412493,1.0,0.5082625164993246,0.8023699608750889,0.7268190352947623,0.48628269161714427,0.8620057849437588,0.23914310865746774,1.0,0.0,0.5097019969577816,0.1097598099657877,0.6878444122599975,0.4749301394365549,0.655221818102663,0.6866764494545765,0.5940411776605243,0.6301503326684582,0.3088581622914292,0.19485808280072806,0.5460455477062702,0.6790675173373643,0.5067513528789421,0.8203631513657399,0.4270194103740923,0.6934114458618545,0.14182438526059082,0.3609298316494282,0.3654026660881973,0.7853664070945308,0.34076373717725217,0.9036513962564549,0.2616405385920001,0.7853289634051591,0.0,0.545541823290499,0.16749014731828038,0.8268585081610393,0.18338692056267153,0.9065690085322935,0.1198780785760046,0.8343157933362964
images\A\A.682cdd8f-c0ca-11ed-bee9-683e2670f3d6.jpg,A,0.2429592964898046,1.0,0.5566773756350788,0.8203695290753426,0.7565067639262798,0.5065899488419467,0.8712213542639159,0.2495426260587429,1.0,0.0,0.5054608571927566,0.1895326307284479,0.6766766664818342,0.586612220316161,0.6600223156946552,0.7704033126954484,0.6107957642427583,0.6943463773263274,0.2970699523094443,0.27447244072772864,0.5274979828739491,0.8056120686346013,0.5227113870773419,0.9151719945901486,0.4651900059184119,0.7721597627953831,0.13196379999011712,0.43510768459030885,0.35143145222891015,0.8925211301356972,0.35284994732273905,0.9796921870580225,0.2905493259460689,0.8454227014746653,0.0,0.6138739060386776,0.15746370587642855,0.9129802519553691,0.18142176926944767,0.975690700802347,0.12295887401553121,0.8963996313430005
images\A\A.69632fcd-c0ca-11ed-b962-683e2670f3d6.jpg,A,0.6508307280381354,1.0,0.4179997523679812,0.8421683782403933,0.2306603262551848,0.5180219849505975,0.12009204946449575,0.23354250520677883,0.0,0.0,0.4763337305763635,0.17641921826464727,0.3177668235002786,0.6280065130283085,0.35356435337089087,0.7975086069988442,0.41646752925153224,0.7080547752722735,0.6787075156317712,0.2581714799943828,0.5005478858416393,0.7618261535671195,0.5191941899337584,0.8659535416536165,0.568847118182381,0.761955120371064,0.8542998978517923,0.4148698315529773,0.6801286912647805,0.8564185959486409,0.6828828236240946,0.9497709099201675,0.7227024391753853,0.8660124979068483,1.0,0.593531843950986,0.880944329226769,0.9090853633322402,0.8518901287686498,0.9797878311836818,0.8743507398006563,0.9172802825314669
images\A\A.6a9a3b42-c0ca-11ed-ab21-683e2670f3d6.jpg,A,0.7492575999692936,0.8567537810743466,0.494458646770741,0.7249934963178679,0.26364378194935445,0.4745965970433624,0.1299382090618807,0.23805367089190244,0.0,0.0,0.48863120870420407,0.22772627573886145,0.3557587720610357,0.7169971523530179,0.4019308515732408,0.8524393636953572,0.4471892658635971,0.7121455904213194,0.6926423420235013,0.31427271572806104,0.5328197917648584,0.8677642169669457,0.5625816461289551,0.9102976816479447,0.5912601223325482,0.7229386204467547,0.8666820198549086,0.4504139958417532,0.699124548412121,0.9462929422822356,0.7154787043188556,0.9779667989595753,0.7444849409871235,0.8216614328978229,1.0,0.606234822173097,0.8926383155746241,0.9761096021472631,0.8820754725856218,1.0,0.9085664957683716,0.8891723247673777
images\A\A.6bd018a6-c0ca-11ed-96e9-683e2670f3d6.jpg,A,0.14996425150378326,0.7942879437902292,0.4386305448656899,0.6063375482729634,0.6732045962776971,0.3742322378264746,0.8389323738679023,0.19518216030664948,1.0,0.0,0.49250704299523773,0.11686477744486944,0.7647394330651612,0.5383498513399914,0.6959177914118246,0.6390382372332294,0.5872109356635364,0.5471697571346342,0.2986964698917395,0.2591915045328277,0.6253419571404516,0.7748528066935774,0.5459552386782803,0.8140463707634359,0.43390031913522403,0.6837420885264505,0.13978564492431872,0.4593198358442317,0.44068053585159034,0.9145735219847373,0.3757032112490866,0.9271637754513853,0.27173677385269834,0.7776331816852182,0.0,0.6641182289130281,0.22927197714984152,0.9879960171343635,0.1960777943337094,1.0,0.09454272184187465,0.9034622786766942
images\A\A.6d05b12e-c0ca-11ed-b5be-683e2670f3d6.jpg,A,0.14636360863041187,0.8340442980957411,0.42555733156819675,0.6179329626293063,0.662246655747225,0.3715444275315047,0.8321839241910114,0.18316423845174118,1.0,0.0,0.5045754333630571,0.11933853147360028,0.7964199360064823,0.5578279643378584,0.7115632322805795,0.6550857900241268,0.5799007066764785,0.5556907210089777,0.30313653391636686,0.26567922711316827,0.6302027105176697,0.7777602435463328,0.546596775216569,0.8154714050511013,0.4364663849676027,0.6890087291478985,0.13850674622657058,0.47158108373976165,0.4340822654030079,0.9145960050945916,0.3711305792139802,0.930078179201226,0.2713515651285149,0.7906358920195086,0.0,0.6756927919811956,0.22560776613286063,0.9844768206434511,0.18886098429922402,1.0,0.08195550916414475,0.9026924709805018
images\A\A.6e3a9c70-c0ca-11ed-afa5-683e2670f3d6.jpg,A,0.12882975254993478,0.767029860314448,0.40488278292645585,0.5895533684232347,0.6492579113036459,0.3667081137932882,0.8288467921835321,0.1872407517431848,1.0,0.0,0.5018151005739067,0.16834352171241432,0.7697835840001215,0.6015290977994431,0.686785806322632,0.6811161858526185,0.5650800124676131,0.5792610781754868,0.3052880225294324,0.29955203465756836,0.6184942025177323,0.8111947137508111,0.5304030927778526,0.8301967675934838,0.41786896606118323,0.7004941191103587,0.14240515271771612,0.4842402483542075,0.43255890166908273,0.9339074131947365,0.3565111012791113,0.929331540898301,0.2534120390072642,0.7811091063339788,0.0,0.6747113727186642,0.22140325600404565,0.9972898351019744,0.18087043847110623,1.0,0.08013246206256329,0.9000899998474579
images\A\A.6f702d0f-c0ca-11ed-8ce2-683e2670f3d6.jpg,A,0.14472421898999024,0.7850555877002777,0.4115486690078546,0.6120783997532155,0.6533265684691997,0.3795310116773751,0.8263970770161764,0.18672293307849686,1.0,0.0,0.5275934823507801,0.1393536272167957,0.7995473927952879,0.6021135812221867,0.6952556885724921,0.6657042292026595,0.5740163736666017,0.5469261711446668,0.3205629310348616,0.26715066009118943,0.6340363782106919,0.8074836721586537,0.5198957759737164,0.8158558987922743,0.41263613043911995,0.6814742757440461,0.14843354136242723,0.4563157306295859,0.43754908298589795,0.9384369177736194,0.3440838714242207,0.9245948744900483,0.2506661223133726,0.7727294242268197,0.0,0.6534596743327068,0.22111085866165556,1.0,0.1646092280188426,0.9926074846514619,0.06054714537528955,0.8775475145691759
images\A\A.70a60cb8-c0ca-11ed-b22f-683e2670f3d6.jpg,A,0.15093364950633087,0.7594900677306048,0.4250928718354551,0.5795558913842037,0.662364472072411,0.3534695164505389,0.8321138327062226,0.1762460771148745,1.0,0.0,0.516205785001348,0.15245059145343515,0.7739896732558006,0.5982336616288388,0.691510620332377,0.6706775011216775,0.5735148924042233,0.5629614353967554,0.31340858372324554,0.2872210785381209,0.62485926123526,0.8148238976409143,0.5415310509414046,0.8284711387523922,0.4340584443584691,0.6956243234603161,0.14484269951668197,0.47301624332218756,0.4340806019567766,0.9417922076164186,0.3668913780223127,0.9314214190821712,0.2695432732464162,0.7800628457841848,0.0,0.6653308719464398,0.22488485108899164,1.0,0.18906861404439818,0.996520510871811,0.0903334870607229,0.8926143663089906
images\A\A.71db9b97-c0ca-11ed-876d-683e2670f3d6.jpg,A,0.1442461089108125,0.7560415194589931,0.41107539007422333,0.5875568258846736,0.6562696211565593,0.3648925867931264,0.8315725820031615,0.18131064972336286,1.0,0.0,0.5051947330407245,0.18879226325024442,0.7649541233629239,0.6276961097551927,0.6702671812955717,0.6816076223890587,0.554756474029767,0.5622774404491143,0.30593419926160637,0.3195204464417858,0.6047114157564738,0.8271129634298264,0.5082285781213499,0.8282383130864919,0.40779228189639877,0.688027592625755,0.14174618452633897,0.49673757366534194,0.4163980796015909,0.9456918763894494,0.33585349336224385,0.9221057595605193,0.24425574050553217,0.7663774889669508,0.0,0.6743439312499538,0.21157524624383894,1.0,0.16450527817826002,0.9910473132422617,0.06331904754039316,0.8867382379207485
images\A\A.7312a0f4-c0ca-11ed-9003-683e2670f3d6.jpg,A,0.11414790347976078,0.7401463179512807,0.3939195571217416,0.5697398586163286,0.6434370387614056,0.3440978406219715,0.8240345225505515,0.16671796688751378,1.0,0.0,0.5247669394370693,0.17059720945190476,0.7657281232324387,0.5975535115165383,0.6888892381679191,0.6748518435171169,0.5831160310366514,0.5725884987926385,0.323846442872736,0.2996057699545707,0.6240927624688543,0.8172050299702327,0.5355668122523025,0.8421637369051425,0.42627839488066444,0.7109654911756395,0.151236026508296,0.4699137013365514,0.4297381688749479,0.9366481026866208,0.3523317525861221,0.9330770555591245,0.25394261095373494,0.7788232688343079,0.0,0.6468151233313798,0.2121532393777462,0.9878656914238511,0.1554001169471153,1.0,0.047882685858510986,0.9047124343458985
images\A\A.744776dd-c0ca-11ed-a8a4-683e2670f3d6.jpg,A,0.13125135260951892,0.713051274583467,0.3945235898304701,0.5750477453818937,0.6454160183576751,0.3714219516990503,0.8269319964014444,0.18866503014832273,1.0,0.0,0.5257245233526898,0.17528530975963738,0.7660720988675573,0.6397636430236268,0.6777476853686586,0.6854201389653712,0.5678691120493714,0.5545639363895273,0.3203000704799021,0.2979242486169952,0.604478283153167,0.8445291257027199,0.508649971254711,0.8350477616981284,0.4081273432324232,0.6812178927093353,0.1489416157651086,0.4701233425764803,0.4117654222053779,0.9555631426047074,0.3344975299988228,0.9251362201647451,0.24973962600573796,0.7563121393602241,0.0,0.6488570885473901,0.19971021843215012,1.0,0.15253034385176617,0.9777169182222157,0.058967899918966275,0.8503523898796922
images\A\A.757c83e4-c0ca-11ed-893b-683e2670f3d6.jpg,A,0.21675204603457573,0.7575616175190888,0.48306687062689163,0.5913376909432538,0.7258968409428368,0.3822968247797791,0.8724088720231791,0.19817673573052452,1.0,0.0,0.5612757361889738,0.29921520539959723,0.8095522632458035,0.6143171322714539,0.7714465878133354,0.6549631338378739,0.6968063685700681,0.5956151704703879,0.3398672614492734,0.41208982201275185,0.6531140637611623,0.8157993310179807,0.5922091008249243,0.813424077351341,0.4896488048573639,0.723026204661566,0.15365647531380092,0.5636643842428807,0.4544691185460855,0.9142417108030043,0.4167700976488759,0.9069969342538551,0.33281948706288644,0.815187395545312,0.0,0.7248357130262013,0.23193759665443414,0.9882960176318333,0.2186380944794859,1.0,0.12480225221015137,0.9512680213310928
images\A\A.76b12d9c-c0ca-11ed-a847-683e2670f3d6.jpg,A,0.21177963952773132,0.7152806718008689,0.47507419559212233,0.553788107921364,0.7093280620782046,0.35433154388291366,0.8563778289134295,0.17874471809998393,1.0,0.0,0.5518990157038091,0.30378556282304275,0.7893892386907666,0.6148885296195259,0.7767160855146118,0.6610198323913186,0.7202194738402412,0.6112022420510012,0.3353172015838699,0.42248073853170487,0.6561645485320081,0.8177893505861443,0.6112051239153032,0.8144528087869273,0.5083510713761222,0.7218962854372101,0.15356337062789555,0.5716353225493412,0.45625545574157816,0.9101035148957216,0.42108638354115746,0.9016537884691611,0.32879312575937814,0.8091534214824032,0.0,0.7218434130720848,0.22695710431365432,0.986753994737065,0.20335488992772552,1.0,0.09541043258716782,0.9488891713127026
images\A\A.77e63f21-c0ca-11ed-a212-683e2670f3d6.jpg,A,0.19527785898371464,0.7508798233824122,0.4513543214504679,0.597867178891952,0.7112818810869959,0.4021385721404429,0.8726644506712855,0.2104945515733979,1.0,0.0,0.5799696983101285,0.3420998237139423,0.8667632571128782,0.7032511262720353,0.7628562864144788,0.712719693666185,0.6472089553824791,0.6064040790381297,0.352772510718154,0.4489279568171892,0.6742481847281163,0.855369654373102,0.5639912529879735,0.817931448370445,0.44730231681155647,0.7088235383666595,0.1573103012154037,0.5900430684667173,0.4677251912018838,0.9397836461613043,0.3769656744770166,0.9102348417163652,0.27308143869517393,0.8051174716025861,0.0,0.7399941339469572,0.22306684633840576,1.0,0.17038312535415193,0.9902015939832023,0.06110330078862977,0.9175291805692236
images\A\A.791b6c9c-c0ca-11ed-91db-683e2670f3d6.jpg,A,0.22459510162784177,0.7814132427967102,0.5167020578515275,0.6251362588282285,0.7403185939816962,0.40933786016449103,0.8784622110127225,0.2131026343978649,1.0,0.0,0.5589242607259577,0.27423446322554873,0.7935412385967677,0.6446180940104214,0.7818284671599742,0.733549991829917,0.707014832221039,0.6745071624394052,0.3368572536196155,0.38112928702409266,0.6365743838084642,0.8587882859165925,0.6104841917337679,0.904712140743296,0.5130033964539774,0.8215846329817171,0.15629989057296145,0.5341542148550265,0.426759264181066,0.9486101781078088,0.41395107676572535,0.9705114471940304,0.32545310492348356,0.8698182610432288,0.0,0.6962076290419216,0.19725644235651218,0.9822171789611286,0.19996989381728067,1.0,0.11833837699722675,0.9352203199041377
images\A\A.7a50b1c2-c0ca-11ed-bc83-683e2670f3d6.jpg,A,0.7407881828923601,0.8254351485072995,0.5041292820919887,0.7482942381913688,0.2765425942960524,0.48746396009295373,0.14062904472202878,0.24029503145069842,0.0,0.0,0.4736045559748932,0.14237886268986102,0.4167011020270535,0.5979009137737279,0.42984595310486595,0.8347630646252104,0.4393900403958777,0.7917155250003813,0.678214213732306,0.17669902418932457,0.6099876873288381,0.7777902642672267,0.5971255787385291,0.9590154431319505,0.586860116019941,0.8494271752340369,0.8592385630186199,0.29296084044808984,0.7873967536195337,0.8339748902912177,0.7729700092368914,1.0,0.7684828095433232,0.9206979665102183,1.0,0.441284571614537,0.9691562333733567,0.7889960692983214,0.9342226348734202,0.9523520647625052,0.9227597195118107,0.9582272687979578
images\A\A.7b858ec5-c0ca-11ed-82c5-683e2670f3d6.jpg,A,0.7664939422265828,0.7839675250247181,0.5257655420634254,0.7073699075525112,0.2891134184119362,0.47115564660500137,0.14411194155524984,0.22976055106112475,0.0,0.0,0.47316853614801563,0.16123272066746713,0.40475338774197545,0.730246837873945,0.43553587089117374,0.9171889139729102,0.45037742526668,0.7824180693782645,0.6791066024427248,0.20702645329602526,0.5957301545244464,0.882513408847846,0.6059476459056476,1.0,0.6041632532966976,0.8149732933402175,0.8598453501062691,0.31769241135170573,0.7703223653123809,0.8990769382958309,0.7740318035480294,0.9988866126527438,0.7798038992817953,0.8607054515098612,1.0,0.45326019095148185,0.9576915722612481,0.8249140354941426,0.9388984283735912,0.9201364126619295,0.9455114010675184,0.8600003734844229
images\A\A.7cba621d-c0ca-11ed-8315-683e2670f3d6.jpg,A,0.7714635599644171,0.7790915281781831,0.5302072792108108,0.6981787830275167,0.29247563996949594,0.4694762225036023,0.1439048866921071,0.24166885069557373,0.0,0.0,0.47534165999294764,0.14111984371825922,0.39457550940172115,0.7523327007543583,0.4391299459141924,0.9282959627567813,0.4664386511209171,0.7802477478188656,0.6781959465092816,0.18795647519837824,0.5844357399261263,0.8996620281050313,0.5962017551307323,0.978863862899822,0.6008940106335864,0.7703685693505488,0.8586628697221209,0.30808964307178666,0.7544197612453122,0.940856497196549,0.7567343370300765,1.0,0.7701976568170988,0.8258097484524971,1.0,0.46149478096032015,0.9401136023779092,0.8960344350311922,0.9212195198440836,0.9514840344855533,0.9357051233509794,0.8433019780460361
images\A\A.7def65b2-c0ca-11ed-a9df-683e2670f3d6.jpg,A,0.24605681670268625,0.7549714876129748,0.47817102733875433,0.6416133574419647,0.6762714413966536,0.41393636110459864,0.8268218079285885,0.18215306717489937,1.0,0.0,0.5363845518539522,0.27372396228812995,0.6623500514251386,0.5745894046510817,0.6621757354005073,0.7351506873575127,0.6398332758969678,0.7406122925574159,0.3241891963438743,0.37360288385968116,0.4938059514778348,0.822564357612181,0.47457040752295976,0.9480771286564974,0.4302759793473738,0.9152212422674287,0.15183231562974436,0.5010238215728817,0.28877093249707514,0.8765665295912651,0.2776663136384896,1.0,0.23310238371429604,0.9872925000653796,0.0,0.6209992847242518,0.08382268925664728,0.8564709056198467,0.08958563054903622,0.9458143063408117,0.0603651423762447,0.9388895745462771
images\A\A.7f245e80-c0ca-11ed-ab38-683e2670f3d6.jpg,A,0.273077369523266,0.6592910800389054,0.5057366959919908,0.53446646478164,0.707709424569108,0.3350807425138135,0.8581268550000565,0.1629581215035146,1.0,0.0,0.546716377846886,0.22987024633192382,0.7123744323155721,0.5498351348927687,0.7331738093741083,0.6458876847834335,0.7141667593662893,0.6463115743583022,0.3361175463457809,0.32355329143874123,0.5483535337902216,0.7313602406064829,0.5526636631988947,0.8192712824297944,0.5043812662929663,0.8044216959721868,0.15695537359560072,0.45164209785675363,0.33340265652935835,0.8140169831754813,0.3408528848928634,0.942288934723075,0.301160921708317,0.9662061020784041,0.0,0.5888733297922976,0.1254153346133942,0.83858602302593,0.1494386433289321,0.9551691074520408,0.12280563871652132,1.0
images\A\A.805ac46e-c0ca-11ed-9f26-683e2670f3d6.jpg,A,0.7691554759617685,0.7700279036511282,0.5318897632665945,0.6961310213319551,0.3010824635104322,0.4635348909046626,0.15039819745136507,0.23340024377217183,0.0,0.0,0.48982036864323264,0.08930194429098426,0.4100896788791471,0.7139154811530197,0.45196178480754207,0.8990689242324336,0.4800795185113563,0.7443826823471469,0.6872177585137982,0.15222367851883295,0.5933798103311155,0.8725769267533208,0.614866410427117,0.9594794918694907,0.6261952484320668,0.743660654447816,0.862130937528907,0.2852669046064516,0.7622812677920435,0.9224211534193179,0.7721010334019066,1.0,0.7861498496976551,0.8369351022746849,1.0,0.4469196086468376,0.9489669982543673,0.8785459427378413,0.9326891919483133,0.951708376333686,0.9433487373616583,0.8609726369247336
images\A\A.8190af93-c0ca-11ed-8e2f-683e2670f3d6.jpg,A,0.7686024793969434,0.7350313549565111,0.529663968315004,0.6818035931954229,0.300389217797064,0.47071957588076857,0.1491936014916522,0.24933578932839473,0.0,0.0,0.4948530616098588,0.08921902793814485,0.40750415177398025,0.7504275171963076,0.45702457156456355,0.859011619044346,0.4935011961449575,0.6709766682316891,0.6905656373531854,0.15535961055885714,0.5827888680334086,0.9425893601016839,0.6124430980200772,0.9148795939736843,0.6352096402401824,0.6656790580597455,0.8623297160544597,0.29223218576723886,0.7443497755268945,1.0,0.7656264462576903,0.971217629949984,0.7897971626777547,0.7705181924157202,1.0,0.465716308180448,0.9251439742284879,0.9651107165603948,0.9227322076567746,0.9466530600253544,0.9415978537837301,0.7993354844538949
images\A\A.82c5e78d-c0ca-11ed-96e7-683e2670f3d6.jpg,A,0.7721768333546682,0.7775157259891207,0.5337481080999676,0.6753626252780732,0.29939722747227093,0.4487952506598913,0.14686377566771835,0.22695468869877783,0.0,0.0,0.4830658945957546,0.14128763158921784,0.3789534121970136,0.6819252276334764,0.42541395902201007,0.8739638483803701,0.45355413657823995,0.7346547791544005,0.6875025413582524,0.20232615698966058,0.5629993298344164,0.8343985293921491,0.5891290106398199,0.9570199936073416,0.6000865944293428,0.7653128623350395,0.8644797180786579,0.32602162734160756,0.7359110863459409,0.8870880650450524,0.7492680888232947,1.0,0.7675530673252863,0.8568316226138069,1.0,0.471518829441996,0.9246255732174725,0.8552299998468529,0.9066338862826894,0.9662290775057961,0.9219652417490569,0.9001287918122594
images\A\A.83fbcf9e-c0ca-11ed-a945-683e2670f3d6.jpg,A,0.8031353158136953,0.7582389294791675,0.5461664368763856,0.6678869963846225,0.30102438404236753,0.45267137392734014,0.14397932095882512,0.23443332522459798,0.0,0.0,0.4820717161667836,0.15187678776643487,0.3638837885782894,0.7591427738585557,0.4235514544237487,0.8723807386778287,0.4614347363708343,0.6994088312516252,0.6829845238756113,0.22031416456258965,0.5399493103544315,0.94118825128132,0.5882922341242451,0.938706349139775,0.6141770340702853,0.7052597032202864,0.8585335622331257,0.3537150939914271,0.712089861294077,1.0,0.7514449125720135,0.988828294732957,0.7843452473768004,0.7959314420407171,1.0,0.5153978592938689,0.9073546973560634,0.9662667871792506,0.9191959228503367,0.9694360094956087,0.9516138780572417,0.835571623900078
images\A\A.85315726-c0ca-11ed-8bce-683e2670f3d6.jpg,A,0.7826817683595177,0.7562446055472469,0.5398470801364024,0.6639164569363915,0.30171911155766656,0.4502383278946018,0.14710525514553646,0.23182422572593459,0.0,0.0,0.47799293630495676,0.1456430965260372,0.3834676805504811,0.6900783540212486,0.41749025697235415,0.8843652235668575,0.4399928449640726,0.7689611288370273,0.6782955029838023,0.20737818580504028,0.5728158111070515,0.8372983803034112,0.5789820819632201,0.9574996176904356,0.5852408354646206,0.7936015634517241,0.857576726342711,0.3380653321686931,0.7487927779807575,0.8952673963811484,0.7443383875289246,1.0,0.7551386859091462,0.8700100826047852,1.0,0.4977732735807243,0.942416803677993,0.8717368258716011,0.918235446352454,0.9668502616552579,0.9296648550724638,0.9092596672481228
images\A\A.8666a996-c0ca-11ed-822b-683e2670f3d6.jpg,A,0.8031384825839503,0.811996124746551,0.5499656405669051,0.7249428098499665,0.3030645517345046,0.49274638047063635,0.1470241936108261,0.25162833968895004,0.0,0.0,0.4857026423810908,0.12503152673649265,0.3961792763614465,0.724885606699217,0.4508669548742335,0.9029387338654613,0.47657676184390146,0.7496602912888441,0.6857038131889236,0.1743229617087309,0.5749367055620359,0.85192028376923,0.5972881824511391,0.9459300218256022,0.5991954661788552,0.7622403041959551,0.8606904858078263,0.2969847179182629,0.7388645316796995,0.9060329042923684,0.7580514283005781,1.0,0.7773365217074382,0.8597274737892563,1.0,0.4506906240395721,0.9200511982934909,0.86638540050786,0.9130712952099419,0.9691019781369558,0.9350775726283257,0.9024119448499224
images\A\A.879c6863-c0ca-11ed-8ba8-683e2670f3d6.jpg,A,0.7816572120745099,0.766463016484403,0.5340202867606277,0.6651142040046389,0.30059907751313075,0.46861542059971045,0.1433138049277021,0.2528000095291826,0.0,0.0,0.4839512741625318,0.11542330686458491,0.39876553261251385,0.7502477046040029,0.44373896534233576,0.9084185996649626,0.4662308418848944,0.737337827931117,0.6842724283299104,0.1727283457447327,0.5796412262263927,0.8983371576397514,0.6025138092087383,0.9486349987384661,0.60761741602002,0.7228583432866368,0.8602409841185021,0.2937478816518838,0.7439875330108031,0.9499376813116487,0.7563364114748591,1.0,0.7693301210271888,0.8222969878037292,1.0,0.44766908614056194,0.9287425335096203,0.9204811370913686,0.9204205047876892,0.9739495971213206,0.9384100307737705,0.8598663315570793
images\A\A.88d1764d-c0ca-11ed-ba0d-683e2670f3d6.jpg,A,0.7823274386505168,0.8284989438162899,0.5400538448313374,0.726134651024149,0.30053030844765916,0.48168556191301337,0.14707025693067724,0.24239947529886405,0.0,0.0,0.47618328543237903,0.14273814235149915,0.39027499052884784,0.708420420833793,0.44079578978758754,0.9011372573231943,0.4698931471459501,0.7555159915424331,0.6749420700211028,0.19328263111708507,0.5777155580981014,0.8343491995372427,0.5959899369959178,0.9582627776973677,0.6043614465530331,0.769199314568655,0.8554888559913215,0.31809146034731084,0.7481613032305378,0.8915293762797435,0.7518090281000336,1.0,0.7681286981235708,0.8488144122770349,1.0,0.4739299244628747,0.9310294723997693,0.869790817932552,0.9091545342094973,0.9718413426842957,0.926810055092437,0.8955218215550547
images\B\B.a957406f-c0ca-11ed-8133-683e2670f3d6.jpg,B,1.0,0.9818151112710828,0.713582569520496,1.0,0.43334217752499626,0.8058578362281058,0.22130031196619132,0.7215517009764766,0.04725740962617515,0.6314575844432437,0.6246165405347613,0.17674580859659367,0.31213637253108506,0.014480614825880788,0.10136914953043227,0.1854998530828506,0.0,0.4050243532766789,0.709570314511553,0.15873449107174462,0.3164821238615147,0.0,0.08476544664230509,0.22486213456757953,0.011676785173930592,0.44626435960541766,0.7685545337598817,0.21284776611301576,0.38234862822663823,0.05367657500941421,0.15068933199215498,0.2781796261523614,0.07092682060791475,0.4956302276597441,0.7904588664165771,0.3359417346629371,0.4828266559686278,0.19309860422311106,0.28502704508036525,0.29499044505447874,0.19526454840919802,0.4378954129011595
images\B\B.aa8fa014-c0ca-11ed-9aae-683e2670f3d6.jpg,B,1.0,0.9866908205271128,0.6947733152339639,1.0,0.4148680418252821,0.8048756241867598,0.2133895987645213,0.7049231981794072,0.04318617759022634,0.6121108651543581,0.6452971149211595,0.1748952218314922,0.3118816458622284,0.008332549309200774,0.09798300233127748,0.18845336594873724,0.0,0.4132697711655451,0.7274933356941207,0.16956711216988885,0.3192881242561061,0.0,0.08558296691946764,0.22820161432048183,0.009945800257719283,0.4531116586459519,0.7764550811028812,0.2415556163050984,0.38240033051022515,0.06102074616612199,0.15236127915326428,0.27733640670793297,0.06896990979825104,0.49141360438674814,0.7863556329369178,0.3817937170377024,0.47930376447211814,0.21720279124425518,0.28591298531393555,0.310803734203393,0.19771938108025694,0.4527242323812026
images\B\B.abc7d7b5-c0ca-11ed-a195-683e2670f3d6.jpg,B,1.0,1.0,0.7045216437966324,0.9994262206966663,0.4258860939140849,0.8026898172090436,0.22570274497229387,0.6991202198145414,0.06925980337542882,0.591875692063221,0.6762525077080913,0.15404138377695425,0.3236316331519195,0.006555771392522997,0.10376260585733417,0.17864089953730472,0.0,0.3941930172341714,0.7535989826134709,0.1525270841969147,0.3258040537853207,0.0,0.09042867634761596,0.22243481499930767,0.012781313526443428,0.4423688016241007,0.7944169728452362,0.2278138300719635,0.385600709878091,0.0584754989159243,0.15927815556201688,0.274660676121712,0.08219254899742319,0.48751642924354477,0.7954515529694896,0.3714767539752023,0.48209432811456665,0.2192336838975939,0.28705670600854394,0.31118303382820506,0.19625476066194353,0.4472306632614465
images\B\B.ad011df6-c0ca-11ed-aa94-683e2670f3d6.jpg,B,1.0,0.9958571752214828,0.6958194313363197,1.0,0.4171101811559614,0.7984487702465601,0.2173260070161531,0.6928087256784036,0.049577834466640644,0.5974570713527707,0.6621017765151012,0.15603580114264415,0.31829287303373094,0.0,0.10374601670777348,0.1624057088929194,0.0,0.3697942542760832,0.7419264089404594,0.15637275619072097,0.3124107120199053,0.010613421586409096,0.0784820650643671,0.23046488756167757,0.002540122945817558,0.4498221822410116,0.7859863036377412,0.2333870783259296,0.372797965968153,0.07780614441725546,0.14226259457486776,0.2896506222186304,0.057311312489501755,0.5030725619226664,0.7921744394992744,0.3768575033441574,0.49062003410193605,0.22523523922704367,0.2982440282337928,0.3054989915637585,0.20399072408005134,0.43525583190580097
images\B\B.ae399cb4-c0ca-11ed-969e-683e2670f3d6.jpg,B,1.0,1.0,0.7176844580175704,0.9962598065617972,0.458580341848528,0.7875884744753516,0.26661932122811866,0.6859603985595207,0.09828730628694343,0.5832541702100285,0.6714859261534412,0.15874667597058373,0.32664581068052945,0.0,0.10834422681045153,0.1613950991961284,0.0,0.37075436391119515,0.749722743238423,0.15786997275035464,0.3330194500024527,0.003266858223424552,0.09303033567357186,0.2359303690089403,0.009668674780468602,0.4616492820847787,0.7894125509125747,0.2330861315129963,0.3870287467008356,0.07213055787344763,0.15714536093173062,0.3027072614223817,0.0779338621527943,0.5227264296202658,0.7849379879108903,0.3771204408028103,0.4862224527320052,0.22122598516413416,0.29939909419186833,0.3241054880118935,0.22219858510925974,0.47259797639804113
images\B\B.af711e25-c0ca-11ed-8dd4-683e2670f3d6.jpg,B,1.0,0.9941703338780755,0.7092051296472567,1.0,0.4355987875241139,0.8141389880830492,0.23134933150318104,0.7340513185006687,0.05102047838832689,0.6500632596720362,0.6501817693386368,0.15357325769475855,0.317225999838153,0.0,0.10472092432182677,0.16620053117867323,0.0,0.37984647694489915,0.7289143888841031,0.15840019305979966,0.3149791271986686,0.02051832857069252,0.08626989477810947,0.243952018650704,0.013027257450834235,0.46456819824211654,0.7725314361640654,0.23906739434005386,0.37880189099914874,0.08621194566317847,0.1570359411816775,0.29899035537711616,0.07824731593881805,0.512636301143342,0.7802725626427285,0.3850393627969715,0.4788010129437235,0.23553383632809421,0.2912127772726982,0.3216986620127981,0.20329474873020134,0.45993987138447745
images\B\B.b0aa89e8-c0ca-11ed-b310-683e2670f3d6.jpg,B,1.0,1.0,0.6927414264473803,0.9859899027942178,0.42937946142728867,0.7746081279816349,0.24624676659674255,0.6592753506223322,0.09648023605785673,0.555063847340292,0.675998832712445,0.15619507514616737,0.32303057867969837,0.0,0.10759193405255518,0.15209521503640733,0.0,0.35394472542056743,0.749994921199725,0.16929902435524946,0.3163705387519631,0.02695487643028803,0.08314916209355556,0.24510473833351268,0.004606531600056309,0.4673827074141827,0.7821249652550311,0.25693084400444777,0.36528524095860027,0.09401969224147208,0.138115882209118,0.3082777359302701,0.05708882212225019,0.5245354926647298,0.775425250934559,0.408612217080957,0.4717058244159559,0.24317586714014133,0.28653300539022036,0.32845959324222535,0.1993726665900266,0.46586050432224974
images\B\B.b1e3626e-c0ca-11ed-8e62-683e2670f3d6.jpg,B,1.0,1.0,0.7134334948582912,0.9354000767741023,0.48867697476640054,0.6954136613646357,0.3228993994942105,0.5611123778517297,0.17734113898490492,0.4637555043086819,0.665742823253961,0.14281281838884063,0.31210219728152905,0.0,0.10306403774841447,0.18776463253778816,0.0,0.41709214720231513,0.7268668534341581,0.16865961845772565,0.30493328748186876,0.02907939385018275,0.08063831053404086,0.2655551739299008,0.006244006412542344,0.5046021167716779,0.7537599185212812,0.27098612389877746,0.3505733628733059,0.11484943905839161,0.1334840919797339,0.35203379214999236,0.06260314875998893,0.5816489691777955,0.7442701190336123,0.4367104317533069,0.44790536185027924,0.27735991372053265,0.26805480915690694,0.3817750980601551,0.1873220094752627,0.5329416699617957
images\B\B.b31b066d-c0ca-11ed-a351-683e2670f3d6.jpg,B,1.0,1.0,0.7239127998271433,0.8614129117003982,0.5231961842125028,0.5861632190063738,0.38127809931631496,0.42462780660491733,0.25356522623307687,0.329124699810029,0.6678725806134793,0.12466607489621176,0.3012556371951466,0.0,0.09686604880427335,0.19842056325021137,0.0006308805636790736,0.4329603844118385,0.7251948970312794,0.16406660158597294,0.2955319559492846,0.03919337188977889,0.07525942941128214,0.2894811747416627,0.0,0.5405564821003493,0.7496518024581232,0.28253226449187513,0.34194766464422843,0.13360641220537106,0.1290700751163836,0.3857897078326653,0.057204690700982254,0.6240098211405427,0.739893258706094,0.4626420301802932,0.445136153500405,0.31454374287081766,0.2700651794369911,0.4204240927884828,0.18722062447932133,0.5641937408677942
images\B\B.b451cc68-c0ca-11ed-82b7-683e2670f3d6.jpg,B,1.0,1.0,0.7146026461685591,0.9771022179481833,0.47474230757085695,0.7783096884667186,0.29119673040748106,0.6916588368344745,0.1332101822906094,0.610790694479539,0.6732035961908887,0.13639412308741528,0.3120651933651812,0.0,0.10651121666914773,0.18584595306025822,0.0,0.41254621236467476,0.7339328488490114,0.1628206040296446,0.30627123002178824,0.040518706961477226,0.08723198859612322,0.2816060682630529,0.010428141592121942,0.5157949998650734,0.7583952471817358,0.2651612127694546,0.3537245296126381,0.11167066131212451,0.14152265212311496,0.34863172149184674,0.06764420626220796,0.5780128499199026,0.7451711709273319,0.43175289294922586,0.44311549582955534,0.2740285897225173,0.2604883638053221,0.36521297552431253,0.1740697134144416,0.5063525902229724
images\B\B.b589ecd1-c0ca-11ed-8f55-683e2670f3d6.jpg,B,1.0,1.0,0.7189559335523572,0.9914637635741829,0.46780716638663533,0.7917264394619183,0.2780929460952534,0.690987462798126,0.11490995562816853,0.6003029677801114,0.6934440347782089,0.14920360252340142,0.33080085581336083,0.0,0.11493026838460266,0.16359481538722065,0.0,0.37927809386259104,0.7521852948108063,0.1754935756816045,0.3274843366719349,0.03549287495304145,0.09780384478930478,0.26393622591488874,0.013671639214053288,0.491469602978875,0.7703675200871233,0.2757449620536018,0.3751366783057222,0.10377352063548295,0.16017785664872297,0.3224426813767759,0.08519008469726953,0.5396909203096442,0.7509171324943396,0.43901033769277337,0.4599336650006359,0.2762967857970106,0.2737714071638937,0.3579822715673546,0.18755945232192117,0.4905966119773976
images\B\B.b6c27c46-c0ca-11ed-bce8-683e2670f3d6.jpg,B,1.0,0.971284446146807,0.7072189284235834,1.0,0.44246014779572673,0.819392211146264,0.24689448815134454,0.716207233253501,0.07994149645106115,0.6208173793643675,0.688778081270079,0.14916057928185444,0.33476929261824934,0.0,0.11775326880262878,0.15004523225661934,0.0,0.35151892689367764,0.7556509269504521,0.15461707521095133,0.3315939077779592,0.011499579937506332,0.09701651111091848,0.22640664139476196,0.00903159664881401,0.4391663633765482,0.780227009325848,0.23514457737714706,0.3775303921157495,0.07642592928319482,0.15841197022157177,0.2903570099547314,0.08011673533703849,0.5007422088517095,0.7623104731707626,0.38445191727063427,0.4577654371284813,0.2444163948414781,0.267715116860675,0.3315026878092821,0.1793516114363521,0.4650516638245997
images\B\B.b7fa91d6-c0ca-11ed-8937-683e2670f3d6.jpg,B,1.0,0.9917560508968483,0.698484035913085,1.0,0.41490315289911767,0.8125380170316302,0.204242496069577,0.724647502546257,0.039412013967100576,0.6216399132858031,0.6989585720420959,0.14691593461777852,0.3573230820811581,0.007798354127765518,0.12913320372217554,0.15896777570304985,0.0,0.3655660293951225,0.7638441146431596,0.1497287528999038,0.3347771313647158,0.0,0.09777948091470536,0.20045540867424885,0.008436489300641054,0.41106578537882643,0.7931561397940513,0.23218813656425055,0.3799920783466303,0.07883096743620212,0.15282614880069936,0.27196588722910653,0.06487576572604385,0.4793664771119787,0.7784130891848924,0.39012989447179314,0.45620353450724194,0.2454255785661744,0.25906310352828343,0.3250301483901997,0.16159052110505395,0.4627494978215357
images\B\B.b931d1d2-c0ca-11ed-9ad9-683e2670f3d6.jpg,B,1.0,0.9925716765503905,0.6952706035317637,1.0,0.43288306182778213,0.8015192733731185,0.23470684828863148,0.7036049335044159,0.07292838888250631,0.6186580928770598,0.6943201380112847,0.1448681730686292,0.3376736387465113,0.0,0.11589266014536585,0.17361253568129315,0.0,0.3930535499842012,0.7541394849676496,0.15322922686174004,0.32337605352874166,0.0019244546521881175,0.08616431334172142,0.21679120203332533,0.004594762565869337,0.43302196139738824,0.7724986954168644,0.24126073678993276,0.3702012449252754,0.07311676291174547,0.14713667648045387,0.2708359310789594,0.06837445942273523,0.47735413853838876,0.7510578542825623,0.3973163108928334,0.4512574981809659,0.2440669724520529,0.2626039340967509,0.319299026554882,0.17011717947972624,0.4497145720010172
images\B\B.ba69283d-c0ca-11ed-97b8-683e2670f3d6.jpg,B,1.0,1.0,0.6851299100783413,0.9973233848209391,0.42035520300638096,0.7917100724281315,0.22563131508957152,0.6847917669185523,0.05999273407806683,0.5885631767553113,0.683844979252644,0.16852099604985538,0.33961793282171093,0.0,0.1179744151191334,0.16113849125979823,0.0,0.37106197373268396,0.7538488002064161,0.1768240555170706,0.33100739234709486,0.0023963505669629716,0.08990943916576313,0.21384145836307838,0.005573986683529621,0.4274260074984004,0.7814790427970322,0.260199252275167,0.3781334288336785,0.08123267074548624,0.14773132632214164,0.2788800344073285,0.0624187812332422,0.4844845334475544,0.7679477906380523,0.40895983050160317,0.4587193648099087,0.25495618882431637,0.26469856998572666,0.32770688904517903,0.16929410111475035,0.4543975104041627
images\B\B.bba0f056-c0ca-11ed-be8e-683e2670f3d6.jpg,B,1.0,1.0,0.686020612150854,0.9880379149742424,0.4136093618057157,0.7834543761557173,0.20273903573476904,0.6862287109311699,0.028688976842232886,0.5851426979687405,0.6789492453846201,0.12485426245634443,0.3313838254147697,0.0002895041813864141,0.11154772047760024,0.16744203565675403,0.0,0.3726597682039441,0.7599628316345982,0.12814392343424663,0.3230294680538184,0.0,0.08950907731237862,0.20933604997166275,0.008024729655553255,0.41744225464630125,0.8006993222267109,0.21388227297134654,0.3774052521628266,0.07127058611238368,0.1509188135486459,0.2707643698750971,0.06663878723526183,0.47759167559414056,0.7955725694811158,0.3757098546172194,0.4696612270201892,0.2400458301324361,0.2731865384970587,0.31432182879046816,0.17229725409702137,0.4420194515275397
images\B\B.bcd98881-c0ca-11ed-9cad-683e2670f3d6.jpg,B,1.0,0.9823568297771661,0.7063162330827213,1.0,0.4330212388460939,0.811165114265844,0.2242716886585678,0.7081598173898587,0.05047858122891655,0.6051765706178837,0.693993295629266,0.14855155071766474,0.3417035336498217,0.0,0.11742126116833859,0.1511909481677025,0.0,0.35333042565961786,0.7635901097061354,0.15187361938786265,0.3287739507101745,0.0066631004298447274,0.09166264160673977,0.2116351342829284,0.006821514410355982,0.41858418046157925,0.7940647845422304,0.23109876109285607,0.37597924416109735,0.07102691303394879,0.14803400678519266,0.2697592084541863,0.06401817723477421,0.4763779440747622,0.780800849015031,0.37927501904026484,0.46229128220128124,0.23408522718001662,0.26948818556712933,0.31330463585796736,0.17713422789087502,0.44696663334160947
images\B\B.be122fbc-c0ca-11ed-b0e1-683e2670f3d6.jpg,B,1.0,1.0,0.7090357047972715,0.9682258895393804,0.4727374259123048,0.7391989954454119,0.3002455327132994,0.6195310544582979,0.15369907352812293,0.5118804827985524,0.6829636271114735,0.12879073548216224,0.32298541349388327,0.0,0.10970875167424311,0.17129552885863872,0.0,0.3847793450202653,0.7470173350408816,0.14725280711302788,0.3221346983930478,0.014577123936546636,0.08795586559802657,0.23120299074759768,0.003911041079811668,0.4532554809788772,0.7726778207927802,0.24156175554742637,0.37229844040153387,0.08599808124062867,0.15150116342402276,0.2985328487753704,0.07513915891165365,0.5094339002423572,0.7611656356984651,0.4007976516564209,0.4645450486683372,0.25277142391574364,0.2770587282497523,0.32954433926070004,0.18826545431352476,0.45350718313820937
images\B\B.bf4a5892-c0ca-11ed-b9fc-683e2670f3d6.jpg,B,1.0,1.0,0.6786170248997374,0.9838581069085722,0.4220551971332763,0.7855512954793757,0.22010416081782258,0.685803007961997,0.0481048824692999,0.5862973610340049,0.6941417364002294,0.1452818125034996,0.3358597271531494,0.0,0.11519775919852503,0.1498008307076207,0.0,0.3497883297255557,0.7562392016914627,0.16081862333803132,0.3220945013655229,0.006326017799141339,0.09108318598081548,0.20725369484321468,0.008200271171588287,0.41417837078346864,0.7782210370610375,0.24760452101488875,0.3642568048328558,0.08048505546659698,0.14311619049021673,0.27404713651549883,0.06018241950226298,0.47793989024311373,0.7592675605694787,0.39906303403175336,0.44951016985503456,0.24972013860463865,0.2644226742157793,0.3262751978345521,0.1739377962199822,0.45753030077449663
images\B\B.c083cc22-c0ca-11ed-9dcc-683e2670f3d6.jpg,B,1.0,1.0,0.686016628197488,0.9939642848245688,0.41941262355717035,0.7913360171360116,0.21423137498019248,0.6950119468699725,0.03549673508396154,0.6154659410405469,0.6930548043934682,0.15114112603456134,0.34687316567003124,0.0,0.12567684053416867,0.1496765582175541,0.0,0.34974150443587915,0.7635561767342269,0.15894253920483276,0.3370792416419303,0.011491459747111838,0.10029777804881092,0.21803354563957822,0.007111637689796128,0.42645277828646,0.7913853684011506,0.244914986449142,0.38213279907363173,0.08427274439729604,0.15899539523578668,0.28516415965231484,0.07040271732181998,0.4908828358858013,0.7732469721267785,0.40013907056979164,0.46139257092389363,0.25633170996924454,0.2760068403952511,0.33411332896570745,0.18499370044145177,0.4624463570896927
images\B\B.c1ba79d3-c0ca-11ed-8327-683e2670f3d6.jpg,B,1.0,1.0,0.7047728749288891,0.9818301234303134,0.45457099276230706,0.7813855943075763,0.26781202010412847,0.6808581527962346,0.10536863284316328,0.5866975402019768,0.6910970316862223,0.1356675500442327,0.33283475445538324,0.0,0.11497911652887631,0.17140939571612943,0.0,0.39083090468330534,0.7525044428169644,0.15382833114403777,0.32474866316189516,0.013655172545850743,0.0920310215026234,0.23418824367434005,0.009316409837474874,0.4561722816034069,0.7755403841844641,0.2499018646670675,0.3708632946511913,0.09259906402827829,0.14894746459956867,0.3080305339711013,0.06990313883902839,0.5232705203374707,0.7592742482913417,0.4137835622838629,0.45656515168526396,0.26782377000524665,0.26893899001135424,0.34610608573102686,0.1787926718300272,0.47393573428207064
images\B\B.c2f10c68-c0ca-11ed-8516-683e2670f3d6.jpg,B,1.0,1.0,0.6941222358906658,0.9941673675937289,0.4181043535659636,0.798250432676975,0.20547455784636617,0.7039617687470004,0.028939916035238426,0.6197855808146292,0.6922089102352537,0.14712662901602294,0.3431758436289025,0.0,0.12318909150497256,0.15927538894223991,0.0,0.372494954881944,0.7582705751747727,0.16016676355843507,0.3257057263598114,0.013599245267241138,0.09709493003321201,0.23169157014926967,0.016624468873261217,0.4510079783365722,0.783763273840984,0.24498835297189367,0.37672620517590366,0.08880831131213991,0.15592150056430412,0.2926684437817947,0.0740814767458231,0.5042716148336479,0.770838978297948,0.39662700998526385,0.45669075441345836,0.25265266235894906,0.26693177805422397,0.32666967053388624,0.17286678037375627,0.4531750327927114
images\B\B.c429e002-c0ca-11ed-ae36-683e2670f3d6.jpg,B,1.0,1.0,0.6910596801212882,0.9801151278088746,0.4303402805723751,0.7714136245665146,0.23458162147997716,0.6718011734607109,0.0678993570606347,0.5910111393734149,0.693829373063929,0.13939837031669391,0.3323528586001329,0.0,0.11730274302078557,0.16308894861765294,0.0,0.3733520160306416,0.7615289229127867,0.15035843420264564,0.32731930783412727,0.009175287080101449,0.09659672634366841,0.23055970452747318,0.009895838207631045,0.4510877803328872,0.7889273113529802,0.23453593954496046,0.3785027093296398,0.07821407709200612,0.16045361384331747,0.29481166953808385,0.08100895622958644,0.5093758549552281,0.7754625513556007,0.3864725748848352,0.4649041206143019,0.24619614244201093,0.27400634516578853,0.3249352082578508,0.18188913741308152,0.45227593703092994
images\B\B.c5619f3c-c0ca-11ed-8882-683e2670f3d6.jpg,B,1.0,1.0,0.7811514367688074,0.832380651903016,0.6030833309399813,0.5344368133467863,0.4706116344951154,0.3517506646183751,0.3429889069828816,0.2510150583307836,0.705529050280972,0.13075539396968006,0.342156698901915,0.0,0.12179704480196726,0.16910263020538321,0.0,0.3824697441153085,0.7525456408465817,0.1799853259885636,0.3320037603141224,0.05031248444988867,0.10244639777149149,0.2696100799659512,0.008836104985763135,0.4992445954430101,0.7629206523516323,0.29897610126550117,0.3691365230572521,0.13670969702295435,0.15397997861134774,0.36064665171032695,0.07366466220606151,0.5822025204149802,0.7413759610816082,0.4734803769505795,0.454160147138007,0.31734773066307265,0.2766031256197745,0.3973073294887282,0.18881874168781296,0.5248076550485058
images\B\B.c69a1a57-c0ca-11ed-9244-683e2670f3d6.jpg,B,1.0,1.0,0.6922629292044744,0.994276399497559,0.4374806095156913,0.7943320456135549,0.24211579085773505,0.695625682308555,0.08072392395895886,0.5973840905405667,0.7034516061730599,0.14842923932391774,0.34263747280039875,0.010534369832578362,0.12112293220110545,0.1748024269294681,0.0,0.3858136731359793,0.772423514756526,0.15064830886846423,0.33985865027881135,0.0,0.09885612901602069,0.20566930940550346,0.004664300880572022,0.4168810984326495,0.7977419891279216,0.23140157299645753,0.3877021932093142,0.060604130730432054,0.15824446346544618,0.25424809766616036,0.06743995741679115,0.4579146889034328,0.7760933292970548,0.3855340875369412,0.4682767560457737,0.24040386794706933,0.27183277387596344,0.31172032767974217,0.1705819273982633,0.43664224470650514
images\B\B.c7d2c90f-c0ca-11ed-83fb-683e2670f3d6.jpg,B,1.0,1.0,0.6924708011573446,0.9857811052600459,0.43638183605932035,0.7744000766869792,0.23730391581947607,0.6680291446355846,0.06725241169814374,0.5758654609371221,0.7137989961254743,0.14977432885455097,0.352077267607151,0.0,0.12805753986620447,0.14689587950827163,0.0,0.34867490991967576,0.7765268142501032,0.16757179997599053,0.3465866657277834,0.011529027275838405,0.1092675940937091,0.2126863197954536,0.014960421173092693,0.42110647843716237,0.7944428524362273,0.25568209305284056,0.38966182247971043,0.08039859311644774,0.1708384406485476,0.27224639096383707,0.08669195900095668,0.47296291252846645,0.7710063670742959,0.4049009788340354,0.4584738840832003,0.2510889371865554,0.2783435300876729,0.3296536722850032,0.19411170954557505,0.4611660183511224
images\B\B.c90c245e-c0ca-11ed-998b-683e2670f3d6.jpg,B,1.0,1.0,0.6952114829324453,0.983660238977003,0.440290009764874,0.7661295409465145,0.2534644327866713,0.6564339142047964,0.09402105390723137,0.5674766738532512,0.6946414380233471,0.1427136791213459,0.341961690931252,0.0,0.11962133729832272,0.16267925430752622,0.0,0.3683917948596937,0.7658276021990775,0.15819259290184481,0.3400310891213711,0.0028942982143659386,0.09994849553356064,0.22067276777590564,0.012884739529561467,0.43622719288015344,0.79283505286782,0.24777198484509513,0.39034885536567004,0.07589251071974908,0.16346165946924765,0.28126334438019224,0.08059679926542046,0.48727947312699926,0.7774457047372456,0.4037981651292882,0.47342392836917285,0.25193282214950424,0.2845540202615308,0.3289929448644812,0.1946752305465766,0.4538380309333227
images\B\B.ca453a22-c0ca-11ed-a04f-683e2670f3d6.jpg,B,1.0,1.0,0.6849474108515505,0.9958091712897508,0.42470846300948667,0.7841990103131258,0.22692967490344595,0.6805137903069537,0.060255821365630506,0.5924157797282846,0.6839429674903446,0.15010505106324953,0.33804323371704975,0.0,0.1188078855600135,0.15471168820916195,0.0,0.35771187839554464,0.7529214631219768,0.15830594170966794,0.33148130788556,0.0008787149142008224,0.09326277700701188,0.2073632631677157,0.0014630751059282313,0.416742771123248,0.7828461884585098,0.2454924930205186,0.37530137987926054,0.07684068122609214,0.14915726123964154,0.27518085648463797,0.061076999512542654,0.47796888120169084,0.7692287862312047,0.40113403116185936,0.45811803967152875,0.24839418101437521,0.26712006449435677,0.3246010571492138,0.1752432599647531,0.453491355490645
images\B\B.cb7db1ad-c0ca-11ed-8065-683e2670f3d6.jpg,B,1.0,1.0,0.696575649544684,0.9880634525937191,0.42109691459651444,0.7921019504234983,0.21251274622152,0.7008603177070035,0.05063861276875348,0.5884133521308127,0.71343498977768,0.14622292774441348,0.35003186267394876,0.0,0.1257177165221903,0.15870519409877556,0.0,0.36989132244707656,0.7773137761484732,0.164027840991086,0.335236339022537,0.006328830078927212,0.10260794719136174,0.21273092592387022,0.01711553179793489,0.4295602943951689,0.7988605926226966,0.2531443224581775,0.3837404060636304,0.07311035378484286,0.15920232268064846,0.2636524094446233,0.07200088837650576,0.4699013132333515,0.7774183723449499,0.40833364785808646,0.4557205595113192,0.24942242154457556,0.25795956320259733,0.3190026975122942,0.15754997924203237,0.447047722655773
images\B\B.ccb6be06-c0ca-11ed-a0da-683e2670f3d6.jpg,B,1.0,1.0,0.6822889975784983,0.9869777667338374,0.44198351439028566,0.7689220544167855,0.26318081711810054,0.6547925967332441,0.11194490932075316,0.5582737131566491,0.708092236226281,0.15256534426386015,0.35500763101779076,0.007308778609097005,0.12528391909302566,0.16363892679666892,0.0,0.3670788663742203,0.7756000479357549,0.15996602352567485,0.3524038055766816,0.0,0.09975439920131944,0.20410242729253092,0.0031759769124990616,0.41245012939701126,0.796496399922221,0.2434064627572605,0.3973729527632305,0.0701889004533022,0.157135083237081,0.26151133746231964,0.06395040048271491,0.4585133240332252,0.7729258110258764,0.394002634782791,0.47047637788483015,0.23525317960644215,0.27323053880627846,0.30431384340574896,0.17386270323151337,0.42475990954477505
images\C\C.49cfbd93-c0cb-11ed-bbcb-683e2670f3d6.jpg,C,0.9676050591220752,1.0,0.6439737157706753,0.91364116788234,0.40805086476619895,0.7199418188621935,0.19695318104440201,0.5951031705037754,0.0,0.4857600023089333,0.9066200293097522,0.3618986696762418,0.7259019541517636,0.09562815425664789,0.45402853042298114,0.02814335888088392,0.24720384689349215,0.03981466829486272,0.9872700393841188,0.35464792250742194,0.720108390088659,0.03508931690407875,0.39861492374002716,0.0,0.19018614400515513,0.03923320524724993,1.0,0.3787897109155816,0.7264921881203251,0.06916150888790029,0.39491655257465474,0.025850598083386328,0.16935813662309981,0.053807351364907996,0.9282750985979877,0.4318262567513906,0.6919644188972172,0.18023488420002926,0.47381743228029044,0.10848627528257064,0.31463830728608494,0.09813687993447406
images\C\C.4b03f3f8-c0cb-11ed-a689-683e2670f3d6.jpg,C,0.9876948068429869,1.0,0.6610320100115433,0.9117376409606,0.4100327317431695,0.7088193675827055,0.19291687726368806,0.5752248575131065,0.0,0.4550772403036044,0.8788236878058255,0.3369783029978376,0.6843260637816531,0.08192356321612711,0.403995347369211,0.03305164189803965,0.1926873357067342,0.07024421682428521,0.967229411336263,0.32751282086630457,0.700009932086599,0.021281948771678293,0.3794560306526264,0.0,0.17499718590879695,0.05151413249410161,1.0,0.3542859801562137,0.726339672947424,0.04476496063147198,0.395496571222993,0.029544120717023194,0.17926533458992622,0.07994208946640775,0.955391688388508,0.41462996734716384,0.6992621563222146,0.16698489067798947,0.45297510136246155,0.11603351740762477,0.2753236204883497,0.1271759530965051
images\C\C.4c389ce6-c0cb-11ed-b091-683e2670f3d6.jpg,C,0.9999345838716536,1.0,0.6771841264130338,0.9117053940007208,0.4167357170243657,0.7171148765724916,0.19830581313156093,0.5882721882791242,0.0,0.4623688222770211,0.8610193468199585,0.3356450420301289,0.680335911819059,0.07566859921451281,0.4026090132522173,0.0307117811931429,0.19376484355551193,0.07499210425602275,0.9549232905039404,0.32937377770786863,0.7023438962209466,0.020689202461738155,0.3819039000732297,0.0,0.17369254056254235,0.05458875868996293,1.0,0.35636991467642315,0.7352136836003583,0.0429582968477713,0.401660933669863,0.01892179435890894,0.17710917043263683,0.06760391727985117,0.9726415214337761,0.4187880311668238,0.7146157801872718,0.1713058136208086,0.4689754925743609,0.11510768556236894,0.28988975565258945,0.12347383009845218
images\C\C.4d6e5728-c0cb-11ed-8941-683e2670f3d6.jpg,C,1.0,1.0,0.6462667643167916,0.8803753120801536,0.39076706971466285,0.676755127905269,0.17256065259617137,0.5546646940118686,0.0,0.4509258241907673,0.8153091900153712,0.29139599775900615,0.581638206286854,0.04498697286330482,0.300041467530851,0.040412952074279154,0.07538768161041653,0.10725984106349301,0.8960941638611554,0.29014473991960704,0.5612424048562603,0.0,0.24508613377874142,0.022228701039451283,0.056225050730783814,0.11593205219557567,0.9242834005401634,0.33352233106876916,0.6064579346998561,0.05353473268533074,0.2889595774798741,0.06427366233879259,0.08633568870838411,0.14343883772919874,0.8862776486390255,0.4114395122030819,0.6240222925972135,0.18697917289920424,0.39430990212794287,0.15374305808634353,0.22636531664403925,0.1887243196788634
images\C\C.4ea2f5cb-c0cb-11ed-a181-683e2670f3d6.jpg,C,1.0,1.0,0.629769355491765,0.8776996309433368,0.3779635812993295,0.6786970256179718,0.16590717207645422,0.5521942002371112,0.0,0.4434051288625227,0.7972260199977849,0.29049147337087045,0.5757350284424642,0.040484284525499986,0.3070195602085115,0.037771620370136635,0.09894091992715534,0.10587709510941203,0.8830429169821392,0.28530365134078,0.5521338656876577,0.0,0.24523305027044398,0.024861112604976348,0.06947006051626749,0.11960219234540526,0.9116415287211694,0.3255491125452705,0.5974947390973581,0.040724205380153825,0.2877367860106289,0.054758368090394624,0.09443987500930531,0.13713814590129353,0.8737855440018447,0.4009275037321632,0.6051278140609084,0.17418056491812728,0.37760771005935423,0.14230050515083514,0.20971419544956887,0.17627970776630172
images\C\C.4fd80b65-c0cb-11ed-ac89-683e2670f3d6.jpg,C,1.0,1.0,0.6655690205078738,0.9008066892458001,0.3977702361501548,0.7119238948295205,0.17187250639957613,0.6019182944233801,0.0,0.5339878530652239,0.8021955611014628,0.2978495239211008,0.5729598715750635,0.049873569278177765,0.30972604539289317,0.039075036566835655,0.09396415565408725,0.10557741873642057,0.8568957679642545,0.30185789701643023,0.5351702023505822,0.0,0.25689321451742037,0.02334330933412857,0.09267500098274105,0.12095168739970746,0.8711265303462037,0.3462870461097147,0.586988038109522,0.06418322824805806,0.30297184253699727,0.06926797100214431,0.11542318845546369,0.14415720544171318,0.8258807963663107,0.42495322640196537,0.5845538641210145,0.1970153651713316,0.3776342919846296,0.16399915150740568,0.22357510107113734,0.19393802631392096
images\C\C.510ca348-c0cb-11ed-98c9-683e2670f3d6.jpg,C,0.0,1.0,0.3407313552229194,0.9132818789412739,0.5539733016036604,0.739361249162692,0.7684620369353369,0.651901512378113,1.0,0.6123467715244143,0.19616914490708542,0.34603627354668337,0.41398020609037195,0.05927504703410774,0.6776432405965658,0.0,0.887317170361836,0.012255644312406557,0.1402859337584872,0.35921855343013187,0.4301652379524652,0.058392526515121584,0.7456024932985094,0.016088605850226544,0.9784829372391937,0.04376388746228273,0.15289142406522696,0.44074119432834064,0.4397057927316395,0.1463410405182487,0.7353531547165555,0.09116737645810123,0.9601588066867701,0.09278734262339265,0.23218126425447347,0.581440995130225,0.45835890793162076,0.38744999196710994,0.6603685780546635,0.2846055148643583,0.8241678338578636,0.22095276221679672
images\C\C.52414328-c0cb-11ed-a721-683e2670f3d6.jpg,C,0.0,1.0,0.3071980045906524,0.9058818692003213,0.5338839016869512,0.7505829210934746,0.756768941847051,0.6788522769815682,1.0,0.6489733682752805,0.21205747217155735,0.3364776845265572,0.4458572947874219,0.07437650614452444,0.698818532281426,0.005449380822395801,0.9098541175860044,0.0,0.1568317939259088,0.3378697891488534,0.4521852089309056,0.04306392050101227,0.7545745249424366,0.0006460746647862956,0.9843493278179193,0.044380149969286464,0.15448691404581788,0.3950587555384319,0.4600606392820447,0.10894808867306623,0.748455457012818,0.05790523693039113,0.9672232175002676,0.07651509506657023,0.21724511121466328,0.5114353398298216,0.467954089151205,0.3192017752059988,0.6631384450381275,0.22506024578097797,0.8110303956833884,0.16942308531093367
images\C\C.5375b7d3-c0cb-11ed-a875-683e2670f3d6.jpg,C,0.0,1.0,0.30152225262915194,0.9106014624092846,0.5236579372043614,0.7558496828157774,0.7512438492651821,0.6822651356803017,1.0,0.6542445314955163,0.19055388905118503,0.34558897419406703,0.4446789669487696,0.07817558777744484,0.7015079656960139,0.02168993780558215,0.9077250470582712,0.01861356145261604,0.141197285190388,0.3417602902162553,0.45480770829371087,0.04236743490049624,0.7595059717370847,0.0,0.9844075115651993,0.038371571450496605,0.1443590456109427,0.39243416965701716,0.455823688283235,0.10541602109201996,0.7489939313419687,0.04254671889730978,0.9754834765771943,0.05365159249866622,0.21960824937019655,0.5016384501823444,0.4641943329838333,0.296541440411024,0.6647434116136689,0.20099745850660314,0.8247223502626183,0.1513947153015808
images\C\C.54a97baa-c0cb-11ed-a27c-683e2670f3d6.jpg,C,0.0,1.0,0.31899600414102264,0.9035808534496651,0.5470039877739137,0.7489433072699968,0.763665135772107,0.6629269209613283,1.0,0.6219642784103443,0.22034867204666406,0.3472639531382953,0.44358959187701,0.09524460891696455,0.6882566654918824,0.027575372125036964,0.8907832846453247,0.013606755860004054,0.16863017338419084,0.3382563335069995,0.45962502944616945,0.049520786410499,0.7574451492741634,0.0,0.9844560975529085,0.03121498598265886,0.16670170194265704,0.38044089751214827,0.4743993808311225,0.11349296763752093,0.7666242690826797,0.05239980054093549,0.9878183815393006,0.0572975442440839,0.22762596437353436,0.47923012913655727,0.47555462618156774,0.2858987760893194,0.6694002757006718,0.20015998744775765,0.8201178067280225,0.152281095129502
images\C\C.55dda040-c0cb-11ed-ab4b-683e2670f3d6.jpg,C,0.0,1.0,0.314054343342679,0.9092407352925153,0.5475896541719825,0.7591144272643733,0.7630903335135378,0.6755386478957137,1.0,0.6232082148344285,0.24257262583836287,0.3455121604393449,0.46789158696974575,0.07731940040462155,0.7092705915058687,0.028103309252176568,0.9029277295331954,0.03093093829339784,0.19068892129393256,0.33871118593340815,0.4835813272381123,0.0350109781744086,0.7745031268534387,0.0,0.9842409410115791,0.04166144545055009,0.18095932402845652,0.3854585499002975,0.48835707936884853,0.11539273533610103,0.7737341053351343,0.062186954042401724,0.9884018741030872,0.07447565369625779,0.23337730758489778,0.4881537416596748,0.48035230560759484,0.30419259113973246,0.6757398777927255,0.21741030404730513,0.8252049743692675,0.17052196724526822
images\C\C.5712116a-c0cb-11ed-8bac-683e2670f3d6.jpg,C,0.0,1.0,0.3099449702888122,0.914870071561432,0.5399303869370841,0.7614621988876367,0.7575497540990844,0.6748549987630226,1.0,0.6228843105454612,0.2195804306429919,0.34617292943731276,0.4712633656197851,0.08050798537617856,0.7193657639998705,0.02949549648606797,0.91778617068555,0.026791326497887975,0.16799108811523056,0.33976928081219016,0.4799868882276592,0.03576445201902197,0.775387503642159,0.0,0.9904111887123974,0.041249530406736484,0.1648687645502412,0.3854128297460989,0.4869401008326196,0.11041122625690646,0.7783772011148685,0.05695799774595234,0.9977760756509532,0.06776734746236382,0.22614790550105807,0.48398434994548134,0.4841801536917512,0.29477674849042945,0.682832150183506,0.20933368151955797,0.8344741752533323,0.16293168219760484
images\C\C.5845acab-c0cb-11ed-a72a-683e2670f3d6.jpg,C,0.0,1.0,0.31842015962584147,0.9074118851275279,0.5393592823587972,0.7570448173611535,0.7453027211282363,0.6712893482192538,0.9798036495936445,0.6171209091745593,0.2194062321946618,0.3370733078384888,0.47583334608491834,0.07260391044245176,0.7218683082307131,0.026459748809795354,0.9192830068777549,0.02857335955425349,0.16826529537621526,0.3311169760365358,0.4886662412137829,0.02990267161585393,0.778163285696412,0.0,0.9899291881980931,0.041789534418839244,0.16738660615514508,0.3807115952224223,0.4953348101168975,0.11091604487878076,0.7818121592513949,0.05980990974514517,1.0,0.06920162960598523,0.23064052861770717,0.4865971688986643,0.4812296968513186,0.304089609606483,0.670975802292225,0.2185202258871537,0.816662511150136,0.16847786005873908
images\C\C.59796fd6-c0cb-11ed-892d-683e2670f3d6.jpg,C,0.0,1.0,0.31175991657397534,0.9197911127182999,0.5237863032606231,0.7668122590693904,0.7463590815503133,0.685262550845074,1.0,0.656996589450696,0.19535473237331313,0.34156592192371055,0.45236899220781995,0.09871495796492075,0.7042179840797372,0.03774932108088178,0.9131141771566291,0.025493560608746416,0.1486444034405601,0.32985046053051414,0.4642935392926041,0.0494815634165999,0.7637737298105279,0.0,0.9935021906202215,0.0334113292633639,0.1518072330546613,0.37851944816697747,0.48071154887041256,0.10824700601986768,0.7707473377799731,0.04473066587252629,0.998728531807317,0.04701405581199672,0.21814573292831607,0.4842443494312206,0.480940955169963,0.287462272423239,0.6770751345710331,0.1852802771928083,0.8347549398695934,0.12141579157596685
images\C\C.5aade828-c0cb-11ed-aba6-683e2670f3d6.jpg,C,0.0,1.0,0.3150120655855972,0.9142265647389525,0.5274337253416961,0.7622037438863842,0.75396832227181,0.6786993306763593,1.0,0.6352686677825611,0.20093980228828912,0.32488287487081746,0.4624573008486135,0.07105224359376365,0.7107767438223042,0.026269586230055833,0.9065372686088599,0.024700344968027095,0.15844083971536518,0.31768746232791534,0.48124511455103264,0.027034919700331953,0.7738921607183149,0.0,0.985611849980374,0.04354898903329674,0.15972897053931615,0.3651509167081005,0.4874969924904873,0.09325969345483692,0.7760571933827681,0.041906622217057946,0.9912571745238593,0.05393613086303063,0.22842928115003422,0.4742393344959271,0.501447159320735,0.27964986822017845,0.7014486934779981,0.19024784356527072,0.8518198659894921,0.1367516492888954
images\C\C.5be1e84e-c0cb-11ed-962f-683e2670f3d6.jpg,C,0.0,1.0,0.32143066450906066,0.9172588458955436,0.5420361753633495,0.7632305367942868,0.7615591503213078,0.6768100937333792,1.0,0.6298556135237622,0.20128429819011195,0.3229931341673676,0.45582562959727796,0.06966058326510348,0.7022175187903967,0.0199424447431344,0.8997381382995601,0.015753644126131613,0.15635308588055896,0.3180146836230657,0.47814080059128855,0.03577340051062942,0.7717865015239492,0.0,0.9890843052825885,0.042698846938785014,0.1645618809247843,0.3690638864282674,0.49108606347019945,0.10626019372620688,0.7800630483837553,0.04666363008894565,0.9990272108462631,0.05255631407900877,0.23663805412306194,0.4774736697973224,0.4992028429632367,0.28572962162937543,0.6941419876478921,0.19206843104872776,0.8428859660419687,0.1387627529278291
images\C\C.5d162a19-c0cb-11ed-80a4-683e2670f3d6.jpg,C,0.0,1.0,0.31721504315285015,0.914879164147857,0.5268985049263283,0.7584994689632097,0.7341779985125968,0.6743459500714907,0.9630869063680793,0.6291470422884923,0.18556392554387116,0.3160935066791661,0.44396280676764754,0.047873254673582256,0.6896515052083199,0.004995296262568478,0.8838498915944674,0.008238182873693187,0.1446810883759847,0.31289858619831035,0.47824274464799793,0.023320003921936533,0.7765871470428134,0.0,0.9883653498046996,0.0462772052016917,0.15625885855329102,0.36597804703079073,0.4917805594844558,0.09917796868611128,0.7845525728851658,0.051048189266825944,1.0,0.06564752747530508,0.23514773797247007,0.475483781922459,0.49892761712003314,0.27927691528875725,0.6954328865812441,0.2012818713186289,0.8431052710175372,0.16301759628083792
images\C\C.5e4a67a1-c0cb-11ed-9e77-683e2670f3d6.jpg,C,0.0,1.0,0.32615718905839575,0.9101168677381906,0.5321446690490441,0.7566385217674705,0.7508620246289521,0.6683175313695289,1.0,0.6256533914053373,0.17440053894554083,0.33586445257853365,0.433823843856505,0.08345742907713215,0.684435592635692,0.03276360097875627,0.8890866353826564,0.027716859927481283,0.1334866072748982,0.33273296254160484,0.4525556300951199,0.04205741522242157,0.7512655555813021,0.0,0.9752161914251368,0.03447684287409927,0.14458257812572117,0.3867907422637946,0.4658580222876437,0.11608968925929834,0.7523371167656938,0.057145799442371144,0.9698075202570843,0.061406355406800804,0.22302526514451476,0.4960776756444881,0.4819389756455318,0.30031410209619913,0.6733465922074819,0.19705675735613068,0.8218310998780552,0.12806355313816167
images\C\C.5f7fcc07-c0cb-11ed-9b7f-683e2670f3d6.jpg,C,0.0,1.0,0.2911329804281278,0.9141852947273205,0.4817746610010278,0.7497835394556875,0.7015071916407882,0.6674225249056227,0.9180755937316962,0.613548325674595,0.12723789052571088,0.333066776080429,0.42565403041320854,0.05193972730135202,0.6798252096986307,0.0,0.8816608324952756,0.002388211942500157,0.10490595334136395,0.3468419267475461,0.4779346756992717,0.01815185120748635,0.7762458281300076,0.0023283434685858187,0.9902537795484434,0.0562439554785618,0.15694588725452274,0.4274156647887622,0.511276136351078,0.1038317398791332,0.7961941356216915,0.06511821885438299,1.0,0.08207450113918903,0.27879453678428945,0.5676168273625034,0.5424670809066495,0.3361277206113877,0.7279073927746527,0.2320794639205793,0.8609268458452596,0.16614041677910762
images\C\C.60b4ae96-c0cb-11ed-974b-683e2670f3d6.jpg,C,0.0,1.0,0.2926664484012055,0.9155093775652597,0.4704292274242157,0.7466458841694739,0.684478807263203,0.6618373552703803,0.9098567003299166,0.6097038471635403,0.12310893964959999,0.3058913111120017,0.4364664500801706,0.03985673495651751,0.7088805500289621,0.0,0.9191900672425517,0.016146136108095403,0.08751252927695369,0.32627807629665084,0.46963809907572973,0.009789807990799624,0.7833124302180137,0.004686643740777448,0.999629956095063,0.07074589592210662,0.12726404244423736,0.417393175998152,0.493170473719999,0.1074053293911731,0.7912200199796845,0.0800282243302913,1.0,0.10716599895802328,0.23146430939968604,0.5663352814485367,0.5038661529033504,0.3508133857533775,0.7016119743789928,0.25798830050176086,0.8448166150384903,0.20422901153153916
images\C\C.61e89659-c0cb-11ed-ad69-683e2670f3d6.jpg,C,0.0,1.0,0.3115812564832422,0.8974618348017529,0.5472104548546609,0.7350635540540603,0.7701270509476406,0.6460646402058343,1.0,0.5976660517848537,0.2423689320743903,0.3064906979954295,0.4896512576459914,0.05297673906284204,0.7489494515394525,0.0285973490832312,0.9493495471229282,0.055800408341013547,0.17432430081694575,0.2954130653322384,0.49893457384327056,0.010509691940958332,0.7959576612810932,0.0,0.9997960153409647,0.057569762129508144,0.149757150220785,0.3433603686130488,0.46986492882967923,0.08654356946561054,0.7645334034034675,0.05209206216859474,0.9786903782047702,0.07587237228653772,0.17335308481019265,0.44609512867668416,0.4232504058177743,0.27981096218546564,0.6293607900834891,0.2118621065953162,0.7893635001130704,0.18048314931031453
images\C\C.631d5aaf-c0cb-11ed-b14d-683e2670f3d6.jpg,C,0.0,1.0,0.2783926566050851,0.926847101314947,0.5259719670673011,0.7522578374241647,0.7487801054767891,0.6462304219174024,1.0,0.5958594232178995,0.28241918928622467,0.3476513032980788,0.46119375689512054,0.09173613350134727,0.7066727151742727,0.03698879033578502,0.9185608827020996,0.05125506740633187,0.18868691570842552,0.3329166645628861,0.4062210167430449,0.048827905699658516,0.6962847596213032,0.0,0.9292413675169016,0.042879375953763954,0.11413589270707529,0.36608763412202266,0.3629448948497829,0.10592523187869529,0.6572827712931812,0.052242521901557974,0.8974291071761505,0.07261721604191597,0.07643484811239457,0.4505783473132558,0.314824227123044,0.26433365815705456,0.5372523545834664,0.19822109122978357,0.7175495389794252,0.18285555875330203
images\C\C.6451718c-c0cb-11ed-8bf3-683e2670f3d6.jpg,C,0.0,1.0,0.27840296272192205,0.9240789884689435,0.5287976578896743,0.7533297014919281,0.7548271304808428,0.6479811707670541,1.0,0.5908454547440788,0.3053562874571821,0.36112108173491897,0.46763217014414926,0.10227266997726057,0.7047532784275902,0.05103057301381773,0.9122344500398984,0.06661275727110576,0.20781444956753603,0.3404865723108187,0.4091543036559845,0.04430982568361731,0.6902622479648546,0.0,0.9120757847020372,0.049589521089129854,0.12201243362954227,0.3684562329097172,0.3527641177329105,0.09565948533654037,0.6407503861159352,0.04474175710856124,0.8732318453848674,0.06580027481306781,0.0626986470852915,0.44663654111043594,0.29479434368163737,0.26526952016716393,0.5189484969487203,0.1966329997049229,0.7044619882462494,0.17649812857726974
images\C\C.6586ed8e-c0cb-11ed-9de8-683e2670f3d6.jpg,C,0.0,1.0,0.2867105872919948,0.9252332673683809,0.5360467666342174,0.7575780824275102,0.7602735661543255,0.6457990363380848,1.0,0.5815295742870527,0.32686193780656864,0.3722689075630252,0.48951174276366516,0.12348495712278085,0.7217413049367537,0.07069674286096692,0.9252744046750757,0.08334169845412567,0.2352204515707131,0.3470191489565109,0.43188403208408627,0.0485638282616801,0.7086155278165615,0.0,0.9275553795819701,0.05082766895153966,0.14913880445795338,0.3698403934952821,0.3803087542558649,0.10715982638789304,0.658871698386567,0.06079076681867286,0.8780562592845086,0.08986697067905661,0.08408368536319856,0.43672574831980576,0.3125372248634799,0.2541978566170496,0.5327295983932157,0.19621609736044587,0.7136272026054675,0.18902543952734677
images\C\C.66baa4e6-c0cb-11ed-b8a9-683e2670f3d6.jpg,C,0.0,1.0,0.29283640224280555,0.9177223175562891,0.5406828535422096,0.750542149679873,0.7632904073862024,0.6413751941160023,1.0,0.5761888873850955,0.3104771638931699,0.36609126063642305,0.4657203679435798,0.09831021070075244,0.697855685459002,0.04315291914038667,0.8999656155667634,0.052423443447196225,0.21510186011544408,0.3490416212211462,0.4185168311901174,0.04430899045686288,0.6981555193245137,0.0,0.9128417920177875,0.051700416373849145,0.12806563548200203,0.3755183563715283,0.3598173183799566,0.09586924042109753,0.6450457377269578,0.04870987796837354,0.8690576072895803,0.0761588517258924,0.06721905496465196,0.44668573991338634,0.2962939368648752,0.26072447940000093,0.5130203659942577,0.19463951539574817,0.6871307968969205,0.17898623257057233
images\C\C.67ef0783-c0cb-11ed-afbd-683e2670f3d6.jpg,C,0.0,1.0,0.2786484051642475,0.9280564899089829,0.5292380958389032,0.7580305203798972,0.7570781704662397,0.6485145429362881,1.0,0.5798652057776019,0.3114370585205546,0.38288608033240995,0.46714144456561707,0.12667540561931143,0.689982350488409,0.05969454887218045,0.8914399360034774,0.060424910961614564,0.2125824961533507,0.35870943806885636,0.3954951722796238,0.059344331222793825,0.6610380061770238,0.0,0.885013828808488,0.03598189552829442,0.11895522542962306,0.3786738227146814,0.3271750993128432,0.09405322516818361,0.602220749338067,0.03447665215670756,0.8335329324257527,0.052179956470122676,0.04831078117963369,0.4429226850019786,0.2713271036709885,0.2536082805698457,0.49211001915540786,0.19161926197071627,0.6800884083225597,0.1794756628413138
images\C\C.6924095a-c0cb-11ed-a751-683e2670f3d6.jpg,C,0.0,1.0,0.2869922454287371,0.9212859667141603,0.5354998282349439,0.7481260039485959,0.761367342747122,0.6393729855937251,1.0,0.5736890210487633,0.3072274009796162,0.36861223370410723,0.45886130976459605,0.10553145610547046,0.6814211604451229,0.04560697634859525,0.8826676032120166,0.05532547151798763,0.2038337233473849,0.3492245884151709,0.3957327541723964,0.0524252720052886,0.6627582458839498,0.0,0.883578836525511,0.04290366110514066,0.10878756489659461,0.3732412457170233,0.32913658422011294,0.10560658952307886,0.6038092056780014,0.04870282030516566,0.8322821769670835,0.06786456941112758,0.04011425960980553,0.44044746785504757,0.26945625504515675,0.26164877929273417,0.48674924987847196,0.20027866315085252,0.6688088997120285,0.18774080508308566
images\C\C.6a5808c4-c0cb-11ed-896a-683e2670f3d6.jpg,C,0.0,1.0,0.2762590860978624,0.9338175986746141,0.5260828464631689,0.7588397664848752,0.7573263858919088,0.6492580388205248,1.0,0.5906759222647953,0.3210024782988818,0.3770157932970952,0.46467278071246654,0.12769209618964075,0.6822150565432914,0.058900892296620204,0.8803806776109381,0.05619893609535526,0.2217937085651017,0.3557001384533442,0.4037134837052158,0.056739828161595514,0.6639621230361206,0.0,0.8799094663088048,0.0370258148251003,0.1201574366105164,0.3787709379694461,0.31877960815538325,0.10252433826488336,0.5855137008506169,0.04594277111526185,0.8079985330915468,0.0631078305895999,0.030512893472794258,0.4451949878336847,0.24545400857926694,0.25657165079507377,0.46556605857970057,0.19049943118688498,0.6546479564255505,0.17165109556936778
images\C\C.6b8d0f65-c0cb-11ed-a751-683e2670f3d6.jpg,C,0.0,1.0,0.2979355214915048,0.92062676794622,0.5423313949308646,0.7495893009961907,0.7640743196287214,0.6380184460839653,1.0,0.5669928186626344,0.34066251827237215,0.38236175507994385,0.4905956194234318,0.1331109368751701,0.7022981252346452,0.065730017479271,0.8906641158568245,0.055282001853058184,0.2442243328087931,0.35835968979452276,0.4278249287077938,0.05449695758501125,0.6930842566040147,0.0,0.9091849124124324,0.03796362071455731,0.1451964629480226,0.3777276358180623,0.3524277292733387,0.09847442023154385,0.6110067577822332,0.04084809344286617,0.8228546437786067,0.05272127391363727,0.06434650807978337,0.43713431331224817,0.2708213181669316,0.2519400123995728,0.47276657693567326,0.17915024607551555,0.6419809248416395,0.1487209378871796
images\C\C.6cc0fe5d-c0cb-11ed-bf20-683e2670f3d6.jpg,C,0.0,1.0,0.2875351399094766,0.926840194328284,0.5430461123374043,0.7512207735452319,0.7687132724288537,0.6370993211053149,1.0,0.5663105076491688,0.3529894738282906,0.3835253496074934,0.5080046328521066,0.14826528334315128,0.7156542736128315,0.0793586798299416,0.8986217385755791,0.06934909581501333,0.25380485257844304,0.3544776462993284,0.4312986840976989,0.055607445119630956,0.6836979402970774,0.0,0.8909749963667457,0.03786345404314275,0.15023194453781985,0.36774718906640846,0.34951523732497475,0.08111396565931228,0.6103832972557557,0.022311019327556046,0.8285905107047145,0.03266404506154451,0.060678567100872424,0.42117950329865816,0.27559270353973575,0.23202748330139075,0.48500140297963085,0.16883794005647873,0.6633641962013672,0.1488526184569064
images\D\D.aa22a28b-c0cc-11ed-8d5a-683e2670f3d6.jpg,D,0.0,1.0,0.3091546975421574,0.9101869888313033,0.5456273325529845,0.7314998401215197,0.7007671863721854,0.597097830631997,0.8164900197822288,0.49686632179308665,0.4083793059681305,0.4057997793496995,0.6069932678883015,0.19949114849141306,0.8035366984062677,0.07433329473852819,0.9564431988492205,0.0,0.3305619409404956,0.4207275700690687,1.0,0.5574737640313614,0.9434885954104716,0.7339535098575731,0.7789082722537254,0.7745755421320291,0.29449110440734727,0.5100498472905547,0.9335769679984307,0.680414316233035,0.8339536380454696,0.8086425567118666,0.6546174132331957,0.8112282086831113,0.2795710987149885,0.6304221451792589,0.7881692528009867,0.7468682715306519,0.729893729815524,0.8501818655209009,0.5728570641018573,0.8649986711788593
images\D\D.ab570a48-c0cc-11ed-90d1-683e2670f3d6.jpg,D,0.0,1.0,0.33324138998443964,0.9982283890511738,0.6010568878742569,0.8922028667706347,0.8349193100379474,0.8385191958053952,1.0,0.7537378319255442,0.3687189933032445,0.3441364988138684,0.5926283176301832,0.13657830711705365,0.7783078185933773,0.03867429010219995,0.9335724965935819,0.0,0.3232097994289931,0.3576045022865029,0.9133926819358957,0.5369854708771041,0.8192854398770649,0.7172890229389148,0.6688231896234837,0.7432773780026019,0.31429258437276303,0.4491035404511786,0.8583880801620709,0.6723677509413848,0.742159710571919,0.8088942720001688,0.5914420825997673,0.8047134548755419,0.3283637861128692,0.5753302433219074,0.7675222557259609,0.7520242741375807,0.6730811432298648,0.8571222652343369,0.5194377268066454,0.8533738781886359
images\D\D.ac8c7588-c0cc-11ed-85f8-683e2670f3d6.jpg,D,0.0,1.0,0.3817751516246534,0.9700153387082279,0.6258144457753657,0.8336415799326438,0.8250907294266703,0.7528436015347848,1.0,0.6765841747790206,0.35285493775526366,0.3605851557252071,0.5797777658812744,0.20887908619683812,0.7254143886721495,0.0919362872405405,0.8415898784549118,0.0,0.31558059025988655,0.3569139189257116,0.9310166380035289,0.5162418184670736,0.8293734706487238,0.6968352299816148,0.641254620118623,0.7291549696957695,0.317025457773733,0.42735194795501663,0.8716170247885954,0.6175019687468107,0.7564609166404572,0.7718523279955035,0.5745258313982927,0.7818104549975705,0.33829305995168535,0.5277283327418207,0.7667829921639219,0.6896636603610917,0.677158825012101,0.8103703071854308,0.5074328981443685,0.8155208839482779
images\D\D.adc0daae-c0cc-11ed-87a0-683e2670f3d6.jpg,D,0.0,1.0,0.3488114233469158,0.9302371960076847,0.5966855898267684,0.7670219764772035,0.8146903942434912,0.6816670259125627,1.0,0.5643319432079097,0.34253007705528377,0.22852012557986973,0.6441522819880527,0.12702422566890023,0.714065226660337,0.06280830326601378,0.7222487791155126,0.0,0.2941782161679832,0.23834684410290052,0.891432489813142,0.45007937772363055,0.7665264462700935,0.6441868703434703,0.573236036202357,0.6410477484653953,0.28421058993665904,0.32014244880745985,0.8253289025446265,0.556503631507427,0.693394806131016,0.7345672648891804,0.5106440028307817,0.7215227027786889,0.2997392296229874,0.4400682254814676,0.7171696359104875,0.64261693453915,0.6102257592341065,0.7853832528934914,0.44742284581470687,0.780928353872827
images\D\D.aef53f26-c0cc-11ed-b8c6-683e2670f3d6.jpg,D,0.8455421072724337,1.0,0.5976896374377303,0.948736319347256,0.36068939381918275,0.8493187893209534,0.1724800648156013,0.7911617383885606,0.0,0.7539430603429275,0.49902739261882473,0.5263378308036268,0.4115874688592958,0.29142445323030164,0.3493457301882583,0.1271689002623141,0.2995182699909553,0.0,0.6921585630052635,0.5283424786299288,0.3791241306504802,0.5166725963039138,0.27097756375852083,0.6837948580026281,0.2638463541690974,0.8081734149500776,0.8538428725706984,0.5952604016152955,0.5213838280221067,0.6967489260974244,0.4697082271196914,0.8470325022787173,0.4918663140887126,0.9319054262192084,1.0,0.6969887090504372,0.7217642836541288,0.767108636149295,0.625020651572273,0.8863624725652234,0.6023958624049911,0.9529947488201209
images\D\D.b029230b-c0cc-11ed-a1cc-683e2670f3d6.jpg,D,0.0,1.0,0.36467783541840576,0.9263970459713603,0.6122307106694547,0.8259574460757174,0.8090342730622969,0.7727637491744855,1.0,0.7478528014107149,0.3784190642014967,0.47157819419199465,0.399777166780999,0.2702209063739617,0.4223931543871926,0.12314630569908482,0.44414843548397465,0.0,0.2632212233832998,0.4767331928703105,0.7547874934224482,0.487599201651115,0.7904036160234211,0.6481351768602812,0.7144093611073613,0.7306788720825006,0.19948600967370753,0.5417858837245145,0.6628055404796079,0.645087123524514,0.607228557181309,0.7692754932206645,0.48188016504259684,0.8048081319307696,0.16572675403675716,0.6395737202696408,0.520034097660917,0.723337067342175,0.49302090766081597,0.800811436571646,0.391102604297242,0.8146953625676664
images\D\D.b15d531d-c0cc-11ed-8863-683e2670f3d6.jpg,D,0.9510615577669886,1.0,0.7123111164707486,0.93647464544052,0.5036605741569931,0.7337809203027994,0.4016215233720975,0.5304758216804729,0.36995829968995664,0.37589425079619043,0.5437577991464194,0.333304804723821,0.31751089695863877,0.18303352994389768,0.14208646609971023,0.07958061006224512,0.0,0.0,0.6983827585122112,0.27745149302055644,0.40569237195418206,0.36338418638720255,0.4180989132752395,0.5919019012003655,0.48751262718944105,0.7480466245756638,0.8509991645956329,0.3051900215321026,0.5523875437363898,0.46374180596433107,0.5930020902586258,0.6877541535771485,0.6755882784727829,0.8307945562245604,1.0,0.3896302918282974,0.726385408037359,0.5019896282894428,0.7243331620579609,0.6785425347034386,0.7875888272530576,0.7974590374920834
images\D\D.b291d9ae-c0cc-11ed-99ce-683e2670f3d6.jpg,D,0.9606106059257695,1.0,0.7096859868743519,0.9455201422544903,0.4815115383143414,0.7575320244142262,0.3610207997211272,0.5707265556171945,0.31801684948479086,0.4147641466381243,0.5343617995961694,0.3454804616927223,0.3276192390849764,0.1610898107696799,0.14858135932948807,0.05760057533577976,0.0,0.0,0.69308780111503,0.2924402380315852,0.3778126471194445,0.38859569003072814,0.3769808242700455,0.61930093595635,0.44206635124411464,0.7815721011342944,0.8482647225497307,0.31788369905692315,0.5316353203785993,0.47919521606486637,0.5737322886056408,0.7017652995105632,0.6580414998448402,0.8413793817729638,1.0,0.39941657275168835,0.7184666978062286,0.5153912678166046,0.7125148301011052,0.6975483497611722,0.774896471715487,0.8135845399870666
images\D\D.b3c65315-c0cc-11ed-af57-683e2670f3d6.jpg,D,0.9365493360678273,1.0,0.7069331126418333,0.9480828934300333,0.4727818460806824,0.7528261360170106,0.35493574310617715,0.5561264344138063,0.31843944358991505,0.39315785447593604,0.5288505836807181,0.35255703613042105,0.3244230069031112,0.17151546911715368,0.14529414387302436,0.06509055855525292,0.0,0.0,0.6865957778818075,0.2984196491798294,0.38423681238250224,0.3783633914965325,0.40641324297614007,0.5992992230129601,0.48806120288013555,0.7478370914104827,0.8429347139555793,0.3151477716415442,0.5462904136665255,0.45319588649812426,0.6081852768303647,0.6738517627185246,0.7069911649093085,0.8081008016815092,1.0,0.38452050355133766,0.7203450441011465,0.47310477088896596,0.7255051940524755,0.6556972013675276,0.8014426685094779,0.7722335131882115
images\D\D.b4fa23a3-c0cc-11ed-a21c-683e2670f3d6.jpg,D,0.0,1.0,0.3713724890858711,0.9258502814974819,0.6174285847182261,0.8228680944923905,0.829553799844511,0.7623395435546084,1.0,0.732193486613386,0.3830572850564478,0.47588774137021367,0.42567295488826723,0.2704485368268995,0.45727920899975416,0.12512506013411986,0.46760314433229455,0.0,0.26620932535068076,0.48486680971071583,0.8443366801113673,0.49524477882942164,0.8810878911311489,0.6769574029948842,0.7750598366701441,0.7651322485296916,0.2021194341265042,0.5560115395464796,0.7353960649332527,0.6646261136861157,0.6954016465882134,0.7992815593057038,0.5623227658429296,0.8357670986425588,0.1753240350049504,0.6579276546928767,0.5781188493816988,0.7386537358273491,0.5617241997966683,0.828258947990274,0.4451380462878672,0.8513890067627202
images\D\D.b62dd92a-c0cc-11ed-9068-683e2670f3d6.jpg,D,1.0,0.9718380258174995,0.8129208500591778,1.0,0.5662286051561733,0.8105175351161821,0.4645178122794076,0.580608473958158,0.39613642373522595,0.3856893891100435,0.5155100615528735,0.36648532125084676,0.30771580698805895,0.1866119594827518,0.14217994205386086,0.07450714258090996,0.0,0.0,0.6421307191793068,0.26450482638286793,0.4329533680586366,0.35630195072111936,0.5641568298173191,0.6166263930974804,0.6911333048149684,0.7309081034912215,0.7884286071868929,0.2333941699174527,0.5927038897548877,0.3651787693212292,0.7169393349040507,0.6163640015419143,0.8252552636469868,0.7071398364023997,0.9573800540083092,0.25321408863844563,0.7504294309526679,0.33260687050041104,0.8142990905466918,0.539548145939605,0.8999093681063144,0.611492500633108
images\D\D.b761e662-c0cc-11ed-8b23-683e2670f3d6.jpg,D,0.0,1.0,0.31944816660936626,0.9383408967395325,0.5802514010255763,0.8382694380854406,0.7983018828957646,0.7934859691499823,1.0,0.7823834937906424,0.37459530314755446,0.4662445395034684,0.37961749237985437,0.2652368689175074,0.4342507474363631,0.1153408760268791,0.48610636982215816,0.0,0.2739075766539877,0.4701607104637366,0.7825841556854365,0.49530735111794083,0.830879782104533,0.690928252355078,0.7632908824304772,0.8029681725423203,0.21862583475369526,0.5477542552173694,0.6862096320584294,0.6828086456587757,0.6336809828621133,0.8278704532027187,0.5093955271658647,0.8717396064398598,0.189574644626051,0.6582732748578964,0.5470310892222167,0.7559657373260753,0.5242254421142275,0.8542566475288325,0.4176551697327452,0.8786093031375725
images\D\D.b8956e14-c0cc-11ed-8464-683e2670f3d6.jpg,D,0.0,1.0,0.36467783541840576,0.9263970459713603,0.6122307106694547,0.8259574460757174,0.8090342730622969,0.7727637491744855,1.0,0.7478528014107149,0.3784190642014967,0.47157819419199465,0.399777166780999,0.2702209063739617,0.4223931543871926,0.12314630569908482,0.44414843548397465,0.0,0.2632212233832998,0.4767331928703105,0.7547874934224482,0.487599201651115,0.7904036160234211,0.6481351768602812,0.7144093611073613,0.7306788720825006,0.19948600967370753,0.5417858837245145,0.6628055404796079,0.645087123524514,0.607228557181309,0.7692754932206645,0.48188016504259684,0.8048081319307696,0.16572675403675716,0.6395737202696408,0.520034097660917,0.723337067342175,0.49302090766081597,0.800811436571646,0.391102604297242,0.8146953625676664
images\D\D.b9c9703f-c0cc-11ed-bd2b-683e2670f3d6.jpg,D,1.0,1.0,0.7491832135143841,0.9148032049371915,0.5729618768921609,0.7386966206001757,0.4579731053360013,0.6040830320837388,0.3516813842463997,0.48251633742488304,0.6249451978112499,0.3510135611846316,0.3468092357932753,0.22470342363206539,0.15492673573133048,0.11817892547999462,0.0,0.0,0.7395693799502115,0.3023896326742837,0.38105687443206726,0.4813975932647316,0.4933564829914739,0.7255158979326886,0.6389737996234768,0.8161547950539136,0.8527637748809522,0.32640765872763977,0.5049715129752873,0.5482784399361341,0.6440654096675359,0.7662301798926054,0.7974865074103684,0.8157395618582232,0.9855385430683259,0.3982001440175894,0.6626938556316929,0.5583738222761491,0.7352443684588184,0.7380848895144116,0.8564534096695586,0.7966016377250072
images\D\D.bafd2ccd-c0cc-11ed-86e3-683e2670f3d6.jpg,D,0.2138467730762589,1.0,0.4330319729986043,0.9621569589119311,0.6255046838999516,0.8709301729754262,0.8065178665815705,0.8124362230892548,1.0,0.7899025686448184,0.4267806447390855,0.5100364300058318,0.4355141631040311,0.28677295541777387,0.4922458097037196,0.1235826336478563,0.5427390412981191,0.0,0.2510612396855382,0.5092497566046161,0.61615986521189,0.5312602634770281,0.673280441519483,0.7500857678971858,0.6212597251577989,0.870386284944623,0.1139982083406928,0.5857156800308423,0.4871956329562882,0.72501689737377,0.467150979360899,0.8866158159418487,0.35790047120245816,0.9296725203561502,0.0,0.7001295668660191,0.2857193196947482,0.797986955471455,0.29545438130300866,0.8972132143563015,0.2035551283238224,0.9103216723153916
images\D\D.bc317d77-c0cc-11ed-b4e4-683e2670f3d6.jpg,D,0.16035591331381105,1.0,0.38777946730317153,0.9866864344832176,0.6036719352786438,0.89514888844091,0.7967688954865607,0.8292231547657487,1.0,0.792744854470582,0.408482495363832,0.5330796223456538,0.4524890920330104,0.3008999381969266,0.5100741335667586,0.13710706124053526,0.5553876558361571,0.0,0.24326729144012238,0.5270913293259143,0.6481229723815239,0.5241497289332426,0.6994806589449841,0.7369276187057302,0.639441945250353,0.8518894380585634,0.10964525982845051,0.5899529368491433,0.5090823771471887,0.7087528326408623,0.4724079196126826,0.8768166776465134,0.3584793369038971,0.9241813548206029,0.0,0.6932455895023661,0.30749795828125637,0.7670645357169954,0.3100254030420481,0.8740614440900719,0.21921945430836495,0.8988963596590199
images\D\D.bd65934b-c0cc-11ed-b2fd-683e2670f3d6.jpg,D,0.9195301579998735,1.0,0.6701261282208416,0.9535021845230264,0.37687373758923576,0.8044323129874905,0.18328632563462455,0.6804401878456163,0.0,0.6184708707719058,0.5213383620543055,0.36221519119648904,0.4199202569685486,0.10129073154775885,0.27950709629703835,0.026525077438974153,0.14849300182032443,0.0,0.6895904692586553,0.3243982877963063,0.4793488717430859,0.3648135008810643,0.48113621555147834,0.5384329720949164,0.5223335524483683,0.6268013246091776,0.8477107219809483,0.35264614416007456,0.6314926227492527,0.4234276414406416,0.6547596299821101,0.5762587906608413,0.7086021512025664,0.6594926225466387,1.0,0.4107103112192135,0.7989158855926815,0.4581792649230652,0.7807472709047184,0.5714710392377964,0.809738478063658,0.642964212680194
images\D\D.be99f51d-c0cc-11ed-8931-683e2670f3d6.jpg,D,0.9032313476264638,0.9791429357216578,0.6817320773193742,1.0,0.413268848179622,0.9414851016936804,0.18812991626732217,0.9231288096652078,0.0,0.9346702150282379,0.45189094433730226,0.5557489130028597,0.34359471423493587,0.31849117027377033,0.2748684435295724,0.13579607334128926,0.2145668307821442,0.0,0.6249963717584338,0.502013764194544,0.4341741812902646,0.5487786354149892,0.47994712521930044,0.7281594429154779,0.5526428111568071,0.830143473137668,0.8112476916056527,0.514300400763405,0.6376711875746168,0.6423729000382025,0.6975079095666142,0.7959862363431408,0.7610390141841643,0.8677276443408266,1.0,0.5653358339263549,0.8341477248665164,0.6520853703748013,0.839529894093413,0.7883532621743277,0.8748929966134826,0.8579275313732391
images\D\D.bfcefc8d-c0cc-11ed-9bd7-683e2670f3d6.jpg,D,0.0,1.0,0.3205125811119929,0.9347699257394798,0.5827572408917817,0.7942041789253478,0.8036566253409538,0.725468304979569,0.968592902825665,0.63339162441952,0.37241425303607273,0.3275748155231082,0.6058707409951516,0.14595363130989011,0.7913882905293204,0.0347776541070591,0.912037586613937,0.0,0.39459675752099077,0.32001313822488486,1.0,0.502796608307389,0.9541738080788545,0.724883373629446,0.7952169766650883,0.8383880898278772,0.44232562171967427,0.3879636736416447,0.9800349456808072,0.646581371754938,0.8644541071178483,0.8247895724621594,0.689530967608555,0.8820332880491403,0.5055032778248314,0.5004928728539574,0.8977271969429198,0.7517303587705227,0.7827899191047504,0.8841472238870204,0.6154674651710271,0.9053297702022938
images\D\D.c102b6c6-c0cc-11ed-9f1d-683e2670f3d6.jpg,D,0.0,1.0,0.27150177502351874,0.9320052413011574,0.5393160296618964,0.7905096019387033,0.7583312892034902,0.7253411668313955,0.9248782282650594,0.662498987598119,0.336209940670816,0.3887656829873131,0.544672099110197,0.17453472362016764,0.7631846374881732,0.04489418425949482,0.9341091592291788,0.0,0.3695735091554554,0.38763582568472815,0.9818771042182753,0.5358981743831573,0.9538392801787693,0.7345984688114687,0.8049758612974789,0.8438158796369266,0.4345020364924349,0.4509676545580601,1.0,0.6637777225881059,0.9001855890193837,0.8256013835206851,0.734027483887315,0.8855678373113026,0.5156813960822791,0.5502690720551203,0.9278480569085749,0.757899003124415,0.8202327073354161,0.8779512144957802,0.6572856830942825,0.9015256434255042
images\D\D.c236d9d7-c0cc-11ed-9855-683e2670f3d6.jpg,D,0.0,1.0,0.2240431440680197,0.8890995031723385,0.5051982152728421,0.7510283300290896,0.7354661875806154,0.7125883741797844,0.9184928531943457,0.6745620002276355,0.32491050040801284,0.402592529850687,0.5525454736897523,0.1881685137785636,0.7495577667219459,0.05937944186957546,0.9143627102582327,0.0,0.3822777646160731,0.40298659068229764,0.9598528521414094,0.5290006934941252,0.9469405617415567,0.7213768240615992,0.8198261338808602,0.8336566992326567,0.45852681039248205,0.4688334608268462,1.0,0.6679079638006654,0.9018946273921399,0.8277974017792624,0.7492524151728132,0.8964410781451414,0.5428604332833189,0.5614169117277268,0.9356596646397641,0.7447455247130073,0.848038905999105,0.8695959734989955,0.7131867119429308,0.9103334595033841
images\D\D.c36a4232-c0cc-11ed-8556-683e2670f3d6.jpg,D,0.0,1.0,0.29888381903673344,0.9309221652749385,0.5518007320191518,0.7954167522763793,0.7451057034929137,0.7342761571627562,0.8738020280887693,0.6712867069013961,0.3629037284086722,0.3757247458689446,0.5875291721551967,0.19648585370949376,0.7574558794788372,0.0712199391916702,0.9045918500092879,0.0,0.3955553646209299,0.3650648814118004,1.0,0.5209155671652639,0.9499772794518508,0.7318905173175994,0.7978706217564224,0.8410097845215332,0.44514001121808155,0.4254940637464866,0.9780418457435125,0.6585728386313815,0.8610028868105252,0.830788850107121,0.6924745066978724,0.8870571644238233,0.5033173210446733,0.5191718035116292,0.9011998022616475,0.7401263552161722,0.7957050600566713,0.8706641499246582,0.6361747431004865,0.8985178008944105
images\D\D.c49e3755-c0cc-11ed-8f69-683e2670f3d6.jpg,D,0.0,0.9859889378094746,0.29133655883997983,1.0,0.5705595875940734,0.9094723774358874,0.7782088883400673,0.8463018682441557,0.9092671201150141,0.7601051221842382,0.48418276207148375,0.3877292550092677,0.6262247212231371,0.1789221038955127,0.8152336741552881,0.06262269022483032,1.0,0.0,0.3803708233758527,0.3407955340296776,0.8929565014781865,0.4819215127062626,0.7917626095648806,0.7194231813855975,0.6263252971319662,0.8413595015062715,0.2746554856056318,0.356867299852295,0.7405306384949821,0.592612010677087,0.5515504614478572,0.7791056124837515,0.34730230268543266,0.8283468786007332,0.16016853169789455,0.4127259176505979,0.5529551716411697,0.6055414303088764,0.4323680094854257,0.7614791296660735,0.25326773921560847,0.7976136501353092
images\D\D.c5d2f7ac-c0cc-11ed-af23-683e2670f3d6.jpg,D,0.9264352356352916,0.989169689282764,0.6728796392113375,1.0,0.3181731093867087,0.8943974678331565,0.09797179897505716,0.7904352812888065,0.0,0.6903764096873761,0.442873572999042,0.5280403029676103,0.36236972054250055,0.2907721467544204,0.2845317076250367,0.13073365416226645,0.24277091402173406,0.0,0.6284134796178011,0.48688558908703317,0.2816204747016988,0.48525187757655397,0.30013697013282536,0.6795618242726925,0.4299308561594014,0.8101494051167186,0.8139912657522514,0.4858071773229343,0.46392360415357126,0.5507706135374215,0.547959584203693,0.7447331293302938,0.6960525701800375,0.8550905998564083,1.0,0.5118097022168254,0.6685004378103444,0.5670292249833778,0.7084468575098885,0.7163479753918671,0.8320987722096109,0.8015535616090326
images\D\D.c70727ab-c0cc-11ed-807c-683e2670f3d6.jpg,D,1.0,1.0,0.7020553611589443,0.9606525403039639,0.426816212473113,0.8537797081013448,0.2036198623631138,0.7949878469186265,0.0,0.7566007906078734,0.6303950166377625,0.5168742716180973,0.5746689299743233,0.3070107993170641,0.5377067464135358,0.14395807005181763,0.530458748766722,0.0,0.7803545712482305,0.49886690641063314,0.2894186281659241,0.5592647270113518,0.2823838880275519,0.7224458008523085,0.40685794476140286,0.7990993673841671,0.8952323465066827,0.5295844821230281,0.409924440658647,0.6359159143440727,0.4783804072728164,0.7964103436475581,0.6398800732919483,0.8638854886167878,0.9919072452400066,0.5847953842479305,0.5586730848188843,0.6550803633988763,0.5778613581071558,0.7845859882882601,0.7078335365816292,0.8517719283845199
images\D\D.c83b49af-c0cc-11ed-91dc-683e2670f3d6.jpg,D,1.0,1.0,0.6910646898772835,0.952330285336399,0.4387595091343217,0.8511423272549976,0.21074484979732355,0.8267863872260801,0.0,0.8303371810518213,0.6450705758231995,0.5096133543791659,0.586405019712366,0.3093298030430426,0.5652211671941807,0.14226072311867305,0.5635211283247266,0.0,0.725634293964129,0.5015657587282921,0.2922376589483036,0.5635222529049952,0.2946693320006663,0.7137788525535563,0.3978457437947693,0.7931845245343208,0.7763795879837859,0.5425318216955687,0.3581864623243934,0.6531781023250256,0.4342990726858793,0.7921900612419669,0.5686592259425842,0.8532587941963112,0.8165483924704314,0.604424796757663,0.47649486367927146,0.6918032474084578,0.5168615692153923,0.8039792591261025,0.6274898106502305,0.8540566746161801
images\D\D.c96fa24b-c0cc-11ed-b510-683e2670f3d6.jpg,D,1.0,1.0,0.6908695180595649,0.960343382773889,0.4396314301304039,0.8561569218244522,0.21233598535072337,0.8297540409250437,0.0,0.8415867373633173,0.6511578039247925,0.5164564816591068,0.6071657810042913,0.31565615360304766,0.5926170078776452,0.14803931945967297,0.6028191826736712,0.0,0.7482073608243283,0.5005638149238856,0.29254871063865223,0.5717304579987423,0.2970143450337548,0.7228532228214178,0.4127119349811235,0.7889994617044584,0.8066742642246612,0.5367678985781807,0.361054084546731,0.650850851404534,0.4317446374668745,0.7890077586464821,0.573915515519416,0.8310951284630619,0.8520847408476769,0.5921386725747598,0.49773148386295074,0.6981446780522501,0.5460325647983272,0.8157757049949351,0.6677663048817736,0.8537477915677424
images\D\D.caa3bffe-c0cc-11ed-9106-683e2670f3d6.jpg,D,1.0,1.0,0.5571647999956751,0.9260759539761142,0.3498788364515096,0.77845088115351,0.20964064499823626,0.6673798810308614,0.07790586409950413,0.5875694210219694,0.5685905293759097,0.4774055893265059,0.47754994195232114,0.29192426065892957,0.43938714085110464,0.13179142647983197,0.425116467024999,0.0,0.6468163652557274,0.48198742468609623,0.012696831637404059,0.5762311331963758,0.0,0.7098644445551688,0.14426030768648576,0.7726830434482653,0.6695600404914659,0.5443058472718353,0.06690653850676231,0.6661876504361691,0.1391529228594327,0.7815015254419182,0.31972614199854305,0.8269215106474312,0.6688927287004213,0.630653333742162,0.20764681873041144,0.7232985381820412,0.2565031645783468,0.8256408868260077,0.4088556836043351,0.8686397599920278
images\D\D.cbd76ae7-c0cc-11ed-ac3b-683e2670f3d6.jpg,D,1.0,1.0,0.5234465048278754,0.9190223261857339,0.300052227436934,0.7793044854024831,0.13705925193684276,0.6812822432794765,0.0,0.6243523404180882,0.6061744034958046,0.4710931118612508,0.45763053696672445,0.25863574454066035,0.3700677149502394,0.11831002819745703,0.303227800176742,0.0,0.717628476784091,0.48021974871561385,0.010044655362167457,0.6093602632086598,0.010058389913056678,0.7426852064663187,0.1457055131571576,0.7860455386744426,0.7275534969793024,0.558233846958217,0.061813792019141625,0.7192615891159663,0.17884084004850465,0.8277685913467869,0.3815653412222666,0.8501856425720862,0.688361956016908,0.6578472070037371,0.17082022376474884,0.7923293490192115,0.2516043220463035,0.8863326153177838,0.4112012491212598,0.9009716776636587
images\D\D.cd0b220b-c0cc-11ed-aa87-683e2670f3d6.jpg,D,1.0,1.0,0.5401888224010079,0.9165619016165902,0.31767329000486727,0.7639946536942146,0.15454018381195064,0.6433014897004218,0.03639805880837175,0.5673263616447279,0.5943031179316861,0.47578319099077165,0.46428622555616,0.27397593110162455,0.3844217940275432,0.12409092354825772,0.32979464311277806,0.0,0.6968863629856558,0.4788597800017649,0.0,0.5882218176435265,0.021687376528187363,0.7129115580502007,0.1643527929681908,0.7456719100607689,0.7098075987058723,0.5480386715161905,0.04744574398030177,0.6937797898831997,0.1543755547284336,0.7930784041148092,0.3433718899418788,0.8091517582233888,0.6694269476336359,0.6444838181940362,0.1545255103501589,0.770969530887734,0.2355845764022103,0.859515747520255,0.39552208892833624,0.8692921979950636
images\E\E.67b26a7a-c0cd-11ed-ad43-683e2670f3d6.jpg,E,1.0,0.9004991060813432,0.8986589594086002,0.6307646788346019,0.6676073633320344,0.5017103631650149,0.499516304213572,0.5593317162627046,0.40467607124273164,0.7052380074152287,0.5631792758269245,0.33888990150537124,0.30973503511376416,0.18305433652109795,0.13604760777770075,0.07770351524119626,0.0,0.0,0.4823885328239786,0.4927503250858417,0.28636463968648224,0.6139637536027277,0.3758702739056881,0.6858115893417142,0.4826865595523543,0.6727358944021962,0.44148994239478023,0.6911103896967651,0.3000567366391988,0.7999581531744808,0.3868486542180743,0.8455801807106986,0.4760829566163926,0.8289140712826879,0.43650397116631245,0.8911382156786826,0.3501909681964044,0.9605708712300558,0.43632427858008593,1.0,0.5162874794508977,0.992580816681784
images\E\E.68e7c0b5-c0cd-11ed-aa99-683e2670f3d6.jpg,E,0.19251573116619963,0.9867425831855312,0.41327626921554067,1.0,0.6264436969958969,0.9706709645224136,0.6854550691080626,0.9208148428096622,0.5839800858802097,0.8760624717326618,0.6634447859783147,0.5181170052363924,0.8191782471643568,0.269114634581818,0.9281664705892377,0.11842599575659027,1.0,0.0,0.4297713136922639,0.48554993384809225,0.43101878650888825,0.4323955101187918,0.41859200310845684,0.6512552528670051,0.4160528619446374,0.8274837661697623,0.2066996561496831,0.5223271841253445,0.2051188422361575,0.6363531909213336,0.2643383537108056,0.8459288555804443,0.317205070102178,0.9835211626965196,0.010865851795003179,0.6088296040629494,0.0,0.6835660524968473,0.08711688922543641,0.8316745134638424,0.17348972567527418,0.9269431172446111
images\E\E.6a1df7e6-c0cd-11ed-838f-683e2670f3d6.jpg,E,1.0,1.0,0.9570741796654975,0.7040296975851287,0.7365385468901495,0.5223399039195775,0.5313669673756982,0.5030852372136142,0.3758897774685811,0.5769806204769726,0.6617822648185588,0.35813079905366413,0.3637772210472988,0.18867451350243417,0.16251313895557346,0.07938906140733973,0.0,0.0,0.5465307564321795,0.47803627263690657,0.3231831255577178,0.5177135217252679,0.3886283850514138,0.6088374697571732,0.49417592001555927,0.6378437902735318,0.46047055232145906,0.6491114034547155,0.3036438342620661,0.6914331415833175,0.3658689896833264,0.762145760377677,0.45666372825554724,0.7887155071015381,0.4030982857023266,0.8292838980893767,0.2987880587687035,0.8639269724485503,0.366999850974565,0.9258377564444349,0.44369923708359027,0.9534591363479258
images\E\E.6b54bab8-c0cd-11ed-bb7e-683e2670f3d6.jpg,E,1.0,0.9946415787705108,0.930250902916416,0.6789527917503517,0.7077687301435422,0.4952324231322228,0.51266321014964,0.5139134178820872,0.38480602906523215,0.6305075646698849,0.6088733127585698,0.32648440872736567,0.33861303605340787,0.16315210955070905,0.1494331128276569,0.06545008589802757,0.0,0.0,0.5030078833887706,0.48135810840425614,0.29122837176640776,0.557730149276649,0.37455778583974064,0.6443790146979159,0.48542992119854755,0.6594407475491776,0.4359496150746092,0.6824703568012417,0.29834174757911364,0.7493774290865016,0.3766514815613683,0.8076594628057386,0.4657692912734568,0.8141245176203395,0.40426264123526423,0.8972019616319279,0.3326468952162864,0.9380623226929784,0.4172198769730771,0.9890322098266656,0.4971439136054543,1.0
images\E\E.6c8b4fb8-c0cd-11ed-bf9b-683e2670f3d6.jpg,E,1.0,1.0,0.9527848323772534,0.7117218350731361,0.7417970531251777,0.5396254735167562,0.5514963981105706,0.5494001421937293,0.43023916083062136,0.6522540574875121,0.6202753420083751,0.36365870365543973,0.35295463550652845,0.1842180116206973,0.15561923351433027,0.07346955676639443,0.0,0.0,0.5051729861345654,0.4945624565793558,0.3128927942608856,0.53674127371914,0.3961008265530447,0.6196642506723349,0.5053024915492094,0.6421378423955448,0.43991318316918065,0.674675145245184,0.3222843469729636,0.7139408042146069,0.40421467820153933,0.7754987267788357,0.49097495082489806,0.7876596194978077,0.413730916027468,0.8724629962064532,0.36247408686631927,0.8998135026667413,0.449014232420122,0.9440080390607852,0.5227921495938576,0.9534963716782784
images\E\E.6dc1b77c-c0cd-11ed-be77-683e2670f3d6.jpg,E,1.0,1.0,0.9517136271755097,0.7205305549389628,0.7295754809547739,0.5559345382320233,0.5318912651280758,0.5781277454058946,0.40508944149891035,0.6870227641138993,0.6144008624956157,0.386067342207495,0.3426568024133874,0.20798382623725375,0.14985275011872765,0.08679159233128783,0.0,0.0,0.5003050533317377,0.5187203978115518,0.27467629685603656,0.5686302589928137,0.3530841426414894,0.6522437212653254,0.46758726439415443,0.6737723852995237,0.43096534463094066,0.6973456279781199,0.28521951941253176,0.745633375983802,0.36853891352729595,0.8028779978111111,0.46436946045394834,0.811897112308066,0.40571403345343476,0.889490854751745,0.32920858922577156,0.9205720854426772,0.417736825024237,0.9651468742237128,0.5023833477094098,0.9762441663136942
images\E\E.6ef9f6c3-c0cd-11ed-83a8-683e2670f3d6.jpg,E,1.0,1.0,0.9506698162893898,0.7190981794665232,0.7212287309210561,0.5475635625702108,0.5189163133770317,0.57920700449628,0.38899502787207524,0.7026018771202622,0.5996058408814772,0.377635675877583,0.33172821206764386,0.20181244965030481,0.14652100965223785,0.08261391923421076,0.0,0.0,0.4914640139960056,0.5280366615469099,0.28754256423092367,0.588908432546043,0.37400661733648294,0.6683994859801361,0.4843030547168729,0.6856027050155962,0.43091655846356813,0.7219344875550885,0.2957604591983063,0.7696173562542336,0.38459585490877046,0.8237424771631902,0.4767268823428187,0.8312136053587407,0.41453878103343084,0.9220981153534166,0.33401612095802763,0.9456869998132358,0.42235254394610183,0.9877354414466147,0.5015024586872748,0.9973415360942853
images\E\E.70339e12-c0cd-11ed-98be-683e2670f3d6.jpg,E,1.0,1.0,0.9296669456516088,0.7117332559069031,0.7019575350254692,0.5470670974209133,0.503718662415361,0.5756627197595541,0.3795065153327105,0.694486072307249,0.5884101045103312,0.3840253320536775,0.3352948378840306,0.2055953425882462,0.149421427720816,0.08598405896904031,0.0,0.0,0.4751679360761075,0.5279682060747951,0.24520830782494057,0.5745914124159529,0.32837075589264836,0.6569719069800652,0.4412415780372319,0.675315779065801,0.41002735617878966,0.7160212744178445,0.27208311179468947,0.7713702944128854,0.3589295029092147,0.8218229852184131,0.4524628108599501,0.8263846180235677,0.3862917198499184,0.9155173332284618,0.30684172832010254,0.9419859600445034,0.39344055524153443,0.9840888128012442,0.47465905412363785,0.9906151133825839
images\E\E.716b26bd-c0cd-11ed-bf87-683e2670f3d6.jpg,E,1.0,1.0,0.9356173177657443,0.7040364192988672,0.7241079398648748,0.5430193883483679,0.5520605677703571,0.5773989589294961,0.44281958635310076,0.7021897341908993,0.5874703431321088,0.3800023732955423,0.3267895760523297,0.19852475267762243,0.14193336374573956,0.0813739450758092,0.0,0.0,0.48657432238550336,0.5225579470198676,0.3430897986736882,0.5979941110475204,0.4286545945956263,0.6808823095231606,0.5302126259840291,0.7004344607054933,0.4376841525277609,0.7155812530092025,0.3522402427393561,0.7750782960419336,0.4344234081364003,0.8275119459660789,0.5191111433474134,0.837116127962645,0.42610612402790055,0.9219776251601123,0.39148656223377215,0.9522155679103189,0.4750879128500051,0.9909516688014971,0.5472769762178801,0.995907200737652
images\E\E.72a45e17-c0cd-11ed-b8f1-683e2670f3d6.jpg,E,1.0,0.9004991060813432,0.8986589594086002,0.6307646788346019,0.6676073633320344,0.5017103631650149,0.499516304213572,0.5593317162627046,0.40467607124273164,0.7052380074152287,0.5631792758269245,0.33888990150537124,0.30973503511376416,0.18305433652109795,0.13604760777770075,0.07770351524119626,0.0,0.0,0.4823885328239786,0.4927503250858417,0.28636463968648224,0.6139637536027277,0.3758702739056881,0.6858115893417142,0.4826865595523543,0.6727358944021962,0.44148994239478023,0.6911103896967651,0.3000567366391988,0.7999581531744808,0.3868486542180743,0.8455801807106986,0.4760829566163926,0.8289140712826879,0.43650397116631245,0.8911382156786826,0.3501909681964044,0.9605708712300558,0.43632427858008593,1.0,0.5162874794508977,0.992580816681784
images\E\E.73da7a3d-c0cd-11ed-a275-683e2670f3d6.jpg,E,1.0,1.0,0.9053794989962073,0.7222838234726496,0.6790817654179914,0.5772273823016488,0.4938098404784682,0.6036012168976129,0.367960094684613,0.7172285051598845,0.5703981103304533,0.3913276745956833,0.30697911415664025,0.21280093477948117,0.1351769930972755,0.09213016734096643,0.0,0.0,0.4797244776653513,0.5150933200461776,0.312580742349826,0.6191699972279437,0.38996182193711243,0.7104808289500925,0.4914268019136382,0.7294753795787177,0.4246342578450241,0.6912574959559559,0.30976735727434357,0.7796983722064516,0.38684757143354,0.8400358612849007,0.47821302697019713,0.8587349598402734,0.3957888896850509,0.8716597599188735,0.3305346143998887,0.9280037335036335,0.4107693061951041,0.9774996754237912,0.4887558879322374,0.9971791695761562
images\E\E.75122c66-c0cd-11ed-8cf5-683e2670f3d6.jpg,E,1.0,0.9805089087849284,0.9125481718537061,0.7168739273634107,0.6898007292633052,0.5737123501085828,0.5151713048029684,0.6107499014146306,0.398782305191024,0.7291200353241098,0.5821300166516733,0.41981885285508785,0.3160745998478541,0.2283848106327792,0.13718667145400443,0.0991789643815226,0.0,0.0,0.48072444666916,0.5543149844207346,0.3455523244443839,0.6107408759934906,0.4341705168259248,0.6909393797175182,0.5409868918063132,0.7139045638083389,0.4259523513401982,0.7325430998572595,0.3349258409446583,0.7750087477158741,0.41954350068360197,0.8322483157175626,0.5140651485180714,0.8580686570728754,0.4038714151549124,0.9144914244613906,0.34536862427470294,0.9324787416618994,0.4291068963592648,0.9769296350397396,0.5072739554030483,1.0
images\E\E.76496cb1-c0cd-11ed-ae58-683e2670f3d6.jpg,E,0.9105349801351593,1.0,1.0,0.7255810508061536,0.891951842192793,0.5701254460033258,0.7562152276651006,0.5640293153700557,0.6330720512361983,0.6435338500339834,0.5708970611470131,0.42360811031979917,0.3162709985735961,0.22480530338356303,0.1374628358292632,0.09302194537383238,0.0,0.0,0.4204182064715793,0.5555152460247891,0.43251372168659136,0.5379065234644206,0.5384177309297419,0.60508995409462,0.6115326208183175,0.6606816510488339,0.3682256062659839,0.734105883429269,0.4246165362250532,0.7180293451273533,0.5189761358214853,0.7568214647618198,0.5814230223852567,0.8054594510918237,0.36101757975796117,0.9176270517894107,0.44559045743091735,0.8855847736340213,0.5307990897783545,0.9125176604812641,0.5754322145690862,0.9453937761029273
images\E\E.77809072-c0cd-11ed-8d5c-683e2670f3d6.jpg,E,0.306001882219291,0.9711813682627686,0.5274333731626629,0.9665458236895348,0.6994155185362965,0.9352597019013341,0.6872213724218698,0.9203534100054942,0.5594215982233923,0.9099696271294023,0.6823999537814196,0.47918705699437375,0.8335750989838931,0.24678758934835546,0.9307917793559527,0.10450462983845155,1.0,0.0,0.4249361119915079,0.42546935568104194,0.48370044528578576,0.5193728265790062,0.49284610886527447,0.7598282511715211,0.504971143083762,0.9510694630648178,0.1991727090081417,0.4790691304794392,0.25933493838512495,0.6616283423607802,0.33829355169812786,0.8571219735138135,0.40514008927313183,1.0,0.0,0.5792403684741667,0.0625601961913946,0.7437244888809426,0.16955243028202513,0.8852297855204717,0.2592481165658515,0.9844891309250602
images\E\E.78b91eee-c0cd-11ed-a440-683e2670f3d6.jpg,E,0.19251573116619963,0.9867425831855312,0.41327626921554067,1.0,0.6264436969958969,0.9706709645224136,0.6854550691080626,0.9208148428096622,0.5839800858802097,0.8760624717326618,0.6634447859783147,0.5181170052363924,0.8191782471643568,0.269114634581818,0.9281664705892377,0.11842599575659027,1.0,0.0,0.4297713136922639,0.48554993384809225,0.43101878650888825,0.4323955101187918,0.41859200310845684,0.6512552528670051,0.4160528619446374,0.8274837661697623,0.2066996561496831,0.5223271841253445,0.2051188422361575,0.6363531909213336,0.2643383537108056,0.8459288555804443,0.317205070102178,0.9835211626965196,0.010865851795003179,0.6088296040629494,0.0,0.6835660524968473,0.08711688922543641,0.8316745134638424,0.17348972567527418,0.9269431172446111
images\E\E.79f2106b-c0cd-11ed-95a2-683e2670f3d6.jpg,E,0.9470824793497897,0.9898749253803989,1.0,0.7108409933246772,0.8113228897706624,0.5416322259331208,0.6214644204103419,0.5538287549943239,0.48170768346154236,0.6478667741284359,0.5395611668591374,0.45170046797405455,0.3139557833527266,0.2550188034236976,0.13768239575333518,0.10331160715947336,0.0,0.0,0.3887068470584004,0.5875326214706897,0.36578339220026657,0.5946102101087549,0.48074145581515093,0.6615186180378302,0.5715161967034225,0.7113844101222115,0.3280551192740705,0.7725033390929406,0.3579864657954097,0.7804458709055849,0.4673548388794566,0.8124602207738106,0.5492392327898101,0.8451081751588664,0.31465117778457113,0.9642759286114098,0.3724864594357634,0.9616985640110917,0.4739138272307775,0.9830378373271224,0.5337820027271918,1.0
images\E\E.7b2994b3-c0cd-11ed-80d6-683e2670f3d6.jpg,E,0.9684298758349514,1.0,1.0,0.7151134279327065,0.810941693382593,0.5502686465871286,0.6193715020604632,0.5695197730877672,0.47843166389223973,0.6645370158471048,0.5300916190480988,0.4563680401876355,0.32097894877341787,0.25397755904757285,0.1437663118254386,0.10291655722014477,0.0,0.0,0.37934852594403967,0.5936091874201698,0.34245284523566677,0.5833207446346779,0.4592192821411692,0.6488474576653338,0.5522276423583217,0.7064540003314398,0.321093535543305,0.7739983811309311,0.35064663874611013,0.7698198726324321,0.4598576941448259,0.8032101745244572,0.5407993959220542,0.8438076003422623,0.31217696394588146,0.9597365504786148,0.3636142514042126,0.938148153576111,0.46068309664659507,0.9617556274301355,0.5189418646331503,0.9896901376376912
images\E\E.7c60593d-c0cd-11ed-aff6-683e2670f3d6.jpg,E,0.9930274871117467,0.9788872660453635,1.0,0.6849972572279462,0.8218577179311073,0.528240856226739,0.6441026501920857,0.5575125657743769,0.5114942000562441,0.6780038495768022,0.5586573547338688,0.4486954717964584,0.3169032738195528,0.24580967012987548,0.14125174384301645,0.10121842543435548,0.0,0.0,0.42887070860426596,0.6025046048307459,0.40408470272620534,0.5772752153597586,0.5267987647536114,0.6400578112297051,0.6051963917996337,0.6882777125016637,0.3899254428610728,0.8015158553379457,0.4257468529134917,0.7766904628218497,0.5338899335098263,0.8089511622037491,0.5966786976773063,0.8443671512573414,0.3956652417751163,1.0,0.4401078890222491,0.949200688352048,0.5313669135566473,0.9675633048537516,0.5772234240979244,0.9959285921425971
images\E\E.7d97b5d4-c0cd-11ed-ab02-683e2670f3d6.jpg,E,1.0,0.9202136708516212,0.9039599471818541,0.6753332768188578,0.6875295829685042,0.5618850806974809,0.5076866236443202,0.6216047342983468,0.38855474887346736,0.7374222133029309,0.5436199280112423,0.46042343182422385,0.3059552365270844,0.2427913768137254,0.13330267040779492,0.10235521193216648,0.0,0.0,0.45739553006176253,0.6239567168319139,0.2866063021737061,0.6435208172223827,0.3746651976109308,0.707590932079404,0.4857721826316519,0.7233581824021997,0.42823659588746077,0.8107834809341496,0.3265158591101405,0.8289214558359558,0.4152047268659066,0.8529481814160798,0.5050875637017566,0.8569592674801291,0.4367745869694505,0.9937508253708474,0.389729490791226,0.9832728686113413,0.4775094038731422,1.0,0.550983931181839,0.9990481924306357
images\E\E.7ed0aaf6-c0cd-11ed-866f-683e2670f3d6.jpg,E,1.0,0.9153698364497338,0.8949059105068417,0.634700324132938,0.6803376765636718,0.4992302802074246,0.519113143899198,0.5438721094735334,0.4169341638062755,0.6713338057607147,0.5184378530106459,0.3912418231262583,0.29958797919979585,0.20778181273967802,0.1307461964318501,0.08678358817976459,0.0,0.0,0.4161674596926026,0.5582675004924672,0.29554206875519307,0.6027842942625656,0.39085066424350307,0.6697428809713244,0.49779752476325917,0.68936449989639,0.38578909451894083,0.7612858125964148,0.3162625294467283,0.7994731240838192,0.40752677046022473,0.8357270222492831,0.4988536392577402,0.843700193661116,0.40333654381766526,0.964032628188565,0.37519994211792385,0.9797263417491923,0.4652057925643316,1.0,0.54339366346863,0.997982483518339
images\E\E.8008c498-c0cd-11ed-8a69-683e2670f3d6.jpg,E,1.0,0.9586097010364568,0.9082416800753502,0.7142703019569203,0.6604467544444881,0.5780769422652382,0.4691142419842235,0.6096754680269902,0.3481454318904282,0.72765412774237,0.5481085580105438,0.412345809895606,0.2965706474104889,0.23817085947341507,0.12703460421490523,0.10473795477506018,0.0,0.0,0.4609566114621352,0.5426023049004078,0.19782223355964576,0.6495587886800454,0.2850269154795076,0.7356738840315802,0.40782919953429353,0.7371209947990072,0.41095162408592023,0.7149855943724509,0.21279785264837853,0.821894994823952,0.30677678139267167,0.8734097683874428,0.4090057297594286,0.8611132244908141,0.4013431576468741,0.8891817478828092,0.2747864421856808,0.9604443917831798,0.3695703007469618,1.0,0.4597269370642178,0.992970864462377
images\E\E.813f7fb7-c0cd-11ed-bd52-683e2670f3d6.jpg,E,1.0,0.9870889885392848,0.8839612461053593,0.7193425153600577,0.6401125429170925,0.5851554086725554,0.4575234597107054,0.6185962621445604,0.34246543461760354,0.7385608514856465,0.5264443599723828,0.4441803040465368,0.2790900208598811,0.25165633325237224,0.11956888762407628,0.10944389285506237,0.0,0.0,0.4441746056567882,0.5768034717980077,0.2379116600978524,0.6575817295770362,0.32403083620399975,0.7306205109970724,0.43632755035421783,0.736905552794956,0.3990672052373041,0.748356081487808,0.24481881627421864,0.8253220590515075,0.3306950558121247,0.8684906572713611,0.42611727344327677,0.8687752413154913,0.3881440421950197,0.9184472534297311,0.28344981359211724,0.9568982503811166,0.3694350683631669,0.9947632079306633,0.4522580647795463,1.0
images\E\E.82783108-c0cd-11ed-88ff-683e2670f3d6.jpg,E,1.0,0.9936720318343302,0.8766970492910696,0.7068740187207719,0.6213560160781934,0.5651845326503103,0.4181704880231773,0.6096212977213796,0.2942291050908315,0.7338784192933376,0.5082636170872915,0.4299660215768707,0.2837728682451318,0.23973261423890418,0.12431798375859843,0.10076025796413456,0.0,0.0,0.4232290706163642,0.5701255027951947,0.1869301621478204,0.6475800215755247,0.28058550737033566,0.722527041750592,0.4021979000249176,0.7282611109578228,0.3753130521642329,0.7486585959219163,0.21183731018860152,0.8217758016289992,0.30960689943186953,0.8611491154102142,0.4097054789529013,0.8555839625073102,0.3673472682912141,0.9265473170908979,0.26839114643313633,0.9661676120820247,0.36627419594850824,1.0,0.45304643012527324,0.998771823683681
images\E\E.83af2c34-c0cd-11ed-aac3-683e2670f3d6.jpg,E,1.0,0.9780238649089921,0.8875437152937096,0.7095469599607831,0.6413927545184931,0.5778794585625524,0.45438229531672814,0.6246637271716416,0.34007614770535827,0.7442606116080384,0.5180124526106137,0.4292737702544182,0.2777725087302421,0.24499526395009147,0.11940886413290987,0.10547641473715255,0.0,0.0,0.4252159811066196,0.5598167088903562,0.22753100122441272,0.6583169154698122,0.31651068861894277,0.7388898778723512,0.4222779886820859,0.7434518962134185,0.37307248984711505,0.7301554194891443,0.24005324870958178,0.8245751836298734,0.3344658937401152,0.8707672799397399,0.4258781722158282,0.8632952146632887,0.3571922926081529,0.9013795655056148,0.2721131244568965,0.9565900839204131,0.36776513491182605,0.9981228503448083,0.45200353396442283,1.0
images\E\E.84e6cbe8-c0cd-11ed-81a0-683e2670f3d6.jpg,E,1.0,0.9639751641691616,0.8827796844640139,0.717766310549373,0.6366178310798091,0.5930101084225579,0.45183821305877053,0.6462013071079034,0.33647489349957704,0.7731024100696491,0.5261964207680296,0.4579099805221926,0.2745649475824553,0.26541635277080594,0.11612272869373963,0.11697028365776829,0.0,0.0,0.4515592377457432,0.5798512036035895,0.22848546645098256,0.673370701578392,0.30854073337711757,0.7539557384066711,0.4205452753507635,0.7524981556585177,0.4122032746164835,0.7421200754130739,0.22190888964418082,0.8194344149566661,0.3071398939808627,0.8719607399224791,0.40939307749380505,0.867098769528226,0.40700964871258216,0.9073060644029733,0.2665990311251266,0.9502369344507375,0.3535332755790548,0.9958598274451024,0.446913340471694,1.0
images\E\E.861dbc65-c0cd-11ed-9155-683e2670f3d6.jpg,E,1.0,0.9725876725977762,0.9055849256177675,0.6748069034447275,0.6828037094169322,0.5288369439681906,0.519640001776884,0.5741545176588724,0.4173357149679789,0.7024188170630671,0.5194867169341811,0.413998081858328,0.29699109861191425,0.21903499131862136,0.1277612005177367,0.08922063447898515,0.0,0.0,0.4161715890357106,0.5735877798520512,0.2774964695869717,0.6337369099266164,0.37961620449570715,0.7015710419675097,0.4927838872464151,0.7149958574979287,0.3770271396152284,0.7712654916364982,0.3053298703160661,0.8189212085225179,0.4032670643302549,0.8545252754802738,0.49626596979259074,0.8558996846102551,0.38413696343870524,0.9630992444014046,0.3584842493151275,0.9803895661797737,0.4552191868391617,1.0,0.5335832028791622,0.9997366829827881
images\E\E.875753d0-c0cd-11ed-a640-683e2670f3d6.jpg,E,1.0,0.9994308691577061,0.9050429298676361,0.6850913335133009,0.6780888090940436,0.519258494433815,0.4951727730996645,0.5567505223327205,0.38567000175404165,0.6825185862435197,0.5126842897676758,0.39835382270047165,0.2922690916593113,0.21022800044926196,0.1246405117787708,0.0840126450167061,0.0,0.0,0.3994422388474863,0.5676467671200666,0.2582543312184488,0.6061496344491976,0.351287574923065,0.6669064044132763,0.4611122550512987,0.6912476674830886,0.3546680185230006,0.773736828381271,0.2825058631951895,0.7939365397764331,0.3697985340707533,0.8297336546475954,0.45851892257692395,0.8462069219184012,0.35528895728447063,0.976572039222409,0.3274205674023607,0.9708242446454739,0.4152799903989301,0.9879339663723475,0.4896417219470745,1.0
images\E\E.888ff477-c0cd-11ed-9178-683e2670f3d6.jpg,E,1.0,1.0,0.9133704326372261,0.6737192477494279,0.6720298582839108,0.5037081549484749,0.47776048644696684,0.5277706253723117,0.35358603741125916,0.6363269745742425,0.4783813485307365,0.3799079033075197,0.26987482668446944,0.1987730415708631,0.11021368934845555,0.07736184800218238,0.0,0.0,0.3378607490685799,0.5434790475501194,0.23763166010493686,0.5311374366026245,0.34147516221419133,0.5920538940324349,0.4558169239281365,0.6390518090869107,0.2775268756563635,0.7489345622171127,0.23408380418761823,0.7367032529604,0.3409300026267242,0.7767897406205287,0.4427569731398398,0.8148740960132724,0.2677455034495443,0.9608321131716224,0.25953254470638865,0.9402617177278826,0.36466959416857064,0.9588762589006853,0.4503886992939345,0.9830281537236737
images\E\E.89c67b66-c0cd-11ed-8952-683e2670f3d6.jpg,E,0.9452319566761157,1.0,1.0,0.7061284383090483,0.8464955339841042,0.5600705965187753,0.6826739656178634,0.5642091850245655,0.5566353516211587,0.6444596063916954,0.5389759718866302,0.44396268914788817,0.30414098312588944,0.23818380641724224,0.13465692676701213,0.09732661638300324,0.0,0.0,0.4055462845671185,0.5847784434495714,0.3835578846140144,0.5638004355425121,0.4871609464943897,0.6223815265173112,0.5661501278302454,0.6712607366837082,0.3654122727831152,0.7706360852267594,0.3939073736492863,0.7491324977646513,0.4842692473528743,0.7783147807177416,0.552963997017834,0.8212372148956786,0.36595356224386183,0.9607450954735357,0.4132823840400144,0.9178631623875705,0.4939602071279639,0.9380199327681873,0.5433781860131408,0.9677489804628964
images\E\E.8aff8c21-c0cd-11ed-8657-683e2670f3d6.jpg,E,1.0,1.0,0.9971064215231613,0.6993032575361893,0.8307618495161342,0.5533036898498745,0.6666807292264455,0.5679701944762185,0.5398285815323434,0.6603072024758772,0.5641332344818102,0.4379275784898275,0.31299576985793715,0.23233582671333675,0.13657764859524335,0.09197952973053375,0.0,0.0,0.4396770988111967,0.5818864895170116,0.4037528422397935,0.5843662630811225,0.5027259651724163,0.6429376549858478,0.5868012536358438,0.6865067106030961,0.4011525094948129,0.768434174056664,0.4250679604221663,0.7702212561650312,0.5209373936906672,0.7972829177648455,0.5983470288189414,0.8300725810765971,0.40077137276433733,0.9579322912656246,0.43912100729288484,0.9335931544766886,0.5243926473492592,0.9511157744089471,0.5830746752944607,0.9765251813444584
images\F\F.682ce04d-c0cd-11ed-8136-8cc84b59e01a.jpg,F,1.0,0.7701310537905119,0.8518854645102936,0.9811884488886482,0.6798508580708168,1.0,0.5852223228999677,0.7921871994232662,0.5262596668661528,0.5735172170353119,0.453785469877993,0.618850958763907,0.23587225516280552,0.4867853627651845,0.10629022269543432,0.3749712847081499,0.0010458201243864198,0.25550586539018244,0.5108888189218616,0.3882045985555508,0.28565566448513746,0.21244273283665996,0.12928993348058454,0.1038578410956448,0.0,0.0,0.616558791931146,0.2256769805146901,0.4976515914427655,0.15527502245862662,0.597809337714017,0.4123333812699723,0.6818232873233366,0.5982497212515572,0.7560244414588285,0.11462724282771385,0.6771279122773707,0.1266400400426574,0.728525797403796,0.35292681195826153,0.7785546788313157,0.5270764190957158
images\F\F.6961b857-c0cd-11ed-b409-8cc84b59e01a.jpg,F,0.029457984327920503,1.0,0.3493040497592813,0.9762899549869114,0.6105482624980146,0.8691199953528497,0.6401251494786769,0.722500858981236,0.5181499575411049,0.5980480732865487,0.6870443728728034,0.5170897097755772,0.8531076036471762,0.331164457210375,0.934670978317421,0.20797418854081953,1.0,0.0972685014670658,0.4724094084533871,0.4368809464366492,0.6413582468898231,0.25035811483899356,0.7464983612434142,0.11560836882553165,0.8237898179695036,0.0,0.23297998738212147,0.42627747195024585,0.36996767445045237,0.4903342981937911,0.3870964593333702,0.6792431201164754,0.37792409574088925,0.8114647422191131,0.0,0.4819545963529758,0.14808083132475597,0.6084219711332867,0.21716534301196982,0.7544117029086711,0.24889756240688546,0.8480888594459509
images\F\F.6a96e762-c0cd-11ed-902d-8cc84b59e01a.jpg,F,1.0,0.7780679971854719,0.8658244211560002,0.992520955839977,0.6861005196425923,1.0,0.5877533001907743,0.7692086961008947,0.5195879300732921,0.5543974107884778,0.4602311667919742,0.6209256016439622,0.23735225221078257,0.4739412604706859,0.10392692014586817,0.3568224575807308,0.0,0.2379448157656013,0.5156206046471187,0.3858121934269484,0.2784371339869782,0.21173922500165177,0.12268276996097566,0.10519322873538661,0.0010464136477784769,0.0,0.6200759261248268,0.22104125000542554,0.49627242109462505,0.1416991435365925,0.5993985878610263,0.3896997724167566,0.6848688618497435,0.5608771913748892,0.7586535707527146,0.10382068813186421,0.6928818298988845,0.15644213940787846,0.754919598606785,0.3817857206585687,0.811229343439768,0.5365307517095268
images\F\F.6bd22fb4-c0cd-11ed-8c58-8cc84b59e01a.jpg,F,0.03871673745537919,1.0,0.35602296527744764,0.9735481219551873,0.6155329622464574,0.8540831198904608,0.6447255470089637,0.6957074108199566,0.5315076133570685,0.5664179994085728,0.6866095330549021,0.4993226248566711,0.847739822942931,0.32933834575571946,0.9277394959230001,0.21269283128320604,1.0,0.1066725897200995,0.4719260959179737,0.41264330419445705,0.6318500456162524,0.24791568013140486,0.7356740289551925,0.11487156216472894,0.822819995815356,0.0,0.23408722529947304,0.3964350375174283,0.3662471828595531,0.4696136162612185,0.3831849985057006,0.670201618719132,0.3828706960165036,0.8154984223119535,0.0,0.4516182251783337,0.13805782257412527,0.5852929573401846,0.20726765461002722,0.7430044633654316,0.24834044954945433,0.8520127953760667
images\F\F.6d067e5a-c0cd-11ed-89cc-8cc84b59e01a.jpg,F,0.04528553483482285,1.0,0.33300196781996194,0.974019778475069,0.5687769961260376,0.8695182220908888,0.5907944762615496,0.721142408526431,0.4923808723769261,0.5965477821212402,0.6593416468679959,0.507445726892766,0.8369793307737626,0.3160239330066137,0.9280717290051528,0.18455078971158687,1.0,0.07355073461834154,0.45136224995136964,0.4349023221802901,0.6097548723149695,0.2419761070612011,0.7002818467422407,0.10740209053823596,0.772850336002956,0.0,0.2246755859992582,0.42985033419061763,0.34325550709110103,0.4934357650323172,0.35540932804153214,0.6808031969107715,0.35366784505155097,0.8187951858520546,0.0,0.4855749606208508,0.11812975890228522,0.5737056843707976,0.17996273114767916,0.7246827755976991,0.2128276409073238,0.8355116033887354
images\F\F.6e3a257c-c0cd-11ed-bb9b-8cc84b59e01a.jpg,F,0.03613710096152301,1.0,0.33643487593293914,0.9828461877023464,0.6012076965085439,0.8738886704769543,0.6438870225804652,0.7211057456609554,0.5281147668159876,0.5968047465177219,0.6731508425561955,0.5115976737301609,0.8352884525197793,0.3273869248347944,0.9236210558549408,0.20881952613137816,1.0,0.10592735183969852,0.4605542395459538,0.43152274190339995,0.6154059905042772,0.23063026374937937,0.721106609049893,0.10355534601932502,0.8056304627506623,0.0,0.22650036538867802,0.42518736872442037,0.37080420280255016,0.4800652207622559,0.37871272735985423,0.6740286977619129,0.3641532815000542,0.8077253084437706,0.0,0.4842112187855844,0.14587964000522444,0.6000482420623795,0.20436987911639345,0.7507301310837078,0.23294675084582878,0.8438918187414147
images\F\F.6f70d950-c0cd-11ed-971c-8cc84b59e01a.jpg,F,1.0,0.7882421860855253,0.8494594057576482,0.9866938626092331,0.6708529024272637,1.0,0.566456136753954,0.7704315553622122,0.5231234868360272,0.5039367813383717,0.45220521699071947,0.6293517765739561,0.23587861276797162,0.4922293645742755,0.106698546729794,0.38023062648717476,0.0,0.25832111020557175,0.5076406475234417,0.3823819300422076,0.2761786068197264,0.20069871482306187,0.13075761660142582,0.09982703261479364,0.007255751763275028,0.0,0.6147217170432412,0.20072649277996335,0.4870163728613211,0.09607750446803476,0.5830944543370934,0.36644383123502283,0.6641329673264157,0.5681787630574999,0.7516205804221735,0.07866022945584471,0.6749334619166765,0.09264791886058789,0.7304685571961744,0.3251910850615604,0.7851784916515746,0.4975314820978508
images\F\F.70a641ef-c0cd-11ed-85b6-8cc84b59e01a.jpg,F,1.0,0.8083798920567443,0.8397492137548196,0.9908255014246146,0.6650229254802792,1.0,0.5609575673609262,0.7793499184758126,0.5104744961353521,0.525463835327923,0.44383245616980865,0.6361269859107991,0.23301175443378241,0.49109192033783855,0.10650246436222181,0.37825285383095864,0.0,0.2622579341974348,0.5020799670116748,0.402065376294917,0.2725583836345418,0.20662530553405367,0.13438290979832918,0.10000155007367693,0.016324691339705558,0.0,0.6103004171180043,0.2281645480711755,0.4899686282901442,0.13644232902445144,0.5783673434323634,0.40097499634279493,0.6526794814022849,0.5995743110164705,0.7492771698765983,0.1129533844405542,0.6679306464196655,0.09850185379123802,0.7159870764487256,0.32732130799092046,0.7671352247993484,0.5086968821236785
images\F\F.71e0c5c9-c0cd-11ed-80e4-8cc84b59e01a.jpg,F,0.04435342023731823,0.9878162606565157,0.3289112674461291,1.0,0.596883426950156,0.9528641733488766,0.6667532898102188,0.8658402798747576,0.5352445863726659,0.7981523080916194,0.6970272578413549,0.5580813896009909,0.8641014180117417,0.31432118035799145,0.9491011526713757,0.18194696704279392,1.0,0.07084202864397358,0.4665143193527227,0.4838006624116767,0.6366554858983905,0.25484630095735783,0.7501418339997844,0.12156678969280502,0.8152793377542139,0.0,0.22200754879664042,0.5049845149547396,0.3613454343129408,0.6101594680396372,0.3843069501121815,0.8087885882877563,0.37308660873675553,0.9269277305814188,0.0,0.5961660288363233,0.13577165628739044,0.7656631329879999,0.2159944437180258,0.8946712269072112,0.24842614866391552,0.955086349773556
images\F\F.7319a7d2-c0cd-11ed-b8cc-8cc84b59e01a.jpg,F,1.0,0.6730065986853874,0.8835984226541074,0.9058955436691386,0.6971874909981822,1.0,0.5829390726649474,0.8662018912087595,0.544308046374333,0.6436548565365988,0.460809989250882,0.5811355508623557,0.2435619757151802,0.4436103496918921,0.10711700771237846,0.33289221894141086,0.0010509574901946515,0.22146140929168162,0.5105740089661895,0.32785412003847136,0.2827924662175991,0.2194970346958849,0.12594236714074977,0.13754655306824398,0.0,0.04485227096412359,0.6087281625375802,0.13572926932382334,0.4985140746737741,0.19658455043104736,0.6180785307214037,0.47375780589796357,0.7127993341307997,0.6458000105336029,0.73994381349598,0.0,0.6921492020030655,0.20524488017077722,0.7649181535774551,0.4726925834420303,0.8279850027820355,0.63840418762909
images\F\F.744ecb6c-c0cd-11ed-b3da-8cc84b59e01a.jpg,F,1.0,0.778909987330703,0.8261532415821922,0.9146523507630264,0.6385258132995046,1.0,0.5288587458840477,0.92286345845132,0.5639112104224461,0.7597606025425565,0.40489171283277176,0.5579877048985634,0.20946118230781308,0.3652601810244115,0.09589173049816063,0.2281434528383866,0.0,0.092610478133495,0.48659080326523046,0.3729363059954972,0.2641935566660678,0.21532177346770753,0.13348534456007682,0.10616739331498168,0.018105023736616384,0.0,0.6209924148819902,0.2417968403131403,0.5682735615457148,0.29322753538505053,0.6610425179245368,0.5282249061496337,0.7301878497455351,0.6965219180299773,0.785893820346995,0.17722435326107414,0.7759465398669496,0.31569754035848957,0.8124682314645907,0.5183470934250113,0.8403825456625305,0.654564509816604
images\F\F.75832618-c0cd-11ed-80aa-8cc84b59e01a.jpg,F,0.0,0.9523032867517053,0.22456944622896055,1.0,0.5094452010792754,0.9171698379231605,0.6444995503019402,0.7755362991509643,0.6607652576127457,0.6271944225212421,0.5977489399974303,0.5517146825313223,0.7935433637414878,0.3880360358024351,0.9104741102402673,0.2616326312326494,1.0,0.15353397520148188,0.4678524990363613,0.458143465796293,0.6963592445072594,0.24904149238396053,0.8507341642040345,0.1110176921593445,0.9701174354362071,0.0,0.30423127328793526,0.41658625758241186,0.5409415392522163,0.3845332572728761,0.5265414364640884,0.5934718735667762,0.4749978157522806,0.7549400132565598,0.12205987408454323,0.4310731817202088,0.3269181549531029,0.49397539595464246,0.3568397790055249,0.6622325796973679,0.3394310677116793,0.792345552164887
images\F\F.76ba6c80-c0cd-11ed-b178-8cc84b59e01a.jpg,F,1.0,0.9165252316921202,0.8268184462319218,1.0,0.6386452169377971,0.9514377429602263,0.6045614105470082,0.756498620876015,0.6425872063867771,0.5730545628116682,0.4169261629189818,0.6238498730099514,0.21445489739835116,0.4248113234980173,0.09613664172667642,0.2960403644660496,0.0,0.17119648669140036,0.5191715643993341,0.46608362122709057,0.2973309530018254,0.2659432619385185,0.16817563637093053,0.12930147316967303,0.06088339718773193,0.0,0.6626485868453252,0.37907150096492576,0.6270439090927327,0.2759404036872151,0.7302978757547188,0.4720976514819998,0.804766012075502,0.6315214053234398,0.8349948849617876,0.3429380270122479,0.842571961567007,0.3573750330684782,0.8953796160712495,0.5315875777419531,0.9362265059274266,0.6787087938392272
images\F\F.77ed8216-c0cd-11ed-ac9d-8cc84b59e01a.jpg,F,0.0,0.9347265734237392,0.23076136839845865,1.0,0.533106353585959,0.9291525322979612,0.6685873334972293,0.7783805289529963,0.6692027502241914,0.6224438239056925,0.6050552395687133,0.5525896460092108,0.8050629860729689,0.38688046883549015,0.9190452648685811,0.26371827450598945,1.0,0.16057419648562515,0.47031017756171245,0.4445665933097997,0.7060153219398753,0.22596752033525305,0.8622816790332793,0.10142532527623656,0.9802254340328678,0.0,0.29974775445518137,0.3937186662829954,0.5485482566868739,0.36399832751747124,0.5335264938514812,0.5852283857301305,0.4848617706249331,0.7468532876170096,0.11052271151318815,0.40472793788848405,0.3246538415398759,0.5029211028657813,0.3551288044615561,0.6810901397833338,0.34049060117714586,0.8048761376731418
images\F\F.792902c7-c0cd-11ed-af30-8cc84b59e01a.jpg,F,0.0,0.9545760704637134,0.21887038747722556,1.0,0.5215120871272598,0.9158836056804304,0.6618886826993686,0.7688198741046526,0.6494311219643372,0.6228219802106779,0.5782752334329684,0.5406071372097796,0.7869465884465038,0.3800222722394367,0.9086714094490204,0.2678327630698009,1.0,0.173769896141385,0.4371332749422031,0.44554101019072706,0.658353642305517,0.23322701871608278,0.8114779397475391,0.10730307404005639,0.9297891114876837,0.0,0.26830488444163075,0.4078565156393512,0.5229796678020094,0.38774118446595407,0.5137517643901566,0.6057527646847065,0.4646476908195099,0.7653017350141809,0.08495582832572235,0.43044635317312124,0.310962163527463,0.5209823336058487,0.35059718448784644,0.6949524107512339,0.33739603502814586,0.8198492081916086
images\F\F.7a64b608-c0cd-11ed-9412-8cc84b59e01a.jpg,F,0.0,0.9508431710871584,0.2292094861025569,1.0,0.5238444839113077,0.9194759739435228,0.6658738215012118,0.7806357438257998,0.6807416749919868,0.633732771230502,0.6002337332519262,0.541501113641255,0.8044726099196435,0.3675602179658474,0.9189746130799653,0.235382974373621,1.0,0.12424551773288035,0.46464757809435697,0.4405391687483939,0.6965293715689826,0.2246352332314727,0.848983597469388,0.1006790298303621,0.9641566205425202,0.0,0.29593155382847897,0.397445142264176,0.5536288853203425,0.3808218615204866,0.543559840902998,0.6032075832014466,0.49717599075769064,0.7652465116404392,0.1123862035309346,0.4198924316515941,0.3321714450526194,0.5165375642158251,0.3734311431364669,0.6933655407433055,0.3657010365491811,0.8195065893949289
images\F\F.7b9aa75a-c0cd-11ed-96b7-8cc84b59e01a.jpg,F,1.0,0.9222910941112552,0.8173214924150919,1.0,0.6312498451317079,0.935644140836103,0.5950785118327242,0.7351404182570233,0.6408003514674434,0.5443354824102685,0.4276575300601813,0.6102423110382375,0.21778356040138716,0.4134833396965623,0.0952041763897733,0.28429753377108025,0.0,0.1621722080837163,0.5332708222631184,0.45725874980036046,0.30319848746284633,0.2575142884233577,0.17046839644552195,0.12895795546028138,0.06039607737790184,0.0,0.6841237483200477,0.38202447301468156,0.6238358329239566,0.24146128579045906,0.721912004918027,0.44799763785403796,0.7928654783532476,0.6018269857871061,0.8651129624072216,0.35785501860478364,0.8423198896511795,0.33452197729498956,0.88542420932608,0.506660480093909,0.9213957379459371,0.6432117686207368
images\F\F.7cd69ff5-c0cd-11ed-8ae2-8cc84b59e01a.jpg,F,0.07005285656132361,1.0,0.4884267515773113,0.9765262797256704,0.8029366768474404,0.8590729445161606,0.7719294101529006,0.7351832025108135,0.574052727431634,0.6570546273240626,0.7691728062322397,0.4924345224621145,0.8973257556252121,0.27990033832355476,0.9673971155261917,0.12293962178730278,1.0,0.0,0.49570565044750525,0.4528344539408882,0.6583444943903386,0.47402250188127476,0.6775572599624736,0.5838225667317211,0.6278340620499653,0.6609563605440096,0.23631008762709235,0.48848629269575966,0.4178664310837209,0.6298073452307391,0.4010976810984842,0.7352933259102005,0.3247836093480447,0.7865184487283806,0.0,0.5684334334640538,0.20093209589296723,0.7063666619762256,0.2078405342819641,0.7970291154032045,0.1552843569617044,0.8344441521415942
images\F\F.7e0b446a-c0cd-11ed-b175-8cc84b59e01a.jpg,F,0.3334303413471245,1.0,0.6892074431193722,0.9122219388934216,0.8836186833210701,0.7684920081370185,0.8048128364833482,0.6474484048732785,0.589381973066971,0.549545811237582,0.9035637562291394,0.5040134592144152,0.9995877511402314,0.3055456159657568,1.0,0.1893536866126103,0.9570192548939769,0.0895819884592274,0.6098571405641896,0.48317676099092144,0.7664914327421899,0.2561779383346118,0.787284656992898,0.1144934280124704,0.7730667175782745,0.0,0.29602804981790937,0.5189974557535337,0.263413082649983,0.4491605129209185,0.33197057489286175,0.5960134945295326,0.4071320742284484,0.7061304446952279,0.0,0.5939083499998182,0.03356913742839499,0.5788633310153459,0.15020599771404627,0.6900168837421145,0.25071488851962953,0.7741904658531379
images\F\F.7f3e9cd5-c0cd-11ed-822b-8cc84b59e01a.jpg,F,1.0,0.7356925627387252,0.829655875799385,0.9674024979535792,0.6197210887320924,1.0,0.47020334147837634,0.8363408734227061,0.41183966917452325,0.5737474929193268,0.463643627609747,0.5774023487055026,0.25083323511642647,0.4377549415464167,0.13127742919798394,0.33439835230123316,0.03391035379431245,0.22324756926545836,0.5059365391950421,0.37022937133265904,0.25719026641065307,0.18139324227669903,0.1139798078413285,0.0967856556525413,0.0,0.0,0.5924602824749176,0.19784325048534326,0.3920554741463713,0.10941720922169425,0.48358781565908493,0.40061857587485206,0.5794128701578678,0.6013606832347339,0.7145028476716097,0.0584151231928067,0.5650183240267014,0.08757647528853671,0.6035343237928369,0.3385221914669134,0.6641423529553699,0.5292302358234419
images\F\F.8075ffc2-c0cd-11ed-9917-8cc84b59e01a.jpg,F,1.0,0.7349309113956514,0.8320238060228209,0.9657220424309835,0.6244243324314787,1.0,0.4788160951652747,0.8525168294202613,0.42334982649100106,0.6193571237720045,0.45188599135395835,0.5529421334570062,0.24764512998470767,0.41294937531880854,0.12741056199270673,0.2990702511434742,0.032331122809081285,0.18015345742412286,0.49947230472885545,0.35182625406507395,0.2599740104105399,0.1897994817719175,0.1140141600988119,0.10193061708909919,0.0,0.0,0.590079292142101,0.1792631942259427,0.41332857899070696,0.12303990988909558,0.4964307507940242,0.4089652215518259,0.5883846385719327,0.6164451270799876,0.7151564889424774,0.04058888425053227,0.5774989707093283,0.09175811729669546,0.6126027452652629,0.33962072302251134,0.671702410010587,0.5353921987862821
images\F\F.81acb4a2-c0cd-11ed-b6a5-8cc84b59e01a.jpg,F,1.0,0.7328545061459512,0.8352630305425993,0.9536828608145163,0.6377479728733063,1.0,0.4931756368400439,0.8563135939384839,0.42719165475592735,0.5991484556481608,0.47227401506602557,0.5542528406220224,0.2623567713915546,0.43334621649070787,0.139230669178882,0.3384643314469118,0.04165355698153406,0.22384495453120817,0.509995029824685,0.34618280800689183,0.26049622550063256,0.18343427677246651,0.11333598312465622,0.10206200928158224,0.0,0.0,0.5936520179711076,0.16931037809688174,0.4141344083638459,0.12010680270671902,0.5036883932600353,0.4015862839474527,0.6008527774487741,0.5897972244312619,0.7118482730457365,0.027695172698058563,0.5775774246498897,0.09934170300877862,0.6167954867320298,0.3397282890729322,0.6794992621033579,0.5107907385131999
images\F\F.82e61ffe-c0cd-11ed-824a-8cc84b59e01a.jpg,F,1.0,0.7311434897644522,0.8342067262860257,0.9519819385646786,0.6316926589923871,1.0,0.4838104750727593,0.8604018511163253,0.41911649664755607,0.6181674264771105,0.4702316024128656,0.5689312577296988,0.2512019076631529,0.4370321572420604,0.12612894680241815,0.33996098214704407,0.02499136194705927,0.22693802511809597,0.5098259455232901,0.3640491107421132,0.2627030675255743,0.19839725100976915,0.11579113023106014,0.10871664258889613,0.0,0.0,0.5940908389738689,0.18783881434541705,0.4082070846324,0.12407575542710311,0.49395702701484645,0.4085795207685602,0.5902976070303309,0.608421438010711,0.7124402252232611,0.04223374665740845,0.5777498046132882,0.10173907983179271,0.6081735217204437,0.3426678245089293,0.6665312180882111,0.524349999067775
images\F\F.841fc8a7-c0cd-11ed-be04-8cc84b59e01a.jpg,F,1.0,0.749635669824872,0.8226353364079685,0.9768581419306163,0.6216892246354003,1.0,0.4877088493839325,0.8430620565575079,0.4223244059430782,0.6138239433554359,0.46103360658355114,0.5591369829224765,0.25290927089178106,0.43917238577501777,0.1320531172877521,0.34285631375052594,0.03419049052747784,0.22688121182223125,0.5028384265531698,0.34960723146791256,0.25682673929009686,0.18590560206613368,0.11179191015131403,0.10203798551965293,0.0,0.0,0.5904892501813305,0.1677677340723437,0.415563675511945,0.12603009242466012,0.5059183533823268,0.4204907067512079,0.6037276986310118,0.623386195789382,0.7126975133774001,0.023828441258832576,0.5808254072523071,0.09029004222225447,0.6136185353970796,0.3441876931559322,0.6713278865760699,0.5315332046836233
images\F\F.8554ef78-c0cd-11ed-8852-8cc84b59e01a.jpg,F,1.0,0.7548276100165715,0.8429550359143353,0.9690704980666544,0.6388423437162722,1.0,0.4973777994231584,0.8500299208248941,0.4271705592899592,0.621212714048978,0.4647248220005523,0.5487910835941816,0.2583854835538369,0.41935014269931875,0.1359434308294137,0.31679593997422206,0.040552965899092124,0.1974020668385196,0.507758025443105,0.34699180629718285,0.2598983378209683,0.19195359970539497,0.11199542314879742,0.10661020069968698,0.0,0.0,0.5965214525102671,0.1742928328116369,0.42177947841579244,0.12068737341189469,0.5067477295625485,0.4026934496409501,0.6013417217609631,0.5987226109372124,0.7193093956222115,0.03657015282636715,0.5862298262206,0.0960067206775916,0.6169902098222881,0.3375138096114896,0.6731833402172303,0.5202765374700792
images\F\F.86901844-c0cd-11ed-a0ac-8cc84b59e01a.jpg,F,1.0,0.7495663428196736,0.8404723601903806,0.961721342690822,0.6384826567391301,1.0,0.4971718738719059,0.8577266571030154,0.4308515108824635,0.6292109415042421,0.46787613781306636,0.5509218615332194,0.2555576741869855,0.41325052471230306,0.13125100660704467,0.3089861097987338,0.033043924166159123,0.18921655370677387,0.5116857127518368,0.3498847494122936,0.26486992322943603,0.18223909700806612,0.11608923675582813,0.10166504886338582,0.0,0.0,0.59923173899119,0.1749873295937739,0.41436111229384226,0.13653114342899847,0.5037570740177829,0.4187796895535722,0.6022062975187946,0.6036273153914654,0.7209949998241331,0.034749841798882714,0.5801348066666543,0.1297690120519186,0.618531196025036,0.37207127497215375,0.6830886314031778,0.5360060016206667
images\F\F.87c34ad0-c0cd-11ed-bba4-8cc84b59e01a.jpg,F,1.0,0.7223735472461567,0.8322018496929959,0.9505287220145545,0.6291255015355258,1.0,0.4849359573822848,0.8473894656654821,0.4272443605586412,0.6025247045224446,0.46133801779514344,0.5628217177371816,0.24926791491243025,0.4306294013348999,0.1278814672266982,0.322735651669835,0.031139018282311283,0.20406923777710295,0.5044429008573896,0.35608913392850455,0.2573702756994831,0.1912019688707747,0.11303599727156582,0.10373623308830011,0.0,0.0,0.5911751448400208,0.17789964452224863,0.415301116256197,0.12923912548670027,0.49988698956570704,0.40821108083330115,0.5952950142444641,0.6017243177552752,0.7096224017025311,0.03883518083036237,0.5767085219062773,0.0988445964673498,0.6069379395246132,0.34623210294276113,0.6633662838288781,0.5337386936005362
images\F\F.88fa6797-c0cd-11ed-ae1d-8cc84b59e01a.jpg,F,1.0,0.6674266670688567,0.837844509997334,0.9006821280982065,0.6405712382929664,1.0,0.48159635120544636,0.9549034067919488,0.4303338879533588,0.7433183586903723,0.4360902984075815,0.5049932234453189,0.23700981702562673,0.36755294085830814,0.12305657231906643,0.2616707041688033,0.03302997280484037,0.13664040990094684,0.48376023047888816,0.3123762875713931,0.2544331626653768,0.15679948991213882,0.11351243122717665,0.08704310263229884,0.0,0.0,0.5751772673008975,0.1494747780067256,0.4004832621848058,0.09344988521982978,0.4785721949138341,0.3541095669557927,0.5644158207724517,0.53977104294453,0.7035038661333607,0.024229693479217353,0.566905690315344,0.07920975907085791,0.6001238655377154,0.30463083639223093,0.6573558798274638,0.47583427553273705
images\F\F.8a33eaaa-c0cd-11ed-85a6-8cc84b59e01a.jpg,F,0.3906314453697706,1.0,0.7144575908129304,0.9286773353860075,0.9156285048315941,0.7806718856998968,0.8418835348085171,0.6632203509540533,0.5996647786478826,0.5791719425101107,0.9175709166692897,0.5082814961456061,1.0,0.31406324051602097,0.9888669567997668,0.19683664350925392,0.9343303276339353,0.09880780439270904,0.6225450647829551,0.49439754047599793,0.7786429126403382,0.26571518941344224,0.808960689560344,0.12350079892562162,0.798696554683242,0.0,0.30633864065960825,0.5378977866535918,0.28033765661471993,0.45539067514077164,0.3733671729914468,0.6197682143270241,0.4592457975153695,0.7322685597945415,0.0,0.6228464578575691,0.042778618063021946,0.5994342521575087,0.18968749119909348,0.7182264567725453,0.3015314819815417,0.7970217117378091
images\F\F.8b6c8b03-c0cd-11ed-bd66-8cc84b59e01a.jpg,F,0.37921684488615437,1.0,0.7004429436104227,0.9226676617697122,0.892402109707926,0.7830746065414932,0.8166010233877996,0.6712721606829549,0.5976547055639798,0.5796642836567418,0.9013240781295004,0.49649566606436746,0.9923350392528097,0.29961583785057744,1.0,0.18063555660303243,0.9621082657268335,0.08459318616283028,0.6084388317039624,0.47710477387592637,0.7451748809878409,0.2555691727551261,0.7735460522461227,0.11454945400267107,0.767751443530733,0.0,0.29980452465402585,0.5162722916175662,0.28734097398428415,0.4715264356980124,0.3632440795061451,0.6216112813261058,0.43632629264269474,0.7327072040223113,0.0,0.5967174692958337,0.043184031577606086,0.5954874695577029,0.17659687706522303,0.7055023961033859,0.2818212844832072,0.7864432922198654
images\G\G.af4e973e-c0cd-11ed-8a81-8cc84b59e01a.jpg,G,1.0,0.5918935149860598,0.8229140451154575,0.16662024774167095,0.568160019290715,0.0,0.3524284879848577,0.022955125471321326,0.24757666244877366,0.18962517685126892,0.22002582240134286,0.017253817714815663,0.0,0.15918548325485635,0.09906624979369001,0.21257933526165285,0.2233230363679142,0.1998639345261063,0.20147981322654768,0.33595600259559155,0.02519428255044791,0.4684800993364995,0.1325040354818055,0.5066011579587665,0.2574954611803623,0.4769892685247776,0.24513020647386097,0.6592488257462568,0.08227630437658098,0.742065990304247,0.1875364188332629,0.766236227843425,0.3081773668876281,0.7380633250843035,0.32762282906296053,0.9541419703479775,0.19637198772792133,1.0,0.28748198811420383,0.9932044627928139,0.3881675810637284,0.9632420137690136
images\G\G.b0863f38-c0cd-11ed-87b0-8cc84b59e01a.jpg,G,1.0,0.6038273409110703,0.8360202819658681,0.2280594466663413,0.51773016636538,0.07398007279144571,0.27566655910715204,0.11257456433755095,0.14627390250309782,0.29029728118303805,0.29314733934147186,0.0,0.010666385172621026,0.1374792684105606,0.07113754382850296,0.23865229595474413,0.184127574381003,0.24589698756726702,0.2725976342504681,0.30900571632007945,0.0,0.4495594327894551,0.09442054010870309,0.5224106926671662,0.2236464594726545,0.5047262760275356,0.29801030891972263,0.6306451412236351,0.05492396661896462,0.7365492299285197,0.15395892985880114,0.7786062438331597,0.2760955176471576,0.7490810151755714,0.3651475984439457,0.9311184865963635,0.19669884255566206,0.9949588622101765,0.27985778153103175,1.0,0.37894768409170787,0.9589540847332241
images\G\G.b1bd5874-c0cd-11ed-aed4-8cc84b59e01a.jpg,G,1.0,0.654341780204913,0.8280531386847876,0.21119432215281844,0.5118254974560533,0.04157755478433127,0.2643895793686042,0.07803108644343991,0.12487867065843461,0.2457066889883842,0.3018871919017123,0.0,0.0,0.10467571904359878,0.08207225222696009,0.1881501212209251,0.2110382662042843,0.19030414778357715,0.29366279992912386,0.3287731061657512,0.012637581375226954,0.42399709280723885,0.10945068701517163,0.4743245115566186,0.23582097795246237,0.4682018600472419,0.3222746633959329,0.6662035485586049,0.06898732283845076,0.7239796899218116,0.16903679805596913,0.7408499415828763,0.2951392324667883,0.7280231041282234,0.3811253195753876,0.9742255116711995,0.15778774441332746,1.0,0.24521482599681058,0.9867167562939237,0.357301276460612,0.9677106959667974
images\G\G.b2f30c71-c0cd-11ed-9b99-8cc84b59e01a.jpg,G,1.0,0.6563489056924892,0.8504507387495202,0.26982825866264576,0.5279293284813965,0.09418481181792394,0.2723633215159289,0.12956365794306018,0.12337786833211752,0.29409794276159623,0.3536141706601099,0.0,0.010328433584025154,0.1451114461878387,0.09349462062723292,0.2404467364853769,0.23036932505404936,0.22943927936939223,0.3436005417480701,0.3153486705582013,0.0,0.4530417232730693,0.11459552806945207,0.5216976695579475,0.2600528019746064,0.5050451233895168,0.3649031135365536,0.6451044481435588,0.05023619818208586,0.7445335943448338,0.17222229849068912,0.7738246084827494,0.3190216344185179,0.7429030500276189,0.4178660409075653,0.9573422547512055,0.17708780588717873,1.0,0.2705644376760125,0.9988509211292418,0.3923895852199917,0.968795720555962
images\G\G.b42a314c-c0cd-11ed-9062-8cc84b59e01a.jpg,G,0.0,0.8111814157688353,0.10628187031655767,0.32706649983961017,0.3868105570524557,0.08008564221654953,0.653411317035233,0.1261329390935189,0.7902358249231823,0.32808131033889587,0.6028623002607485,0.0,0.9288237184175112,0.09876983978868573,0.8416377517244701,0.18949314110355772,0.705556896793775,0.18919724486522657,0.6873467977986463,0.3231554764335145,0.9800964164268592,0.3768116882800747,0.8826038661730127,0.4470321390917879,0.7531542104796327,0.46669436298732947,0.7315483312744837,0.6482302213379595,1.0,0.6980938764625091,0.8947431489649655,0.7410145183896537,0.7578704739818387,0.7486066641025932,0.7279645819125509,0.9447534134903801,0.90709389705282,0.9711395683593338,0.8021119509024576,0.995823914150061,0.694069044593919,1.0
images\G\G.b55e1cfb-c0cd-11ed-8371-8cc84b59e01a.jpg,G,1.0,0.7101876337186381,0.8445220868380625,0.3799969265865811,0.5307985759753417,0.18806271592787357,0.25101056257794524,0.2006335256351035,0.06423840897341347,0.30442617267644,0.4238247263799833,0.0,0.011929759224185878,0.19605679228939116,0.08184270554884487,0.3116756780489679,0.2105664981783167,0.3052654157752091,0.4519504384535661,0.2678109338511791,0.0,0.48288492902335883,0.11775498053359272,0.5555976828658117,0.2763107666750788,0.5187153497791441,0.49676164247964544,0.5667849991813378,0.0809170405180588,0.7643437393379539,0.2104082187686058,0.7941755156885864,0.3658542800369482,0.7327776797009276,0.556520695155327,0.8677878832505371,0.24229882466512634,1.0,0.3410681164995259,0.999014403881282,0.472723263398009,0.9402458913676416
images\G\G.b69544e6-c0cd-11ed-91a5-8cc84b59e01a.jpg,G,1.0,0.7125247603121067,0.8272889619021252,0.3724206560086893,0.49465173969721915,0.1815224054758128,0.19856310195430601,0.1934912163395413,0.0,0.2748884580732856,0.4118091677652266,0.0,4.492025280018188e-05,0.22082095037443736,0.08576926391290238,0.31959043517607905,0.21054259998423208,0.2871913677827362,0.4625126739284686,0.2809098610283338,0.021074932482109822,0.513595580746758,0.14755707163955256,0.5645911728842686,0.29292496850998606,0.510800361813354,0.5196668200678021,0.5854963430751176,0.10525777807928333,0.7756604730570582,0.23928101926803824,0.79653604522936,0.38580813368267236,0.73786514873677,0.5796839447682574,0.8835385238391859,0.24863451598885977,1.0,0.3448711155440576,0.9935166885736849,0.4718922977351025,0.9355400001524746
images\G\G.b7ce863f-c0cd-11ed-a06c-8cc84b59e01a.jpg,G,1.0,0.6764738104443139,0.8244010523604085,0.34985201006458316,0.49183270711158217,0.17213370793332894,0.19902895258809397,0.18791190682926698,0.0,0.27744966576638325,0.43099917645689934,0.0,0.032162549932110894,0.2105440904979506,0.11909728085898398,0.32524149657708196,0.24464798852200953,0.29936611958528414,0.4800260237808823,0.28020665171526177,0.042538106412272285,0.4971520199335969,0.1631910189885768,0.5659177684801809,0.31533596619624954,0.5206710567178557,0.5368292187115874,0.5841315313178211,0.14167114506899606,0.7753495577504805,0.26828625615676566,0.8018637043931598,0.4138519134587045,0.7376861418222546,0.5987217198513729,0.879903156907359,0.28842254144767016,1.0,0.3809667825542875,0.9939264821855248,0.5036977945434271,0.9301287408315504
images\G\G.b905ee6d-c0cd-11ed-bd7e-8cc84b59e01a.jpg,G,1.0,0.6863120599163443,0.8246133462739961,0.34432656816127033,0.49110469688087016,0.15585339274986157,0.19340306704927643,0.17904186547254114,0.0,0.2657920792751582,0.4468553908987122,0.0,0.018171626474875573,0.21670960828281977,0.12048374142236958,0.3062350683376094,0.25296798401491544,0.2674762417642417,0.5009827049538241,0.28808504839477134,0.04264808596938561,0.5052899453235743,0.1756475240229753,0.5532808798209717,0.32419352274947943,0.5036492450922735,0.5543217980041085,0.5943011019946007,0.13116680084189108,0.7722256252566424,0.26641729710321765,0.7900025941535114,0.4142110730558384,0.730347023491803,0.6084061011858846,0.8914489366007896,0.2785529085168074,1.0,0.376851454468783,0.9871555446296268,0.5044820135072843,0.9310063821609162
images\G\G.ba40b901-c0cd-11ed-9922-8cc84b59e01a.jpg,G,1.0,0.6610547155109432,0.8126289671590412,0.3429376158277999,0.4761745761867307,0.16217219916732276,0.18647038744051386,0.18066458429833054,0.0,0.2884012623851625,0.4213758452864439,0.0,0.004804063056354603,0.21657395941227336,0.10936321948598016,0.31834397249797325,0.24801371365343966,0.28576971779092497,0.47886161029250485,0.28373911606930247,0.02950847766245729,0.5010684179087278,0.16260933830504495,0.555921673060969,0.31747331244245813,0.5079025113110053,0.540640575891483,0.591510995453991,0.13130422674656053,0.7698132215534575,0.2618694026914116,0.7870033387215627,0.4103753046197893,0.7228437967165562,0.603392834606764,0.8916052106923718,0.2772101786900965,1.0,0.3691211815126465,0.9906887615580221,0.49613593319018007,0.9347574103908649
images\G\G.bb7a312c-c0cd-11ed-aca0-8cc84b59e01a.jpg,G,1.0,0.6436748685928447,0.8183825859186804,0.3156727415922719,0.4835753723930586,0.14453690684048134,0.1975501412996336,0.1726342372172108,0.003430239214175472,0.28617888184456997,0.4163937977322703,0.0,0.0,0.19974161694071899,0.09299078761541607,0.30097651985063484,0.23682331631593923,0.2843990720868635,0.4577552335968678,0.2945425258497267,0.01131109623718767,0.49983280021270005,0.13729507515316366,0.551550983600716,0.29413505575266935,0.5068985901311924,0.5140883976588296,0.6053947970715369,0.0965450113795015,0.7730313138705471,0.22885457752383379,0.7807887444392366,0.3827602571088038,0.7169910616638298,0.580653374826196,0.9031648270121764,0.2626700571611528,1.0,0.3604140608930403,0.9805317318700154,0.4871828002551897,0.9233795553947514
images\G\G.bcb08973-c0cd-11ed-bdd3-8cc84b59e01a.jpg,G,1.0,0.6249952280223406,0.8347795333711943,0.3048891268361765,0.5034400141269261,0.12291096616564351,0.2194198274930136,0.12816129146503624,0.019172606285797304,0.21495149140975028,0.41998842648642115,0.0,0.0,0.19959469236497374,0.10134259605747233,0.2940632918320761,0.2489841380251555,0.2740315645049493,0.4608166126390008,0.2893552471746443,0.004371618379287422,0.5003695695469174,0.14622151196263997,0.5491532096896674,0.30788970236112395,0.5015498003588528,0.5181744763425349,0.5941165080070335,0.10146586424943613,0.769475533208135,0.24018905036043717,0.7745432584949251,0.3953201133089047,0.7046207922080849,0.5876845293038331,0.8872185050624358,0.27708683999544104,1.0,0.36600429579865806,0.9861223990422009,0.4883514004391674,0.9300103810636887
images\G\G.bde64fe0-c0cd-11ed-8afc-8cc84b59e01a.jpg,G,1.0,0.6256013821053535,0.8381412769771033,0.3079007858851303,0.5118765007573802,0.13610101574876526,0.23215967814994667,0.16950524502038258,0.04807976114517834,0.29151477942775283,0.4160676625445052,0.0,0.0,0.1979695987984235,0.08610657873588132,0.30549480065999,0.22927384042900353,0.2904038327659831,0.4520941197099063,0.28969944142040377,0.006154018498585087,0.4992618051786925,0.12809369109603386,0.5568775455387635,0.28268740898043476,0.5144925550128727,0.5047220585155349,0.5958255448298041,0.09427410831267383,0.7773259988927078,0.22139124166516488,0.7859801454828507,0.3762226454243034,0.7212400942112005,0.5714523678481148,0.8916064142551998,0.2548757263300424,1.0,0.3477617101693512,0.9869404382757669,0.4778893689147789,0.9334427835060966
images\G\G.bf1b26ff-c0cd-11ed-b94c-8cc84b59e01a.jpg,G,0.0,0.888255588183379,0.18423845698794547,0.5049374989970956,0.49958021864297353,0.21105815775820108,0.8181289259588166,0.14020015297635285,1.0,0.1803601897762587,0.38200883700362215,0.0,0.8892994903829248,0.09844884117738303,0.8644779148750841,0.27257711666318996,0.7180470874028533,0.3050706847028996,0.32836153192191314,0.2885925640655338,0.9025594541644177,0.3860534775376156,0.8218586129576878,0.5194060666356435,0.6494311565540646,0.5212621083992576,0.30802198968839767,0.5982803532363057,0.8317954353758235,0.6831319501275694,0.7305672440134832,0.7712666548992549,0.5701037652701912,0.7477189942072241,0.30984935519744494,0.9030515038217344,0.7054112923832184,0.9720759318987788,0.6358278999535496,1.0,0.5013206463601905,0.9714474451344427
images\G\G.c05182c1-c0cd-11ed-9277-8cc84b59e01a.jpg,G,0.0,1.0,0.18164354699671892,0.5511110510234432,0.49213896675376423,0.2210842819673904,0.8150329877474081,0.11653678717248465,0.9775959485608173,0.14452315928940324,0.41824269374128975,0.0,0.9918868796431886,0.03704026174188141,0.9427365991467446,0.20594002649866155,0.7816986586649076,0.24375848362761268,0.3696258502986638,0.29616634669983505,1.0,0.3410913122245356,0.8878465359512189,0.4567541843549739,0.720795997819919,0.4620003785523078,0.35533095654103564,0.6053429954303329,0.9295543026727939,0.6713008679663629,0.7920555676806644,0.7421539626314794,0.6283690360213278,0.7094243300976124,0.3667004814955258,0.9033188221615337,0.8053418081748162,0.946704161371441,0.7005211222784041,0.9667923099802612,0.5468787531107001,0.9336376172836168
images\G\G.c1890543-c0cd-11ed-85f8-8cc84b59e01a.jpg,G,1.0,0.6357252203565539,0.7352642497588715,0.18279031356173026,0.4292493661122107,0.0,0.20821987310654594,0.014447239845098322,0.1016036169914121,0.17301104095294365,0.057440471208166304,0.16718681119045456,0.004398646847559162,0.11445290657315454,0.15678694545281285,0.12166256801115345,0.2829165148211915,0.14904661467165894,0.014219690248107994,0.4754543174217721,0.0,0.4112523719006956,0.14591356461921018,0.41190654565424456,0.26007260252627945,0.42571586192183747,0.06650458369443582,0.7640157768375824,0.04797896355322275,0.6672347283762241,0.18179682882261058,0.6534570791183572,0.3004374437420563,0.6568521158979223,0.15089607073273437,1.0,0.14144177439647057,0.8938325998531651,0.2609333249201282,0.8531354923011666,0.3600410530070555,0.8455312432551353
images\G\G.c2c02f03-c0cd-11ed-a1c3-8cc84b59e01a.jpg,G,1.0,0.640581629221814,0.7699285755111804,0.1927542800333338,0.489002131726741,0.0,0.27708557813826373,0.039912864223161156,0.18080038189027217,0.2557627200063493,0.09714995332217018,0.08968301541584776,0.0,0.15992255525874438,0.13993161327470907,0.19767582232822953,0.27161151767512653,0.19882287335027873,0.025813051586940368,0.39964118105319,0.0004286739474202296,0.44962729196124424,0.13881018105917395,0.4723519349698095,0.2761771598286998,0.45968382996409723,0.05339557396795424,0.7178287903123062,0.022668648798548647,0.7197674151460025,0.15291143702091717,0.7362346567305704,0.2947908706209104,0.7269020223771024,0.11944867238090803,1.0,0.06739045528348579,0.9707318193875015,0.1851813237874878,0.9531417543698425,0.30100082136045236,0.936065481324915
images\G\G.c3fbc705-c0cd-11ed-b4c5-8cc84b59e01a.jpg,G,1.0,0.6436159455930414,0.764622288686747,0.17979113040742803,0.46732404235702,0.0,0.2551715341574671,0.0672172608273393,0.16854428662275497,0.30056857002807064,0.04197308754770432,0.11749018609183838,0.00704349539139036,0.16051450927130329,0.1716116152609411,0.1779348724337577,0.29807437342454074,0.17804014776828775,0.0,0.4313051395168653,0.022254398763567055,0.43160681784704036,0.16975495194131177,0.4337410359925134,0.29502666742747435,0.42742992532525087,0.061234775347869405,0.7383774782354688,0.07071535112779839,0.6912657257631629,0.2030370168215091,0.6924017007167877,0.33274551474189645,0.6912465847932484,0.15481928193010364,1.0,0.1531327675643939,0.9354233608047863,0.27462970656147556,0.9079069682284866,0.376893875334779,0.9010499238106175
images\G\G.c534e397-c0cd-11ed-9eff-8cc84b59e01a.jpg,G,1.0,0.6118074848548801,0.7545000998886322,0.14861116396862686,0.44973335524067987,0.0,0.22829540726602965,0.08606899808675014,0.13266195691560653,0.30363586668834786,0.09504052325385187,0.11259933849299571,0.0,0.1276480173818577,0.14473850486301215,0.12951845265485043,0.2745124363194574,0.13281474344115113,0.07166313464076181,0.43395828215764765,0.013248361075112064,0.4194808969093922,0.14602018316939364,0.4201071143140844,0.2736803184415107,0.4250061410822836,0.13382982869161164,0.7407749699865415,0.06970699252448749,0.6935686434608718,0.1852642220596962,0.6867654487141784,0.31230334810436994,0.6899774077367258,0.22283786683207207,1.0,0.1587243913752386,0.9391959333926106,0.2605410835416297,0.9046047737832873,0.3590561546546994,0.9002199545386923
images\G\G.c66adcd0-c0cd-11ed-ad13-8cc84b59e01a.jpg,G,1.0,0.6746694646286572,0.7677305466368362,0.1829586881376305,0.47591344042036676,0.0,0.24850054455755563,0.07405706954679195,0.14454788351304365,0.29079845056036846,0.11075968620469792,0.10618082975355798,0.0,0.14049532108746257,0.13702547887524516,0.15712033310950219,0.260098383621242,0.1543077198248982,0.07181184227152819,0.4299929978419079,0.015538666260764956,0.42448396618945516,0.1464950082781217,0.4284511304633914,0.2628346544081973,0.42494178286521,0.1213709255963,0.741595125557964,0.05532936539154546,0.6920277666684219,0.1691373258936839,0.6799617731779484,0.28860993298833176,0.677141761715124,0.20074283578653523,1.0,0.1336478180145924,0.9283582180486826,0.22827380269210001,0.8922659880071179,0.3196139446848976,0.884149751312415
images\G\G.c7a70e04-c0cd-11ed-a236-8cc84b59e01a.jpg,G,1.0,0.651854369879355,0.7575954606624604,0.163981595017543,0.4451966800688608,0.0,0.23701525304252186,0.09750566893424037,0.1475633450934935,0.32072476025905106,0.11971212383435569,0.10994517444759648,0.0,0.18883002999600262,0.12828833651640895,0.19476088406147044,0.2490146706290545,0.16796232671137065,0.09908439894799388,0.43081472128807896,0.01823485997446274,0.4712749267861021,0.14168951346242625,0.4628597688001104,0.26315323708107974,0.44106399252145834,0.15422382724988806,0.7423122596913707,0.0744126931260825,0.7268371820934071,0.18010831321115148,0.7132281427343891,0.2958642976621069,0.6987166603041507,0.2360435467410784,1.0,0.16320742420233114,0.9641639721524145,0.2534826014875084,0.929989392809143,0.33925017753584175,0.9168398934694507
images\G\G.c8db959c-c0cd-11ed-a649-8cc84b59e01a.jpg,G,1.0,0.6552448291647927,0.768957231175088,0.17869078524027537,0.4699192678312063,0.0,0.26146086010936775,0.023404759005177165,0.16453151699622878,0.18690849547897323,0.10458395036698329,0.1532583265307927,0.0,0.10995035853508844,0.13173189999997814,0.1270577936617604,0.24989791742804845,0.14398355975645097,0.07480667737030046,0.4618115215947004,0.04940402805690554,0.39839857944463136,0.1903044411769273,0.3999753219500804,0.3087038214422173,0.39606220315501234,0.134611645527318,0.7572829386653998,0.12187795189226204,0.6801893537928032,0.24833742647813048,0.6605980367686867,0.3728134263022882,0.6523546034812128,0.22304150730959332,1.0,0.20666280426019498,0.9255852295038547,0.3125253292723388,0.8787319019260534,0.4064485128750892,0.8680773347384548
images\G\G.ca13df2e-c0cd-11ed-ad9a-8cc84b59e01a.jpg,G,1.0,0.6776322847316442,0.7580367050037867,0.2056849567202011,0.4759689222748648,0.026514372258858422,0.2573654384698029,0.0,0.14398832273631929,0.08497060339296796,0.11059011571587087,0.20354315884685367,0.0,0.0951183752458482,0.14706131003751519,0.083749303211014,0.27469706042939923,0.10734483955447575,0.08351048840199377,0.5085030343188296,0.028223576448209664,0.3570121688280272,0.15778109974109233,0.33703383502140327,0.2578112616024094,0.36357555296122174,0.14033719639995068,0.7855690531032089,0.07300425348292443,0.6215660661134425,0.18726420909875477,0.5877041197320123,0.2997377899501559,0.6099008193186718,0.22434898814660867,1.0,0.1448324145340543,0.853098160477077,0.23470419359952094,0.8106164347542569,0.3234274001796502,0.824993110991912
images\G\G.cb4af577-c0cd-11ed-91a0-8cc84b59e01a.jpg,G,1.0,0.7485270111655892,0.7788171198566762,0.23939249673179847,0.48188089792921046,0.02023382034616326,0.28276081814455245,0.0,0.1900783974666278,0.11449542935604576,0.11544015271129118,0.3073067406717158,0.0,0.05308372111475911,0.1359407484465349,0.026912466386631872,0.2490204491605488,0.06642456332860158,0.07939499751619263,0.6041407218395209,0.042786949891217924,0.31050769128050604,0.17806238086130113,0.27754602817958995,0.26618020707227136,0.32280058019648883,0.12731411023028044,0.8453465745087053,0.08416043413969307,0.5484056692047844,0.2043154789406311,0.5060704847775833,0.2982713101432637,0.5527871396874332,0.20581266592579217,1.0,0.16852616369882673,0.7275863303539721,0.2720028483069474,0.669446210386059,0.35477052447635754,0.6990937090870033
images\G\G.cc812c1d-c0cd-11ed-bec4-8cc84b59e01a.jpg,G,0.0,1.0,0.16028547989504066,0.5185139071790574,0.4360739164893839,0.14084254492730489,0.7014166447457472,0.004265666360722029,0.8733331233465312,0.03857137156311106,0.4004348996929936,0.004353459169692858,0.9768350505429719,0.0,0.9146491617128226,0.16662862311611265,0.748419068958247,0.19144365962994,0.3822914724643455,0.323452119664259,1.0,0.3198887957753036,0.8711049931172569,0.43969245912978705,0.6834315589164794,0.4601205155832236,0.4024975943741698,0.6479465794059354,0.9512887372443659,0.6470617343070354,0.809163710534896,0.7258294425156631,0.6367347506307408,0.7197573726006624,0.4397169037389285,0.9592210383494952,0.8381492671318725,0.9486678106335714,0.7218072145222332,0.9946361254106975,0.5684493127330605,0.9932968860156697
images\G\G.cdb587e0-c0cd-11ed-b484-8cc84b59e01a.jpg,G,1.0,0.6993478424503735,0.7862912952653461,0.21829770894879238,0.48870725061647846,0.020551293447216342,0.2497575342484283,0.0,0.1254108165651339,0.08730250688651647,0.10536607932316097,0.24234660004414812,0.0,0.1039671578498676,0.15332605297318697,0.08509552319341533,0.2715706595474243,0.10309815009180612,0.0962051348181721,0.5496789111480798,0.03587185544126512,0.35446382432765017,0.1717626933244478,0.32469216827373193,0.27699147683849007,0.35513450379445577,0.1633729950641142,0.811024431169934,0.08268363934442491,0.6027086823812589,0.19832616344107937,0.568490074705066,0.3156592971807241,0.6000382278838583,0.24757522976194396,1.0,0.16155050028428575,0.8125421289040861,0.2564322748405092,0.7638231436006776,0.34972466441432404,0.7817898261392459
images\G\G.cef09033-c0cd-11ed-8819-8cc84b59e01a.jpg,G,1.0,0.6347848106560176,0.780382511752899,0.14990900705166935,0.4953008597213799,0.0,0.2701692669265145,0.08278244297540349,0.16226852033324568,0.3011068725021265,0.13608632325799458,0.09659254935282033,0.0,0.1965243103243695,0.14145788923660382,0.23244140695147028,0.2802652737797689,0.23025648509447763,0.10065883702306298,0.4159657504633753,0.016944747536874135,0.4690089792741568,0.14686508985750182,0.48784313297609,0.27710614395872846,0.4701237167675704,0.14416113320062993,0.7300589510647516,0.053572646088373435,0.7232796013495052,0.17102894079351696,0.7313496279586347,0.30087159959395515,0.7199453905922883,0.21600484821186552,1.0,0.12326355357680346,0.9578345542254779,0.22034514764263774,0.9342850427414541,0.32073957561991806,0.9151299246552019
images\G\G.d0283942-c0cd-11ed-a814-8cc84b59e01a.jpg,G,1.0,0.6455095554095518,0.7823366135501952,0.14697967009417243,0.5157250406320187,0.0,0.31299180215033995,0.06778426733201393,0.2133725360545883,0.2561761611666687,0.2005589163702837,0.05906390083567006,0.0,0.10693567190175289,0.13017763865797272,0.15438331544115308,0.2742439987139736,0.16776281463029472,0.16229212140435362,0.39827366212845733,0.03841696790372003,0.4059939475613563,0.15644652603350268,0.4322410370029994,0.2787384927142234,0.42924661604903935,0.20171160743519867,0.7234455636574214,0.08340923513509763,0.6861321943247527,0.19210782052877712,0.6974671928176892,0.31686603641056643,0.6946178799087611,0.27280324865020694,1.0,0.15917694308422906,0.9504420197069265,0.24783608760361078,0.9281800271316215,0.3468658111511598,0.9157571661652826
images\G\G.d1604d23-c0cd-11ed-b2e6-8cc84b59e01a.jpg,G,1.0,0.6657552597136671,0.7872913331447079,0.17031555949845564,0.5230501903278557,0.0,0.30194829554648184,0.037858837335781166,0.19589780420140493,0.19422809801402838,0.19438571243906208,0.10990616333121574,0.0,0.13665273902510242,0.1248195478594783,0.15718318346892493,0.2593238502362488,0.167784236297878,0.15840714884262042,0.4347854275636702,0.020192786614948353,0.42780528168258597,0.12992169936424802,0.43148869043787647,0.24673739818069892,0.4284223704230253,0.1945637916960829,0.741383379556685,0.062318926389989954,0.7000888085383066,0.1598331388322159,0.6898249856105914,0.27776951662781163,0.6890381158410365,0.2631019327475098,1.0,0.13082904481721566,0.950466851186928,0.20552447957015102,0.9178730914793245,0.2997107793995746,0.9105207333421023
images\G\G.d29db6ed-c0cd-11ed-a98f-8cc84b59e01a.jpg,G,0.0,0.8724698488772737,0.13284457083306894,0.46526369330237527,0.4122245011362066,0.15322484533383843,0.6767921314566215,0.11147243037096469,0.8510919696985928,0.19074695190079233,0.44480161774509475,0.008582987679911808,0.9647225213926298,0.0,0.8899539996313818,0.16052772711504779,0.7163021274106107,0.20235143642140704,0.44527708581745484,0.32145981020807307,1.0,0.33083075999770156,0.8834960390021158,0.43698058878486773,0.6957012577242961,0.45932178861546386,0.4583048011288178,0.6526667276747616,0.9723091350024433,0.6559154087294071,0.8460579411820449,0.7232640891455958,0.6698070632416485,0.7317848272867926,0.47390982257706993,0.977257636475463,0.8644630328380609,0.9665815745621782,0.7654698110735443,0.9999308338458722,0.6176420903784874,1.0
images\H\H.00d9fa6a-c0ce-11ed-ba4d-683e2670f3d6.jpg,H,0.426600894145225,1.0,0.18931948982636584,0.8552978854320548,0.06922602804485171,0.6802051931284745,0.0328600791805585,0.5037845593811394,0.0,0.37023501466744874,0.41830948812702246,0.5375869733442115,0.5120330148520928,0.27699081537890385,0.5627435699225062,0.1398795709738987,0.6064649171922804,0.03524150875088342,0.6127720713016697,0.5541399735812649,0.6920324378755217,0.26810868621908673,0.7157617575295969,0.1135920816053566,0.7292242634230757,0.0,0.7660705347540996,0.5949691959613179,0.8290317343431406,0.34517832277530175,0.8549727273282426,0.20167659058960674,0.8749399070478109,0.09856628776218272,0.8861816848684525,0.6519023811885039,0.9491936331267098,0.4690333788146519,0.9772351156364231,0.3659190206413419,1.0,0.28134091117723375
images\H\H.020e2bf5-c0ce-11ed-a4ce-683e2670f3d6.jpg,H,0.42485957223623483,1.0,0.16685062827947356,0.8534609571195408,0.0485022473271326,0.6742435472948243,0.017112944171762266,0.49895954071916576,0.0,0.3626111867857073,0.3831052902208778,0.528366999434617,0.5075112817774702,0.25056529107294395,0.5742600575421567,0.10715571870042093,0.6213448521227882,0.0,0.591069606777066,0.5442562123162276,0.6961427270564665,0.2542803762795148,0.7362307514809138,0.10776285253213984,0.762665373861298,0.004587069907018953,0.7562642655984365,0.5821663035389594,0.8304503115729526,0.3285526525366276,0.8670479294712803,0.18839320495668402,0.8974130385076412,0.08714807481007066,0.8844823253027808,0.6329727928266614,0.9477514025979425,0.4454169948181192,0.9774958642755927,0.3432388171318784,1.0,0.2605065787852247
images\H\H.0341affa-c0ce-11ed-8b57-683e2670f3d6.jpg,H,0.399863736955687,1.0,0.18870911588105801,0.8487552423763092,0.09309562400728291,0.6701856870856772,0.0559133455325961,0.5020289504307421,0.0,0.37900142144546844,0.4117528125075482,0.5316799881908378,0.48687468714055,0.286638000475064,0.531832538049123,0.15461553908900108,0.5706891611743609,0.05213733845763051,0.594420253219381,0.5506937882758098,0.6730265804555816,0.27581549532916166,0.7054942075712611,0.11725951008461984,0.7253758269692551,0.0,0.7434150633964647,0.5944124155056697,0.8175170474563538,0.3552618958950423,0.8489162673587541,0.21373609370000682,0.863084583868821,0.11380686624850044,0.8653646577307206,0.6568372501137082,0.9484549220027336,0.4839439229646991,0.9835759720610785,0.3811019312026388,1.0,0.29645549047361786
images\H\H.0475667a-c0ce-11ed-9812-683e2670f3d6.jpg,H,0.46167867534493257,1.0,0.23322211004902793,0.854190021772363,0.12294709434408227,0.6740614258581553,0.05870590409569058,0.5044517533700839,0.0,0.37720850511882154,0.4675700729740411,0.5179333858340668,0.5471523444686531,0.26089257423449297,0.590191648531069,0.12806874507805624,0.6250484558863897,0.0286211145596887,0.6499291129670676,0.5328001111780238,0.7194996125624479,0.25289164775096123,0.7341377953399372,0.1055965164219206,0.7376517638361724,0.0,0.7963637445619399,0.5732288877565201,0.8522626646400058,0.32898855792838283,0.866700318624955,0.19573002269884654,0.8749442102497244,0.10410784268309631,0.9100497403602645,0.6305904479547876,0.9709660710311957,0.4520250150553574,0.9902987648515982,0.3572839208783064,1.0,0.2849583545652476
images\H\H.05a95189-c0ce-11ed-a562-683e2670f3d6.jpg,H,0.5102939441779145,1.0,0.26071549954566925,0.8589964347186354,0.1251775714123357,0.6958856749672527,0.05352754019897909,0.5302229370575318,0.0,0.3962474481943775,0.42764420759279037,0.548664951890096,0.46288055922269855,0.29017653180802416,0.4765481851816542,0.15229776379700394,0.4930054611255014,0.04641741328691888,0.6247963860373149,0.552197278902175,0.6597866934686792,0.26907625671682167,0.6543203971610119,0.11423893734463145,0.6505199622746592,0.0,0.7976497608232785,0.5853488399377766,0.8322816667447673,0.33444216390356213,0.8297001417124095,0.19850839283520616,0.8251381978770609,0.10012205187946782,0.9523053447284977,0.6406210532418111,0.9914875601712183,0.4638128427425199,1.0,0.3618182589887741,0.997749837469709,0.2746791867901011
images\H\H.06ddfa49-c0ce-11ed-bcf6-683e2670f3d6.jpg,H,0.5092708280261294,1.0,0.27157872678695644,0.8539801623363795,0.14169973210123066,0.6895196796170758,0.05984927150166352,0.5275085655582712,0.0,0.39842158069122785,0.4224078443795299,0.5484349158684375,0.4590216354850008,0.29227480484073987,0.48136177504305633,0.15694145363309495,0.5064168225163724,0.05356243261854902,0.6142233206017287,0.5494650406687627,0.6414665171305349,0.2690811216224607,0.642570770830904,0.11388505923923167,0.6407654865719126,0.0,0.7891222909810826,0.5799166939485106,0.8125606087123911,0.3314788147073599,0.813546336339902,0.19411819905962305,0.8086027758550451,0.09746215349706203,0.9520617461150201,0.6318748483035397,0.9918560223715831,0.4570584362987757,1.0,0.35639178327303106,0.9945488665304754,0.27359497327320037
images\H\H.0812f676-c0ce-11ed-a599-683e2670f3d6.jpg,H,0.4772554768303608,1.0,0.23293981594592394,0.8549847815800112,0.10993164481363846,0.6841549017559471,0.04629747264978147,0.5181418166899375,0.0,0.3858881877874721,0.40260390368379617,0.5492024536840879,0.4578972229008877,0.2830917777048335,0.48123158780573877,0.14363664292207806,0.5015557184352689,0.03813805517094849,0.6026040122702717,0.5507238537751916,0.6559141080978365,0.2607966465916802,0.6617471563916714,0.10912753440738135,0.6582354697722399,0.0,0.7815402991557402,0.5812734686172122,0.8199527648831338,0.32744217239034457,0.8311258788717866,0.19997104620251854,0.8332756739148139,0.1118588779890863,0.9369963894996878,0.6344782810282451,0.9810418872329452,0.45110352325999253,0.9964509596329777,0.35023100287080966,1.0,0.268286453105012
images\H\H.09473be4-c0ce-11ed-8406-683e2670f3d6.jpg,H,0.591801766127591,1.0,0.29985651438934047,0.8806699758205965,0.1413862227518842,0.7202435457099292,0.0687415070735576,0.5625480977971623,0.0,0.43366643194899174,0.3757493496462887,0.5635494919165118,0.40530763056432917,0.30527713803123774,0.44232826628647476,0.16546262361011754,0.4845018159096774,0.05938951827149249,0.5719079842533512,0.5570173236595332,0.5878335165807328,0.284033956673139,0.5951212218315618,0.12190826574050453,0.6020879284457159,0.0,0.7710849642500442,0.5828998107222398,0.774754331866017,0.33427645154787516,0.7670364371892241,0.193695430582906,0.7585538170203037,0.09178871263684113,0.9800869426088755,0.6335690958969091,1.0,0.45148628617597847,0.9892027022269128,0.3412136628283573,0.9714329040426887,0.2479963410207407
images\H\H.0a7b5b93-c0ce-11ed-9e58-683e2670f3d6.jpg,H,0.5642200386700379,1.0,0.28534212619451665,0.8699132838703686,0.1396585521323953,0.7103632227054277,0.057332816306967585,0.5596487737620665,0.0,0.4294324930009012,0.34606270903347713,0.5602322493846115,0.40265980372376164,0.30241393691089397,0.44645873249625045,0.1562762498813049,0.4920040757635131,0.04315189183492388,0.5530479233270453,0.5619725893413352,0.5856167163414329,0.2976743061683547,0.5978636883156953,0.13210809829381642,0.6074492297192625,0.0,0.7605126592866595,0.5906783725847501,0.7832895402445242,0.34845425046773704,0.7735832936244267,0.20182178306672005,0.7603888824010941,0.0886365557303567,0.968547019204018,0.6411878833243536,1.0,0.4602055712443735,0.9972188881024532,0.34723095165134904,0.9860459764008218,0.24841870280238731
images\H\H.0bb16562-c0ce-11ed-ab9e-683e2670f3d6.jpg,H,0.38685956356657436,1.0,0.16911390855576516,0.8437667841370389,0.07339102607539985,0.6641812909845207,0.02820171766696322,0.4911925770620511,0.0,0.3584888254449748,0.3612674624738514,0.5381014408707677,0.4602162712768399,0.28546263996074406,0.5154872005613348,0.15269197484052283,0.56610219877984,0.053247267698621585,0.5500095085916137,0.5497226212249632,0.6384995223845362,0.2676739974126779,0.6705756086045104,0.11272364723201142,0.6929127111289868,0.0,0.7194652892688439,0.586541999375474,0.7901563125025958,0.33028344559932193,0.8133837252257471,0.18795485568987821,0.8250677077299385,0.08583664183432217,0.8731110144465016,0.6456833653031182,0.9471805386453208,0.4727490743632065,0.981823726012665,0.36909327742338405,1.0,0.2817863228799572
images\H\H.0ce6321a-c0ce-11ed-b095-683e2670f3d6.jpg,H,0.3505019268715989,1.0,0.15184631865881204,0.8435646187591761,0.07391913015883794,0.6623174073617027,0.03487326351933423,0.4861742952878972,0.0,0.3542873092576974,0.3879519703366682,0.5279825928839682,0.49645706360700437,0.2782823587972626,0.5508717608511405,0.14956282838422724,0.5983971249064641,0.05429840225004436,0.5604009930146824,0.5422744111501392,0.6601083819023379,0.25703124689958423,0.6966122928879654,0.10765323872856544,0.7176827306771976,0.0,0.7145098023852028,0.584303623704534,0.7897017604114839,0.3317883774542773,0.8265412905099017,0.1964126736776142,0.8531109192873034,0.10032203693796371,0.8485894202930725,0.6534721160534875,0.9289018551335577,0.47591204901175044,0.968987662188698,0.3795859460290961,1.0,0.3042911738521351
images\H\H.0e1a7493-c0ce-11ed-9ccb-683e2670f3d6.jpg,H,0.3583007887121526,1.0,0.15485714923787894,0.8442992009716478,0.07506110258556496,0.66360007011467,0.03912119998625014,0.49528387129559504,0.0,0.3688706400247142,0.3663022004812889,0.5240632667914668,0.4647514220049005,0.2835398137993195,0.5116730405736932,0.15040336056281903,0.5529361973621725,0.04855150784442966,0.5423345730832464,0.5375409684640273,0.6391173903114715,0.2643088160026159,0.6723561459140471,0.1115789997766101,0.6932716983420689,0.0,0.7021296300959052,0.5815855592229849,0.784519101906392,0.3412754824290784,0.8166283108318031,0.20998117703738942,0.8368272502971655,0.1162912446598629,0.8472364203157257,0.6512040360295069,0.9300366363724539,0.4806466384404895,0.969839636775973,0.38534871051990516,1.0,0.3073170348232763
images\H\H.eb20b99b-c0cd-11ed-948d-683e2670f3d6.jpg,H,0.38379013488975716,1.0,0.13690360357749295,0.8488527997997407,0.021344241917356618,0.6582609256215092,0.007948655311839116,0.4680334446396526,0.0,0.319926342760673,0.41903578275024944,0.5080583012370113,0.5121573758304385,0.25699076103131857,0.5624444208288076,0.1335950015551071,0.6069443313500799,0.03983920653119863,0.6226817763804682,0.52529278082869,0.7144059831595974,0.24754395636825774,0.7441669760468436,0.10307994924867188,0.7691398218982279,0.0,0.7670245355731998,0.5685852460313374,0.8482804212722909,0.32439031639208454,0.8809107140310466,0.1901579930202273,0.9035000673965738,0.09402495622467719,0.8619058002917604,0.6272479460237607,0.9376894522291704,0.4411309291335814,0.9740467985247281,0.33803381719559145,1.0,0.25615230086780416
images\H\H.ec5639d0-c0cd-11ed-94cb-683e2670f3d6.jpg,H,0.3632222564045195,1.0,0.13208644178599396,0.8488752696402969,0.029518210230450835,0.6606289884978409,0.013757743455643809,0.4739417635592499,0.0,0.32649196583622814,0.42524397129153146,0.511125992000309,0.5024134935395458,0.25196216453047054,0.5513705304704105,0.12920736418004178,0.5994494368078085,0.03604410161787211,0.6157747126356415,0.5262715426649853,0.694730648352724,0.23809200311932552,0.7257208580378118,0.09808810901707077,0.7572632040776374,0.0,0.7507802449239288,0.571312921039697,0.8357745028806354,0.3266812119271136,0.879073617015326,0.20012592143739685,0.9128448284903233,0.11161596953946681,0.8356932228157512,0.6299509031749468,0.9139453867882313,0.43830466234837817,0.9610130992001342,0.3399690776739957,1.0,0.26509879515344
images\H\H.ed8d4549-c0cd-11ed-a9eb-683e2670f3d6.jpg,H,0.3578416469766262,1.0,0.14621007760616972,0.8457897704651121,0.05281074159674094,0.65265554418734,0.023544584227340824,0.4689160833835871,0.0,0.3272671497488038,0.418645224995967,0.5112653127260306,0.4884779888494278,0.2622104755788511,0.5356064214623723,0.14256962065123724,0.5739903894802569,0.049063816565127386,0.6135832448393995,0.5257138686714635,0.6925064466138702,0.24391659267876806,0.7264919314398436,0.10350915257830932,0.75199074891558,0.0,0.7599716939073918,0.567533035456636,0.8333081668776087,0.327125931589889,0.8751186618954357,0.201143511075044,0.9043561003376493,0.11048046412910426,0.8585521038745647,0.6248314134058754,0.9258291075750433,0.43647170583426803,0.9679424975280407,0.3372426106213856,1.0,0.26112384733644556
images\H\H.eec4d961-c0cd-11ed-953d-683e2670f3d6.jpg,H,0.3698158278692235,1.0,0.14986599437512985,0.8390656176596873,0.04843424090369354,0.6428158465511581,0.02341622065833963,0.4663949830146743,0.0,0.3349280096860556,0.45169285841136303,0.4978488148157503,0.5320593222994878,0.24551116201096154,0.5868998329717677,0.1250163775793701,0.6375322536275537,0.03449453659737833,0.6538144303571201,0.5191700553128078,0.7258647686502285,0.2390560278963453,0.7565668559808063,0.10086536761548759,0.7842649887235631,0.0,0.798014697091573,0.5662449407092163,0.8594871223438274,0.32292738773268004,0.8841046926924278,0.19136254356830754,0.9010131962750034,0.09604325575227944,0.8904285510329866,0.628649437716263,0.9502411404813059,0.44428031785921757,0.979152694447443,0.3442973663273811,1.0,0.266170195804814
images\H\H.eff99b13-c0cd-11ed-9b6e-683e2670f3d6.jpg,H,0.5380986594169281,1.0,0.28900444933894004,0.8752236602823887,0.12644482292861894,0.7137873141151164,0.047381753094558825,0.5406354135152537,0.0,0.40357235865878077,0.4588241492381853,0.546283188880873,0.4789550417682101,0.29897082470331005,0.5051724789060864,0.17286953399536556,0.5358749224291348,0.07822264185652718,0.6625551971197489,0.5506425834992846,0.6836404852078013,0.2684113997205147,0.6990049948410421,0.11364790391556485,0.717227329375568,0.0,0.8217487958157658,0.5877839873311812,0.8573523659172152,0.34371130341887446,0.8707430437991563,0.2131894460494718,0.8744885917793299,0.12330688085747246,0.9416601820298552,0.6405116287832193,0.9810088338703654,0.45358493660603766,0.9916391312436096,0.3507192701909299,1.0,0.26955194803036
images\H\H.f12eee2a-c0cd-11ed-ad2f-683e2670f3d6.jpg,H,0.0,1.0,0.06954718832377732,0.6030736274191738,0.2475054661170134,0.3176243224915979,0.4079914249096729,0.14875078213932189,0.5375172344882667,0.0,0.44357981918619216,0.5287165754152597,0.6581671525051851,0.4357318357011833,0.798061584108813,0.33739383536671363,0.9015481375650435,0.26806168737743935,0.48776082450763314,0.6859483021736597,0.7301459042112867,0.5771234127429435,0.8742734106280328,0.4679011768877121,1.0,0.3835541371404069,0.5031603211599617,0.8292951729395732,0.7365451295526978,0.7176639698051649,0.8743653510284488,0.616769853021121,0.9935579269625459,0.5383786431973201,0.4917888548805781,0.953290399542746,0.6868456185368501,0.9109027055798354,0.8007476315805908,0.8578359989747589,0.8953340073316398,0.8157033053546142
images\H\H.f2640864-c0cd-11ed-b0e8-683e2670f3d6.jpg,H,0.369901390199166,1.0,0.15711328509954794,0.8360567369020917,0.05416042701980438,0.6267436327836754,0.042115862789727114,0.4339223221526525,0.0,0.287546667348564,0.43064391402088104,0.49421270082485225,0.5404414601299717,0.22880585469742024,0.6039707826709079,0.09959848728383246,0.6533265354791874,0.0,0.6121913347525242,0.5237916718417803,0.714540978259726,0.23822151739203495,0.7542674362328549,0.10213551065586346,0.794264157130382,0.008188475813345218,0.7448014389473204,0.5813263024847851,0.8541711235572826,0.3414088699012954,0.9069015462634014,0.22390829455042266,0.9554278790344358,0.14517609389726244,0.8397281676655947,0.6535682256544388,0.928589652765844,0.4711968394058726,0.9682930956480874,0.3789815650274342,1.0,0.30928260138960934
images\H\H.f39939f1-c0cd-11ed-83b2-683e2670f3d6.jpg,H,0.3929112911455895,1.0,0.1592886395681369,0.8359616786556431,0.05689849194810211,0.6288815147777531,0.03135066588502231,0.44211331484295785,0.0,0.30127517174576085,0.4411187948398659,0.4971000057665559,0.5693677330071295,0.23869682119166663,0.638526096990715,0.1143606763070617,0.690248483275877,0.01728351238452023,0.6293005884756883,0.5239510646027034,0.7542222753081386,0.2383672075486685,0.7971683239998224,0.09987988959625807,0.8271868079667316,0.0,0.7698327381761418,0.5774956677907337,0.8820613993539078,0.3355623951446048,0.918982196539622,0.21515782973761274,0.9423880516416133,0.12943606897698381,0.8714927256277295,0.6470125089387226,0.959281729246267,0.46317111660043353,0.9868859481121779,0.3732435844821756,1.0,0.3052009173535861
images\H\H.f4cdd503-c0cd-11ed-97d0-683e2670f3d6.jpg,H,0.40874579202709405,1.0,0.1637304995687323,0.8571215022281956,0.05675505579313639,0.6560438187411567,0.04904611734556428,0.46101079822194607,0.0,0.3164055754980656,0.41145360985780616,0.5091283415898702,0.5370104658823103,0.24047582866475983,0.6052927073876949,0.10280384562133395,0.6581803898841123,0.0008811475179173041,0.6023915548502335,0.5360157228775297,0.7144502978124201,0.24450492859530812,0.75732668358534,0.09973333693536714,0.7950108779070952,0.0,0.7463871991596506,0.5910230563932161,0.851067981825632,0.34403902803620495,0.896272986794832,0.21916597158670714,0.9353184476173875,0.13236010882644614,0.8512742206053142,0.6620256712446265,0.9367627982368961,0.47987082206290727,0.9739283393816459,0.3858073114532293,1.0,0.3124379352692014
images\H\H.f601d178-c0cd-11ed-877e-683e2670f3d6.jpg,H,0.412367038054834,1.0,0.17857593472683686,0.8479127404825659,0.06669103612556028,0.6403114358373596,0.04384287873405284,0.44810388046452065,0.0,0.3034532532452413,0.45415223365329804,0.49765406710227605,0.5636662553388354,0.23439705636241923,0.6212352989076696,0.1042792981256185,0.6647001080071122,0.002802522338320042,0.6390862258270329,0.5294225053117178,0.7513427064774738,0.24424237986786193,0.7900975285431389,0.10234106685488097,0.8264975808017582,0.0,0.7738371786072541,0.5884710256708773,0.8847576640755102,0.34901578598870714,0.928524257753112,0.23085303095348972,0.9724725038232012,0.14874833554048547,0.8687630814330674,0.6592046430234588,0.947421475608021,0.47389368014727284,0.976497491317821,0.3840165045258746,1.0,0.3172096018394551
images\H\H.f736631d-c0cd-11ed-8711-683e2670f3d6.jpg,H,0.3857365513307733,1.0,0.16212574420059647,0.8447665659472358,0.05667619508722595,0.6592622112868851,0.0397744129851812,0.4729768034309472,0.0,0.3243983158040649,0.3872053872053872,0.5273162025886715,0.48066592826934257,0.27662234034281924,0.539081115377898,0.14045006968611704,0.5940035062819041,0.03703205117098001,0.5760991397892251,0.5533661926588996,0.6698205517640843,0.27795563991048544,0.7244343191158686,0.11618543926689405,0.7784560421461275,0.0,0.721549484779951,0.6086323705231057,0.833872982395635,0.3642875644157851,0.9170098887761396,0.23376548944445258,0.9919023900639133,0.14652389120879755,0.8339470432050865,0.6815835387041181,0.912923942864849,0.5020865849448665,0.9564296941841263,0.3991117408111846,1.0,0.3202027095170754
images\H\H.f86a5576-c0cd-11ed-8230-683e2670f3d6.jpg,H,0.401574623685323,1.0,0.15719058511271916,0.8621584167290052,0.04489887893639795,0.685466530268923,0.036385435332962644,0.4988636872894999,0.0,0.3518333545916169,0.372473801067438,0.55616388240607,0.46319527853715153,0.3009477028988255,0.5179871599535733,0.16179507244478306,0.5657780380935425,0.05483452149901925,0.5722369796605373,0.5720476984173495,0.6589733037295824,0.2846103528989979,0.7012422910482197,0.11966251900318185,0.7399557319854252,0.0,0.7212637412965875,0.6171886580737237,0.828613461621988,0.3673101750188739,0.8975535621904539,0.23517536360283092,0.9576129675094103,0.14895176552917613,0.8283704906851823,0.6777743352764554,0.9086562589098303,0.4968228920688217,0.9554279492263849,0.39653672397210454,1.0,0.3213226904024021
images\H\H.f99e7508-c0cd-11ed-8537-683e2670f3d6.jpg,H,0.4042857665358213,1.0,0.17013060367927732,0.8544024581643392,0.061037667727927875,0.6753989774425223,0.04394812822126212,0.49372241937159456,0.0,0.34748672010957293,0.3852062801374785,0.5369904392531988,0.4688970599991108,0.2921879163912681,0.5269272491097693,0.15225227414830073,0.5821194752199487,0.04574623015006701,0.5781704621884904,0.5603906203118174,0.659910279370059,0.2894961266403732,0.7053947797512501,0.12349582939279546,0.7489164907814385,0.0,0.727086865364959,0.6121609533258928,0.8292279089285014,0.3724858436378802,0.8974833501279361,0.23921332202559384,0.955425934268677,0.1472042273681566,0.8405961868622769,0.680998932532758,0.923041881088956,0.5115256565310692,0.9656016895494498,0.40960565656548276,1.0,0.3272960385845423
images\H\H.fad30bb3-c0cd-11ed-93c1-683e2670f3d6.jpg,H,0.39325352489342963,1.0,0.206323293623385,0.8416660307376378,0.10125644144797674,0.6599132638578417,0.050700762578158164,0.4838626715022121,0.0,0.3517771061233786,0.41900360973226475,0.5285417699438296,0.5124782322769503,0.27837997586673857,0.5634830092923842,0.1489005751610241,0.6004582743801599,0.049203447395787255,0.5950848037009159,0.5435625770839165,0.6821825632529834,0.26203656712889717,0.7149673478987456,0.11176003118373627,0.7333138235013287,0.0,0.738340291977863,0.581969224696907,0.8191905651775127,0.33792765082847004,0.8679899458230153,0.20580520483551934,0.9066272667262708,0.10802606517785382,0.8486807922810508,0.6387997007962093,0.9169441237584699,0.4562398762223815,0.9627006732958762,0.36112496858772164,1.0,0.286028779826461
images\H\H.fc074ede-c0cd-11ed-b79d-683e2670f3d6.jpg,H,0.38502625509485344,1.0,0.17562012068886212,0.8489831873741005,0.06469120561894852,0.6725646493260369,0.03507836678959954,0.4918038916092239,0.0,0.3474508958411485,0.4002773779285935,0.5375686643992823,0.4835566777475115,0.2820508985829471,0.5320764067455023,0.1465181858100291,0.5751768162414675,0.04317460396588704,0.5903757955856509,0.5557530204442628,0.6803055099771056,0.27628979814130983,0.7213044944508517,0.11527912963680724,0.7591432867058902,0.0,0.7358942852219204,0.6050985406569266,0.8379893300854581,0.3627833659233485,0.9099621832521471,0.22980384923597288,0.9763874778469657,0.13935897579698062,0.8396659764366539,0.6714737458244692,0.914854132827273,0.49417201628960705,0.9577828503454294,0.39557943135927986,1.0,0.31832011661783355
images\H\H.fd3cd025-c0cd-11ed-9332-683e2670f3d6.jpg,H,0.39039197132663006,1.0,0.1789301267093966,0.8656515170699975,0.07452658885617605,0.6893356131348269,0.03597332536219922,0.5215248894976092,0.0,0.3940192906775901,0.40314767864378237,0.5264186013243856,0.4868208599820812,0.2650391023329947,0.5365293849721139,0.12304838714354341,0.5817577973063353,0.017206573019535217,0.5781069070228585,0.541398404976643,0.6642176654987116,0.2600458344489089,0.7141689342353045,0.10917085269279804,0.7628022484114176,0.0,0.7230078890703665,0.5807273004940107,0.8141231840354516,0.3345568740557881,0.8915560056668599,0.2002395144757407,0.9714134256557224,0.1052195404376407,0.834912350647702,0.6398297688076374,0.9021367533500462,0.45952872288909746,0.9510193006627695,0.36207474823432984,1.0,0.2883802616101211
images\H\H.fe710269-c0cd-11ed-8beb-683e2670f3d6.jpg,H,0.38440797494636436,1.0,0.1347365792893451,0.8553290761972377,0.0429070630938971,0.6702419921953606,0.022010642453838568,0.4884265679710019,0.0,0.34850968184883074,0.37189068038955114,0.5264782987369157,0.48950836566929806,0.2505290029209407,0.5500069664741795,0.11731919777522377,0.5970280793420336,0.017758994338335457,0.5567399136736879,0.5462678553974754,0.6645573328403319,0.24546171700083447,0.7139306917594995,0.10018987204998966,0.762838859966002,0.0,0.7004012399288903,0.5905554069719146,0.8047074732981152,0.32628392622171276,0.8776260657515087,0.19402913168975816,0.9498384875235933,0.10488145834105715,0.8039244954274879,0.6503203954540939,0.8900292881753986,0.46359193032883333,0.950567017171065,0.3683610951237757,1.0,0.29345432117024783
images\H\H.ffa5ccab-c0cd-11ed-ab61-683e2670f3d6.jpg,H,0.3785376560111221,1.0,0.12901705842311795,0.8498867956605924,0.04377417152262027,0.6605325969222219,0.01753097654919484,0.47939593348742365,0.0,0.34066224776798093,0.3771540044494758,0.5114312653632078,0.4995342168256103,0.24944064915384068,0.5714486197860494,0.12148324653921021,0.6285129629425531,0.027296550007461822,0.5658909211905365,0.5277872387385077,0.6681251584318826,0.2394088330070652,0.7192619055491439,0.09758749630959,0.7685371994124047,0.0,0.7154993221870763,0.5710637167274635,0.8135681195427925,0.3128730077742096,0.8832816117199969,0.1850797080911894,0.9510574458917399,0.09974370590924936,0.8302745942700535,0.6359131546701579,0.9100932983379282,0.45590615218269287,0.961202964427811,0.36265528073132347,1.0,0.28947051931811707
images\hello\hello.010acf84-c0df-11ed-aecf-8cc84b59e01a.jpg,hello,1.0,0.8593450607429444,0.8145535949516296,1.0,0.6535087513130943,0.9619624267587317,0.5487669728557419,0.8805114653009274,0.4693897102653139,0.7952117664231841,0.482759600949166,0.3568744579766355,0.29283843473118415,0.21073934463802252,0.1545304634514911,0.16529954035758185,0.0343832043910007,0.13102351844745355,0.5072900934996992,0.24647309153284372,0.29006328146317145,0.11138419144479898,0.1382972270179682,0.06898136925752459,0.0,0.05065445709156455,0.5511741351596787,0.16972885786884173,0.32496086738424906,0.03575488291634825,0.16569688512660657,0.0085614097197958,0.03100100033553434,0.011143967350130747,0.6092791025676323,0.1261186404518353,0.39799185271586957,0.01782427115402017,0.25475696591897795,0.0,0.13031155449097828,0.008431951587942693
images\hello\hello.023f4ec4-c0df-11ed-9285-8cc84b59e01a.jpg,hello,1.0,0.8777798968369043,0.8133130764825646,1.0,0.646144318515145,0.9482580491969749,0.5371881007137342,0.8789709203340423,0.44552444467044167,0.803474176387675,0.48124046713032115,0.3316495233379981,0.2932136959345149,0.21475934505074795,0.15500976241352,0.18709046726516756,0.03628091680753868,0.16666498264616877,0.5090464143753177,0.22349751691177586,0.2870029668055735,0.12305243029418154,0.13810001427779345,0.10405667907789774,0.0,0.09738290584472994,0.5560640986326848,0.14853692299142665,0.32577772340028205,0.038154431415739196,0.1678524488858325,0.028651503746103597,0.02984303087134287,0.03617086577177817,0.6176335856335643,0.10465282233415345,0.4014633517020218,0.011734675834474257,0.2611741497773841,0.0,0.13562926765577948,0.010560071537190751
images\hello\hello.0378bc98-c0df-11ed-ad47-8cc84b59e01a.jpg,hello,0.0,0.7897979484508089,0.1830579479597477,0.975842204722664,0.342419027773879,0.939169793127144,0.43153770235357103,0.9740619233135124,0.5139382353457936,1.0,0.43370990012050487,0.10233985779915655,0.6552082359334745,0.051976597265709426,0.8199311464199834,0.07060582214365278,0.9457992631572357,0.10600224994319725,0.41618751826405126,0.04815280217679233,0.6805427343963154,0.0,0.8581253545523154,0.04567564796701561,1.0,0.10850226379752728,0.40709017791382174,0.09953504868411574,0.6712755522534128,0.025321559000049877,0.8478615383465811,0.04800109726293856,0.9833042084615141,0.09882986328547125,0.41187442531979634,0.2419021440961158,0.6101270541819553,0.14262755681660746,0.7448156348155076,0.1135764121718602,0.8520023660718703,0.12181627495857555
images\hello\hello.04ae0d21-c0df-11ed-a899-8cc84b59e01a.jpg,hello,0.0,0.8405495116282315,0.15937948133524538,1.0,0.3255766722460468,0.9659794076814389,0.4281710626863201,0.984482281591459,0.5236501434240612,0.9770990298244621,0.4075135605391192,0.0945126832163819,0.6387405391959634,0.07321266277348532,0.8175683488291622,0.1037858766677586,0.9527675531808227,0.1356135783525324,0.40566310641625875,0.0194864317457659,0.6716002865494556,0.0,0.8568942322748725,0.06354128438860551,1.0,0.12752590870317324,0.40158225134176057,0.0583172622610172,0.6633159096814548,0.011288748114779064,0.8424069727603084,0.062294185596871006,0.973974815562588,0.12113524577041396,0.4050815595014654,0.1924489358610277,0.6081013794565886,0.11291457414326612,0.7476813856773912,0.09760621069976282,0.8555175916875057,0.1131526641035051
images\hello\hello.05e1f439-c0df-11ed-85da-8cc84b59e01a.jpg,hello,0.0,0.784288382538432,0.18332878448432957,1.0,0.3412655090326948,0.9507088275650087,0.43768042507963234,0.941679393117886,0.48123599785942983,0.874222048074833,0.43401791449428206,0.14432557192879464,0.6521373543509397,0.1224293837720786,0.8178666282969191,0.1582771315709679,0.937080141924089,0.19753644518718613,0.4281334079839309,0.06637115454642374,0.683916493027068,0.024425094392654056,0.8633473536830423,0.08751206301427901,1.0,0.16185276822813185,0.4222959016657033,0.08094715257480453,0.6834528814828313,0.0,0.863299735067338,0.06026868849939564,0.9970198167652159,0.13927398999514018,0.4287427613519894,0.18635539820754338,0.6495144138045337,0.10629575118830209,0.7988507216178621,0.10773639008153697,0.9180162043469405,0.13913207218009302
images\hello\hello.084fcfe6-c0df-11ed-8712-8cc84b59e01a.jpg,hello,0.0,0.9048141834132807,0.19756050089228389,1.0,0.3640323648809193,0.9333589376605868,0.46741268003660136,0.9231919030080403,0.5614042981289843,0.8598712619310466,0.35620984090552915,0.22563477564259127,0.5894374314356924,0.06950781074453638,0.7965903633339568,0.025849583329262692,0.9581099253312573,0.02469006145038541,0.3313108231761262,0.17559826199943337,0.6033681821169119,0.018394205687824225,0.8242175453851481,0.003696548422708311,1.0,0.030121923817153354,0.3198339795861623,0.19747103332388946,0.5951801503485721,0.028988657567971553,0.8103957392812186,0.0,0.9749730798202288,0.008682675680692465,0.3237160464493168,0.28808287497923973,0.5417793606899655,0.13183989683369318,0.7065945593431981,0.08037092488203285,0.8378694889462961,0.06747757891343213
images\hello\hello.0984891e-c0df-11ed-b2b5-8cc84b59e01a.jpg,hello,0.0,0.8421444595573299,0.21191187582605053,1.0,0.3941242328062478,0.9166720248714914,0.510630788845256,0.8803970959707478,0.6106695650743889,0.8150295878892795,0.42765679921270405,0.10983589761707088,0.6680276574916454,0.06418823196905195,0.8332786600043104,0.11643956121601809,0.9548689701016232,0.17252053487838054,0.4010650047128698,0.04575930472876296,0.6826806145686102,0.0,0.8621267030597733,0.07340481531857766,1.0,0.1512038296444154,0.3846071786225264,0.09319531539806751,0.6633814343223291,0.03118263235060324,0.8501606011007948,0.07960855664093551,0.9918225866341455,0.14540778293971135,0.38660744347802,0.24337743548073695,0.5999020207781731,0.1788210771758139,0.7443915118141995,0.16948508240447968,0.8612758764250048,0.1863199731500945
images\hello\hello.0abd3bda-c0df-11ed-b6d2-8cc84b59e01a.jpg,hello,0.0,0.8179589388044647,0.1850666226554633,1.0,0.3491532718012142,0.941615679624026,0.44500068941600196,0.9528674669415533,0.5256715538601029,0.9606665447411299,0.4328840987243715,0.08516152362584378,0.6702203624239031,0.046558236070007426,0.8354276259437687,0.07860248395570778,0.9565638670805948,0.11515174187255456,0.4130424972736731,0.025765082743102893,0.6933972749265668,0.0,0.8669460542424153,0.07156821179574148,1.0,0.1441617065141489,0.4036050189484944,0.08088789501102872,0.6833589601099723,0.029293302962790542,0.856583922818834,0.06529251044680168,0.9847879314595146,0.1107977532448819,0.409951197703618,0.22642680588346137,0.6157076124061455,0.1245850375198129,0.7487210288593716,0.08840017069575144,0.8559542562036995,0.0840531096553941
images\hello\hello.0bf7f538-c0df-11ed-a7a1-8cc84b59e01a.jpg,hello,0.0,0.7967413595615822,0.15394961471690005,1.0,0.3308111607496883,0.9771998052086119,0.4424906360105733,0.9817252755543667,0.5286772110805691,0.9401928709095523,0.470642760638624,0.2932934148164914,0.6741499071081368,0.20819221245978997,0.8316758428636681,0.1902775777279368,0.9514842715735834,0.17959697387463391,0.4630653624351959,0.198915615547645,0.696176336982679,0.09365693395611707,0.8621385989701652,0.09951507918544278,1.0,0.10763390193213852,0.4373293259789844,0.14383903646851445,0.6712644948028054,0.009634628970417773,0.8393166406268145,0.027669293606864338,0.9729664695840089,0.049189626672702456,0.4009091036536769,0.1322427759144564,0.5913942316444151,0.010445345240299869,0.7261513558822341,0.0,0.8383599977653224,0.015818569655068348
images\hello\hello.0d2ccf3a-c0df-11ed-80d6-8cc84b59e01a.jpg,hello,0.0,0.8478499298620028,0.15587292404488454,1.0,0.30847193731117095,0.9492818036923637,0.3981774352160265,0.9700378738729666,0.4875058906199919,0.9699068291105288,0.43120237590302324,0.21983824041097702,0.6610833259644826,0.12813498772504356,0.824345512241463,0.11879530485336866,0.9518451851929565,0.12300358468751633,0.41106325342929895,0.14195052705170588,0.6678461109918059,0.018276871115862292,0.8481201722876546,0.02467062899549348,1.0,0.049508130262367105,0.39196704635695795,0.12801975870979654,0.6474748964845979,0.0,0.8290053379026631,0.005557782670976296,0.975535701171658,0.03003571776702307,0.38104159221986394,0.18186430863559164,0.593035397674926,0.08252689161177956,0.7414625352286374,0.06211069861060275,0.8685072307159675,0.06978875971619448
images\hello\hello.0e63b927-c0df-11ed-b567-8cc84b59e01a.jpg,hello,0.0,0.83747199963919,0.16243598818294502,1.0,0.32145978512632883,0.9659698523184549,0.421075963458848,0.9590875264969857,0.521204790183027,0.9154714834804135,0.4195754588967426,0.22044865723549367,0.649982332018481,0.1055588546286413,0.8261007595570488,0.0926987336570601,0.9601950899627034,0.10070921719259739,0.39889516960708404,0.13946278144434254,0.6574560543575667,0.01566610791226303,0.8457477765482192,0.025220682933185,1.0,0.05759899724882361,0.3802171777088782,0.12892537496680045,0.6337468416406078,0.0,0.818054129378364,0.002038952448246313,0.9615287733325358,0.025998679535557328,0.3719430238058051,0.18718460443696097,0.5821773821036086,0.08483138395698343,0.7351942868726343,0.059638889306493074,0.8603327783704029,0.06412740352090443
images\hello\hello.0f9dff01-c0df-11ed-96c8-8cc84b59e01a.jpg,hello,0.0,0.8559834744760008,0.17734109977588894,1.0,0.33677065939529843,0.9424773696281223,0.4356758856412604,0.9400030484206631,0.5310170907703331,0.9165889240320523,0.4254994533197602,0.18378121591655155,0.6573777421270979,0.09485777694219684,0.8275154250337151,0.08864587849374807,0.9561745745080413,0.10192311456071605,0.4044301013746021,0.11580855206542362,0.6661194867843853,0.0073550561971011535,0.8499935546121354,0.021202833251982807,1.0,0.05587743213853826,0.4016174711552833,0.11836531110793484,0.6682160579665208,0.0,0.8519254579116172,0.004361791783379465,0.9972507529968913,0.03334106311594852,0.42150138565132467,0.19366723226533833,0.6427083819592523,0.09869380512288872,0.7956934102440125,0.06859420954274283,0.9248756853845584,0.06258395759729889
images\hello\hello.10d3a6b6-c0df-11ed-8468-8cc84b59e01a.jpg,hello,0.0,0.8487887995859746,0.19599310089986882,1.0,0.36088794679773123,0.9257864229392521,0.4671948635797182,0.9103941807224493,0.5695141513079809,0.8681643052912101,0.42352237390031033,0.15671333306869772,0.6588015936963655,0.08424635108769717,0.8340285726083702,0.07617506422139377,0.964793625214538,0.08216040559686424,0.39856173455828714,0.08727812019570699,0.6680552393879748,0.0,0.8532092568220729,0.01872933715642263,1.0,0.053163106969397876,0.39004945625646525,0.10665989358663538,0.6569719980814657,0.0016937674431931292,0.8392090387105586,0.003981174259868396,0.9779413025916095,0.030277398814929867,0.40317722831087455,0.20796449744054576,0.6172358918378648,0.10921054320241133,0.7625377592324168,0.06682099101661564,0.8827282150537179,0.0538039032161883
images\hello\hello.12081c30-c0df-11ed-800b-8cc84b59e01a.jpg,hello,0.0,0.8650062432584973,0.16996891401005687,1.0,0.33524861962575453,0.9230323523042084,0.43338545306436477,0.8979235495950818,0.5288729352603975,0.8386562981817505,0.41535902717398726,0.22658087204969615,0.6446450167140655,0.11909259636950839,0.8242438030102559,0.1008274983321774,0.9614749130037871,0.10418987675984946,0.3920883099167734,0.14959880643675896,0.6517424209006765,0.02045992554948034,0.8410279536560576,0.013999196801865678,1.0,0.02874061596345779,0.3712051883576329,0.1316830425169358,0.6251862125360977,0.0035152684240705927,0.8116419193107746,0.0,0.9593947513199175,0.012629795046304041,0.3612333992909537,0.17237130582174467,0.56884226798976,0.07443580137036294,0.7219383613834217,0.050359982350066425,0.8507785156243878,0.050587665291657945
images\hello\hello.1343c54c-c0df-11ed-b843-8cc84b59e01a.jpg,hello,0.0,0.8721212247911654,0.19375550778115389,1.0,0.36373561464455073,0.9456677146646089,0.466081174925541,0.9439292318105399,0.5514304188148028,0.9000514758168188,0.41482346826766214,0.19487702006223756,0.6431447039844939,0.1087151678538826,0.8209935385957136,0.08644786263258658,0.9566080560743745,0.08109668030972747,0.3980114064148959,0.12213644939266717,0.6607033144002971,0.02589272973014735,0.8469575445774207,0.02715008487904698,1.0,0.045988900735295234,0.3908917686720267,0.11861706688432545,0.6500150686326979,0.007458994315845796,0.8314106972255291,0.0,0.9728315623365932,0.01731332593463147,0.3976350612243947,0.1806934480283611,0.6100089607006247,0.07302415727664752,0.7588442708168978,0.031217553041451213,0.8826588734762203,0.024454194248948444
images\hello\hello.1478ad37-c0df-11ed-b082-8cc84b59e01a.jpg,hello,0.0,0.8908327994550115,0.18721094241918218,1.0,0.3520853334127888,0.9064979382400009,0.45627948633796933,0.8983959181956176,0.5590143024212153,0.881340855671429,0.41770729221484,0.22080660336118055,0.645517419368408,0.130552272382084,0.8178201657084543,0.1119216844515038,0.9511605244235718,0.09721499028873593,0.39335295182150914,0.14415550197045113,0.6595854177611875,0.030214578802081483,0.84284622607737,0.03294190876693354,1.0,0.04115702050241954,0.37121686477220894,0.13435979211419694,0.6384924027287693,0.004071300879698192,0.8253823830591609,0.0,0.9764225412222675,0.008698213181120074,0.3619413890362856,0.18422636480634316,0.5792923147435305,0.07379755035638802,0.729754960233564,0.038300783913408167,0.8600412496532952,0.024585357818828306
images\hello\hello.15ad42c7-c0df-11ed-98da-8cc84b59e01a.jpg,hello,0.0,0.869637736187233,0.17603020696554195,1.0,0.3406721408980975,0.9106303121491977,0.4321595913072195,0.8949786334864679,0.5185924731361757,0.8880893478732537,0.424488717938386,0.2215779382493609,0.6418958278402686,0.1200704906279774,0.8164491486005058,0.0974864867414416,0.9538766510948317,0.09739687001801768,0.4030451799287135,0.15725553501183884,0.6547358029276685,0.03124675728961295,0.8395579064656256,0.02446831341326516,1.0,0.040155072306545796,0.38752911506835636,0.1542179997547332,0.6385789656715934,0.014456592489175243,0.8200660306537105,0.0,0.9677320949446868,0.009150044336694746,0.38286632427901063,0.20835062778873092,0.5834440705997157,0.08225812918014848,0.7289686060944769,0.04875061316705501,0.8551887234569999,0.04562935702359278
images\hello\hello.16e30f6d-c0df-11ed-929e-8cc84b59e01a.jpg,hello,0.0,0.8606367265112665,0.18644762824031139,1.0,0.3373289224570295,0.937960201976294,0.43222258696720495,0.9281870959042602,0.5275622120427191,0.9037804982418507,0.4164264462011665,0.22023321723164901,0.6370901268899211,0.13019602241417208,0.8121949113071453,0.106991899152234,0.9483579840755096,0.10370279610701222,0.40025113018372055,0.13910036689938313,0.6601791369205531,0.02831602480311252,0.8442831880045745,0.023072362114113773,1.0,0.03802109532919045,0.3904504397497487,0.1198780162681918,0.6538216971344749,0.0037314880205104083,0.835663314130924,0.0,0.9771746505572658,0.013986692124069744,0.3938036281176179,0.16031822164318466,0.6095258482006797,0.06163804966410143,0.7608287383079473,0.03192129303248282,0.8893230296863983,0.027937981135990435
images\hello\hello.18187315-c0df-11ed-afe3-8cc84b59e01a.jpg,hello,0.0,0.8591544548991358,0.17742653104776515,1.0,0.33400587548375094,0.9369426542678823,0.42901105154722985,0.9325373003184554,0.515042175086588,0.8943437241309582,0.4043970250558586,0.19910364287263985,0.6336137936458354,0.10848695651127262,0.8120158900509565,0.090593215213276,0.950332103125388,0.09374948280723357,0.38079236408028444,0.12348923291172531,0.649647660962761,0.005602382502078551,0.841779028260909,0.008042780079254243,1.0,0.0381457311548497,0.3675033789112638,0.1312515628625051,0.639332426988344,0.005883133542708011,0.8257146745265658,0.0,0.9725041233984137,0.018277404295641377,0.37217310276176013,0.2161773985482192,0.5893506083807604,0.10589550103227915,0.7394988651541574,0.06962926719765626,0.8671512386984862,0.058976675997952595
images\hello\hello.194ecfa2-c0df-11ed-a053-8cc84b59e01a.jpg,hello,0.0,0.8617233526173325,0.18287051352973266,1.0,0.34162814870230324,0.9144638437079319,0.4336598883295366,0.9122003059063077,0.5238045071669645,0.9059681886390064,0.4353192494850884,0.20917369109252942,0.6575326807351604,0.13282919909482613,0.8247675380249827,0.11303455197270969,0.9518203070319294,0.09736348810391164,0.41564896354438347,0.13510479944801765,0.6747281066051574,0.025028588247214757,0.8526051820861503,0.024222809802511906,1.0,0.03203753383545715,0.3985155957769781,0.1312972550457653,0.6600177771939245,0.006144965332226795,0.8371256307640994,0.0,0.977673158100587,0.004724298321375324,0.3923392151334761,0.19442661867379482,0.602878259063362,0.08231424876841348,0.7482049000736594,0.04634070435651112,0.8736185674430825,0.03117506139838748
images\hello\hello.1f9ab0a1-c0df-11ed-b0f0-8cc84b59e01a.jpg,hello,0.0,0.854787957471456,0.18765212430585085,1.0,0.3538689437904865,0.926030727490767,0.4542202466224348,0.9152074624239126,0.5359861133055019,0.8767608054923962,0.4209034198211993,0.1767803845656301,0.644960824379335,0.08569224260802578,0.8155508498389817,0.0845786828178482,0.9440494305246426,0.10784864444053381,0.39512311504770103,0.10759166910433898,0.6660831059708757,0.0,0.8537367148042385,0.020907653203334504,1.0,0.07381019253920768,0.3784081835639476,0.12443491648010219,0.6555115734825213,0.027112937455349807,0.8394763435239078,0.04024548428488018,0.9769058417217974,0.07915306523211108,0.376601725657195,0.22098480407524423,0.6010319586962031,0.13433866435757913,0.7502129766791331,0.11388202909123965,0.8721083789913908,0.11904542694616571
images\hello\hello.20d11c95-c0df-11ed-998a-8cc84b59e01a.jpg,hello,0.0,0.8443505213451996,0.17688779966573465,1.0,0.3502341351367026,0.9407306138551466,0.44326232098262064,0.9256489894866975,0.5159764608292663,0.866389767873853,0.44072940849793235,0.22411014286885023,0.653560620306533,0.12375317721035689,0.8165393693245625,0.11511396028590287,0.9413302337924356,0.13029341827493915,0.418077526014527,0.15083276104900512,0.6689993040531872,0.014434270736121762,0.8520045377138147,0.022424228178496805,1.0,0.0623498746268505,0.39275433253252584,0.14125014849745982,0.6500310188415297,0.0,0.8329806734164135,0.014903109775039848,0.9756691018946976,0.050777554934530886,0.37250113794333656,0.19593850712247815,0.5839611060633487,0.07895046124740407,0.7314745900328465,0.05653004476841067,0.8569517353855562,0.0605475760449933
images\hello\hello.22065567-c0df-11ed-b083-8cc84b59e01a.jpg,hello,0.0,0.868354654030171,0.19019733490158222,1.0,0.36319571394622646,0.9599976357414874,0.45816931909703634,0.9319004570899792,0.5320922344864956,0.8569490133669584,0.4711277151926884,0.2971726773066774,0.6754661055738487,0.1601537276475882,0.8346033745091131,0.11701045866615145,0.964586332748014,0.08797774546342009,0.44655008363685794,0.2251492279297739,0.6754508484355886,0.06475208334392589,0.8482485729952352,0.02821729823722919,1.0,0.012886480000406755,0.4168670899829028,0.18295420456683226,0.6459093300636823,0.028936109091463755,0.824587294410062,0.0038590800237951178,0.972221836940953,0.0,0.38642678746621467,0.1754031950538695,0.5884010149233305,0.0565356494592712,0.7371447051719849,0.021919599957290814,0.8658749598922199,0.014186822182337718
images\hello\hello.233f50d8-c0df-11ed-b2b3-8cc84b59e01a.jpg,hello,0.0,0.8463067415004175,0.19252917176901463,1.0,0.38098517237791857,0.961829337989956,0.49381818361967283,0.9345358858586768,0.558410193196399,0.8459658584739845,0.47619397194087687,0.28535457537253195,0.6712729290397197,0.13163723963316423,0.8378752674651175,0.09377894812875494,0.9691330279505833,0.08970609293561113,0.45828467431069325,0.21681300981971216,0.6776927674189543,0.05286854967578096,0.8535412584225334,0.03429232556990193,1.0,0.05311312374307304,0.43502269653478703,0.18055965643046049,0.6608925126881263,0.01265132228399231,0.8405520579107298,0.0,0.9851908432013756,0.020644332281115715,0.41001169618034367,0.18426881858053268,0.6168442561486014,0.050322698374279426,0.7682568728007736,0.015831418770362694,0.8961746689647687,0.017251342306118026
images\hello\hello.2473d851-c0df-11ed-a2b3-8cc84b59e01a.jpg,hello,0.0,0.8604129180310769,0.1950543806356351,0.9988960539828361,0.37530170142855906,1.0,0.4926473051441572,0.9924083532329226,0.5547640069932184,0.8620266163992485,0.47190495857410686,0.3319214248726861,0.6774988304420988,0.16545033919331226,0.8356310236331517,0.1084151979465859,0.9641130206406764,0.07843170125656128,0.45248221534061717,0.2564439278622812,0.6839103737970303,0.07126350284927349,0.8539028328718743,0.023880748994465368,1.0,0.015078362782241991,0.4271368355804228,0.20943370922136414,0.6620580892527878,0.0354454838176912,0.8363687177405242,0.0005091314589844939,0.9808550926545204,0.0,0.4003551895222605,0.19664767978859868,0.6082699046807383,0.07255806271754504,0.7566558210718141,0.03541878546069567,0.8823114352894214,0.029959902793144855
images\hello\hello.25a9f4bf-c0df-11ed-a361-8cc84b59e01a.jpg,hello,0.0,0.8617233526173325,0.18287051352973266,1.0,0.34162814870230324,0.9144638437079319,0.4336598883295366,0.9122003059063077,0.5238045071669645,0.9059681886390064,0.4353192494850884,0.20917369109252942,0.6575326807351604,0.13282919909482613,0.8247675380249827,0.11303455197270969,0.9518203070319294,0.09736348810391164,0.41564896354438347,0.13510479944801765,0.6747281066051574,0.025028588247214757,0.8526051820861503,0.024222809802511906,1.0,0.03203753383545715,0.3985155957769781,0.1312972550457653,0.6600177771939245,0.006144965332226795,0.8371256307640994,0.0,0.977673158100587,0.004724298321375324,0.3923392151334761,0.19442661867379482,0.602878259063362,0.08231424876841348,0.7482049000736594,0.04634070435651112,0.8736185674430825,0.03117506139838748
images\hello\hello.f61ecb3a-c0de-11ed-9ed8-8cc84b59e01a.jpg,hello,1.0,0.783858606964315,0.7696030215838372,0.9421089803918182,0.6199021569307256,1.0,0.5248213926069193,0.9977219627176888,0.46828898940564834,0.9331743496317529,0.46021598770766226,0.2519182517548934,0.2701139914943287,0.1650682530500177,0.14411692412258273,0.1546706498933681,0.029218115134517067,0.14518412350305218,0.4938413192225992,0.1255410597570347,0.2737777587632752,0.05980089622600782,0.12934440461713378,0.06835424239546188,0.0,0.08578937825399978,0.5414194388936896,0.0627776098912959,0.3278164592852637,0.0028354587761938886,0.17737476898388427,0.01671470138750982,0.0616001268948972,0.05626261666911301,0.5955435028722886,0.05937402326043223,0.41681845755700686,0.0,0.29299805742639873,0.008162736683963771,0.1916193669704368,0.050876626460252636
images\hello\hello.f75ad23a-c0de-11ed-b8da-8cc84b59e01a.jpg,hello,1.0,0.7719607480191149,0.8330408696066437,0.9642278182818516,0.670400199891396,1.0,0.5665076747265677,0.9815390665581244,0.501690438363492,0.9016542016028981,0.474658448030708,0.33905400445911316,0.28224281625469705,0.23586799949016746,0.14862553909100415,0.24828395878554818,0.035720110137945224,0.283543746000921,0.4976091905762435,0.22390166637097234,0.28117753269732604,0.14430950677545656,0.13261386663535457,0.1688845876217017,0.0,0.22539465585343468,0.5379282656357395,0.13643080080215358,0.31887125408722755,0.05837870693404266,0.16738749733876787,0.09052409631223271,0.0384547794147444,0.15667422662055971,0.593193729593514,0.07452906141496461,0.39909111880866943,0.0,0.26764157211261996,0.009916755108092822,0.15153614126185794,0.06271452516721675
images\hello\hello.f9c7df0d-c0de-11ed-b8b4-8cc84b59e01a.jpg,hello,1.0,0.8293760642325201,0.840023024506449,0.998248054988,0.6770223487683926,1.0,0.5719496321583698,0.9917881123690848,0.5005268502934628,0.9135646186540851,0.5081307455614326,0.33162194552264257,0.3154721475856993,0.19849366771800178,0.1723834221819794,0.15789506864358857,0.048046319481497825,0.14023188212101975,0.5301349265552053,0.21940605344598568,0.3082375459829128,0.10403111262692775,0.14720686990243625,0.07778345858784028,0.0,0.08084668306186277,0.5640800361665064,0.14355357995053702,0.336772850153894,0.03247749232933036,0.17500380346468541,0.025242129643930886,0.03707977133266901,0.04535513923833576,0.6068734566710603,0.1066101723765112,0.40138905564414656,0.01053562613909523,0.26524864256404235,0.0,0.1477103142593733,0.02567901265699892
images\I\I.47f40164-c0cf-11ed-b5df-683e2670f3d6.jpg,I,1.0,1.0,0.8838952379776986,0.7183873661592538,0.6399218157022702,0.5514362874806606,0.4128275163063936,0.5139075427702466,0.24890005121781145,0.5313790340467778,0.5479495905660494,0.43754789648330344,0.28865787736111026,0.24325070516445835,0.12700397400850338,0.10815868253262827,0.0,0.0,0.47090226654242745,0.5602480127307454,0.19117626640666943,0.6246435301246201,0.2617839533979624,0.720688034261485,0.37044130623931676,0.7571413332634921,0.4186994378382381,0.7168617719427618,0.22776576181866426,0.7850988294229069,0.32233320271762944,0.8351408842062531,0.4249180823557725,0.8513151293276664,0.39239284369928357,0.8728794254031625,0.27340090896188285,0.8958798316280889,0.3628022159416981,0.9411958727110972,0.45002290917169074,0.9584744821723458
images\I\I.492822e3-c0cf-11ed-94b0-683e2670f3d6.jpg,I,1.0,1.0,0.8958268301085426,0.7353663491751741,0.6481154261074621,0.558563981077952,0.4201518560270944,0.5220218863071691,0.2523257957925416,0.554850519517741,0.5478005217675401,0.4260475798641119,0.28362012217706134,0.2407954454236731,0.12297038734689454,0.10713206952796116,0.0,0.0,0.4572335807389173,0.5465011617325332,0.1223262648334177,0.6146978819587061,0.18048773781585456,0.7107974232515877,0.2867347962017393,0.7394511017218689,0.3945280720964348,0.7071937490707381,0.15685899499096692,0.7894592530210149,0.2510929461104381,0.8481417106804638,0.35156069308067667,0.8517950374449442,0.3650929267018501,0.8685952649641163,0.2299234331204319,0.9126332447770309,0.32483587612792203,0.9688242461289605,0.41175885476391877,0.981280700123497
images\I\I.4a5cd585-c0cf-11ed-9c5e-683e2670f3d6.jpg,I,1.0,1.0,0.9064660299319812,0.7101599275260476,0.6720653097872117,0.5344047260612076,0.4562833711044225,0.5085462780161188,0.294662320291637,0.5526432217946691,0.5502138219045577,0.41777435948584457,0.28365072361590427,0.23484803431472032,0.12561766915611314,0.10608009417133518,0.0,0.0,0.4497051849497765,0.5505068189679289,0.1967192376462312,0.587975873662348,0.27846639093000186,0.6772671644939504,0.39266711200040727,0.714470335576054,0.3854182254633194,0.7190639616764909,0.2114248931276159,0.7476676513516461,0.3035036863451727,0.7986541008880299,0.4045653907803574,0.823073257202259,0.3536854966731101,0.8868285205377089,0.2652737645459833,0.8879421915156726,0.356609349231645,0.929154951475574,0.4420540324558819,0.9505515151498989
images\I\I.4b907553-c0cf-11ed-8ff5-683e2670f3d6.jpg,I,1.0,1.0,0.9005225837908147,0.7298120457403701,0.6634095727741194,0.5566978549161519,0.45272288044582015,0.5399220194935095,0.29643057806633727,0.6027988565446539,0.5520967755955819,0.4277257194976602,0.28752737183737237,0.24516853460149138,0.12579547241558886,0.11390727834232396,0.0,0.0,0.4614680392558179,0.5540594228062524,0.16330802730743305,0.6058030412720967,0.24287541991223627,0.7027568637238629,0.36588530656852974,0.7334889780974287,0.4004609452974176,0.7189612949098124,0.1893159154541137,0.7741055771748804,0.2799774466333134,0.8269348636904412,0.38588581232027047,0.8400491299831436,0.3689865920472119,0.8875519587036456,0.25053834902085675,0.9096507480274425,0.3426910575980111,0.9595874353598958,0.4346426508345299,0.9782073970973743
images\I\I.4cc40525-c0cf-11ed-8ff6-683e2670f3d6.jpg,I,1.0,1.0,0.8990666157738786,0.721291058151464,0.651138594965549,0.5503648188219994,0.40442531155436806,0.49660565514406824,0.23078357841883454,0.48214036403838867,0.5641784290655533,0.42953321715948733,0.2966520940152442,0.24502473757592008,0.13258069720496282,0.11083854454856523,0.0,0.0,0.47190206548642616,0.5515514015259226,0.19708061653727044,0.6124176393053226,0.2710977495681327,0.7041463693242717,0.3819237473881375,0.7386277497784947,0.4089068937429416,0.7130176548059705,0.22308433905614866,0.7807109288479751,0.3126215426023791,0.8280367835237293,0.41271480232480356,0.8469138182875781,0.37257023007999873,0.8795621255979159,0.2752149498876555,0.909951767060367,0.3665598967453537,0.9554059319953627,0.45103313671403106,0.9745378903078012
images\I\I.4df77668-c0cf-11ed-9343-683e2670f3d6.jpg,I,1.0,1.0,0.8887671900699127,0.7201075392726728,0.6479986130893315,0.5468638681297273,0.42749590624033373,0.5135010915470374,0.2601000522504918,0.5405397349468837,0.5531150987027478,0.425051849482277,0.28024726268160466,0.23548806643546752,0.1246075682363669,0.10797493340671524,0.0,0.0,0.46332912460113246,0.5528231321212367,0.18728402426128302,0.5714141621940694,0.26597028841547465,0.6636068397404559,0.386289615747711,0.6972019509723325,0.3991205506131891,0.7199127294637327,0.18500133341324426,0.7232133186037246,0.26640591029889776,0.7804533373288861,0.3723826988525406,0.8084106739807282,0.36015109603350787,0.8911548096599052,0.23317516062299962,0.8672275343971049,0.3184874628987318,0.913969380262626,0.4087525004012307,0.9427629087446451
images\I\I.4f2b53fe-c0cf-11ed-a514-683e2670f3d6.jpg,I,1.0,1.0,0.8953806293029574,0.7176655085671677,0.6565173997103022,0.5393786323030975,0.437809947274351,0.513731477774665,0.27097078286082077,0.5648286900300266,0.5591605738657504,0.4287571177183348,0.2864406105230599,0.236117962168631,0.12630403989312933,0.10912165599771176,0.0,0.0,0.4610788882858647,0.5562269369367685,0.17702658188228065,0.5753186197989345,0.24742125098401657,0.6666398707600485,0.3639128150032428,0.699244969691693,0.3909664509316724,0.7217022540342751,0.17513751618832898,0.7310827798554249,0.25336493672552923,0.7843670188147325,0.3602840039003771,0.8098288275704775,0.35041122560367033,0.8879590145480407,0.23336422294174908,0.8768996940192337,0.316287438266933,0.9221849542497729,0.4084361038399516,0.9484180578059814
images\I\I.505ed85d-c0cf-11ed-86b3-683e2670f3d6.jpg,I,1.0,1.0,0.9096929042624357,0.7282007888449681,0.6832692116878503,0.5596946636656084,0.4815364869233453,0.558660989835901,0.3260353618605306,0.6403317590475504,0.5687760660890384,0.43701249351252147,0.2948588790341424,0.24607245821199283,0.13032684435084035,0.11124232410726757,0.0,0.0,0.4630757745009234,0.562101616135254,0.21477897236794516,0.58543330412786,0.2965980853127291,0.6704468977762504,0.4106023167011814,0.706554156700738,0.3917391102561558,0.7249357736248909,0.19721767004772314,0.7357871874696902,0.2844412454749429,0.7899931943952508,0.3864250688960941,0.8196922699515125,0.3537966468967151,0.8911057311080978,0.24725255819759495,0.8763041486631539,0.340161861810919,0.9192599695085132,0.429149849404821,0.9455070715879915
images\I\I.519263e7-c0cf-11ed-ab5e-683e2670f3d6.jpg,I,1.0,1.0,0.9107047449914686,0.7189333520430984,0.6804803829951612,0.5481530618238141,0.47035539000684656,0.5296248134006566,0.30920875965374806,0.586064254754712,0.5604065146413936,0.42214040243535234,0.28904573846672243,0.24081992356104234,0.12666863192769431,0.11056168893899421,0.0,0.0,0.4524508276971318,0.544872740377294,0.19843328117832915,0.5855513307984791,0.2775155440610329,0.673863016348986,0.39162400976106165,0.7045985891667803,0.3821621133478222,0.706145333946716,0.20277595109284824,0.7420138670187504,0.29024836682432514,0.7950108710644713,0.3916263967177754,0.814073836067909,0.3439361950557374,0.8686795078375046,0.25408796174185777,0.8768466923447561,0.3452673212497628,0.9210150260142805,0.43432348276080185,0.9406390182050798
images\I\I.52c5da33-c0cf-11ed-bd34-683e2670f3d6.jpg,I,1.0,1.0,0.8958336964979311,0.7179172325523892,0.664291306077236,0.5460329551545517,0.46222388265478337,0.536559673797833,0.3106412245434823,0.5924567586310806,0.5417490059854808,0.4205415073568206,0.27131921455024904,0.2337167969231916,0.11795572931110714,0.10765679474977045,0.0,0.0,0.45091256000139457,0.5388635527246249,0.21169696383831438,0.5703999462419501,0.2970475114377039,0.6569976549100681,0.4151926145790909,0.6825931014352454,0.39052211712018664,0.6991612379260942,0.20286810231574878,0.7164769472987368,0.2881425834393774,0.7715261878875344,0.3910783532241885,0.791029755395623,0.3575583929055334,0.8640231075617733,0.2507028225416662,0.8599146065976456,0.33819392831051603,0.9015988820005554,0.42621908412793746,0.9218526472952193
images\I\I.53f9bcb3-c0cf-11ed-a1f0-683e2670f3d6.jpg,I,1.0,1.0,0.9176658501059322,0.7229376459145769,0.6937781382415255,0.5473695787059031,0.4922433626853814,0.5328756066913639,0.3340580309851695,0.5960257039655454,0.5685282044491525,0.41612279573320726,0.290795070842161,0.2303252756630546,0.12578828456038135,0.10355318435142746,0.0,0.0,0.45894134004237286,0.5288402945376033,0.21964463056144068,0.5519793623815532,0.30124925516419493,0.633975720977622,0.4191592458951271,0.6653876545990636,0.38682799258474576,0.6836110650670292,0.19653154793432204,0.6852638933941592,0.2798712261652542,0.7403658376352605,0.3819828356726695,0.7675526429258974,0.3490031614141949,0.8411423655695661,0.2441112453654661,0.820985103659989,0.3338325112552966,0.8639295596925612,0.42210631289724576,0.8921751585612779
images\I\I.552dd7b2-c0cf-11ed-86e1-683e2670f3d6.jpg,I,1.0,1.0,0.8951695060486993,0.715784141760806,0.6530109287473752,0.5366018623421892,0.4244037504206938,0.4903338229549309,0.25945957106782924,0.49414763786728627,0.5504665313563994,0.41884862468488565,0.2822139953212655,0.2302739949517619,0.12287934192133697,0.1030135893357372,0.0,0.0,0.45118527251666773,0.5426847943255518,0.2166249930314524,0.5687227658555823,0.3050939566690549,0.6505637145804256,0.4265131039666005,0.6832544340304545,0.38379167449552876,0.7070483881605386,0.21143419936033894,0.7198751211259392,0.3030704969245477,0.7719096764305278,0.4090556017831223,0.7978840977295746,0.3467920936407616,0.8746794785356424,0.26499848240519164,0.8686272535966627,0.358773453034054,0.9107674651655283,0.44445334583198265,0.9338869323902977
images\I\I.566214c0-c0cf-11ed-89f2-683e2670f3d6.jpg,I,1.0,1.0,0.8941520972549392,0.7178862960885948,0.659583988979017,0.5482429163842301,0.44747424217448445,0.5392789912943913,0.2894161505012085,0.600254964410331,0.5451067187338304,0.42023503334436474,0.2833129703111636,0.2335879962415096,0.12667504093396942,0.10540373444115866,0.0,0.0,0.44969938125590286,0.5421225999985102,0.20537911011616125,0.5632050494871448,0.30055288979712375,0.645353390675496,0.42267294014089546,0.6774396933616674,0.38494415269035265,0.7052915756396191,0.20069404705760124,0.7178288333249977,0.2939290107007102,0.7705485246435446,0.39755054726559447,0.7961673400805969,0.34826167144757975,0.874785977808732,0.24856971413916362,0.8705081942965015,0.34149013146727064,0.911593538205821,0.4285593328836698,0.9335342047100312
images\I\I.5795daa9-c0cf-11ed-bec5-683e2670f3d6.jpg,I,1.0,1.0,0.8936074047641105,0.7135207049376044,0.6594189864020834,0.5394449042560077,0.4434113892158007,0.5110258311203623,0.2768960043735333,0.5456923490571349,0.5443781943139913,0.4261145665672386,0.275024125469891,0.23388468627551054,0.12045744300344756,0.10518474515360658,0.0,0.0,0.44133720116300756,0.5475468249236927,0.2209377922214417,0.5602687556201221,0.30737448005094703,0.6430998186302082,0.42415463231869965,0.6788586594209952,0.3712389503686222,0.7082587710736492,0.20218452339163187,0.7040354910217481,0.2885771767862091,0.7600901745138348,0.3893341951896949,0.7926107200228146,0.3298611212081055,0.8720877309939243,0.23456894234687753,0.8480003283282567,0.32647171597623303,0.8895988344346887,0.4134692197222756,0.9170276611294598
images\I\I.58c9a7f7-c0cf-11ed-a39e-683e2670f3d6.jpg,I,1.0,1.0,0.8987881246282857,0.7227995680658171,0.6776375491031172,0.5609929335547086,0.4865855420611664,0.567537359654226,0.33747415652336216,0.6552986493171902,0.5522720770112068,0.42405831162974805,0.28104522460032916,0.22914221713680585,0.12196811147272309,0.10399487612538659,0.0,0.0,0.4559086036315738,0.539682858532799,0.22347306036291179,0.586965126697174,0.2906871796299169,0.6746401428380486,0.3985930833830999,0.7045500140484198,0.38663232740077763,0.6968958786752198,0.22213662874584592,0.7384094098401777,0.2962097325786008,0.7921871728527358,0.39374795595547085,0.8125345898878676,0.3433192540705906,0.8573339833463773,0.25389376412411746,0.8671609238117238,0.3368888281275263,0.9099533633668203,0.42608264263900425,0.9275387400305795
images\I\I.59ff0652-c0cf-11ed-a601-683e2670f3d6.jpg,I,1.0,1.0,0.8908367220603018,0.7160514944582821,0.647682889739512,0.5526398759475829,0.4107041784308737,0.5395194478875968,0.2303167240823504,0.584183837517577,0.5543641030018306,0.42920501322977583,0.28015649330362136,0.23593911621504746,0.12370089591670486,0.1063141295255323,0.0,0.0,0.45874813644187395,0.5478639828563558,0.21101734735397534,0.5600356890222932,0.28774746270190443,0.6434112644322756,0.4016961175837845,0.6802494794916996,0.3863049299036958,0.702414528462568,0.20294614140915243,0.7056259676950302,0.2799609181095171,0.7566848574456835,0.37616941121093367,0.7901598481836688,0.3352125678608632,0.8620414131165749,0.2365896326915539,0.8422421807898396,0.3229870464582244,0.8814722476716089,0.4071597923919592,0.9069945328729272
images\I\I.5b3296c5-c0cf-11ed-832a-683e2670f3d6.jpg,I,1.0,1.0,0.89420953701845,0.7197830206044943,0.6563456526319457,0.560173315006107,0.4398581873261144,0.5538630607971294,0.2717078074944381,0.6153954469673807,0.5543514326431275,0.4263673441132526,0.28323962658871504,0.23237180075487054,0.12472149271609095,0.10545060170955052,0.0,0.0,0.45022993959523333,0.5486113769701025,0.17583535595014327,0.559789953624286,0.25257230405778686,0.6448872650076016,0.36955448788669587,0.6798373939397435,0.3764190806729632,0.7070395323725349,0.17859222551997703,0.7094687114704767,0.26282585144840376,0.7626539410966023,0.36599921694452414,0.7914212533242572,0.33191017424643354,0.8687341260330698,0.2276377107572246,0.8473615978879987,0.3172585758676238,0.8875353534188126,0.4079134225994456,0.9130863108520639
images\I\I.5c678cf4-c0cf-11ed-b81b-683e2670f3d6.jpg,I,1.0,1.0,0.8949174057900164,0.7129673362973243,0.6591593096676923,0.5474704877149154,0.4581749986648536,0.549955637944885,0.3040580234081974,0.631573840106644,0.5521138448518809,0.41681876575419224,0.27650635324276246,0.2243018606838423,0.11939207703589284,0.10070044943768167,0.0,0.0,0.4516208677219116,0.5342303382918794,0.20613304631109322,0.550245207495244,0.28603313627941945,0.6375291918281156,0.4047818781607023,0.6689710396988271,0.37875556139824745,0.6916637688262034,0.19278034993159943,0.7007390072320316,0.2731220652455231,0.7621586393268396,0.3747723061880954,0.789836855228352,0.33248103065085305,0.8536131973703481,0.2204527994938768,0.8435714401542106,0.3077545302544173,0.8909414150607569,0.3981628385623144,0.9161185222326352
images\I\I.5d9bb559-c0cf-11ed-bd4e-683e2670f3d6.jpg,I,1.0,1.0,0.8952391670435037,0.7102729830784063,0.657810962172382,0.5428230262803357,0.44589486348950413,0.5492732767638596,0.28946486412381806,0.6383383540051966,0.5536214209859693,0.4280562174293421,0.2759417004114856,0.2302679602578347,0.1204402547895817,0.10404071475664976,0.0,0.0,0.4605110933321329,0.5483558642590476,0.22788894186205924,0.5563851575136419,0.30642191697853766,0.6394978829636395,0.4194713914187556,0.6741452889527084,0.39017713727985726,0.7047906827194087,0.21094293834673236,0.6983056231610817,0.2875729716789062,0.7519541427826993,0.38486486044070495,0.7857176561167667,0.3419852389010409,0.8641760214980846,0.23158023968881786,0.8325928454716874,0.31457305557203863,0.8726062637254116,0.40176953124200715,0.9021137875135465
images\I\I.5ed0b341-c0cf-11ed-b484-683e2670f3d6.jpg,I,1.0,1.0,0.9090528762347473,0.7231142205678873,0.6783383867730178,0.5494607604310798,0.4673997147535788,0.5421113557967766,0.3053932702973958,0.6178701953371141,0.556157413765781,0.41602115123522954,0.2823702921134647,0.22760236197454836,0.12356452379694681,0.10238523051338518,0.0,0.0,0.4523458876974275,0.527223900376123,0.2042098145898262,0.5289100228012394,0.2822832391315831,0.6195682705487239,0.39919032275104327,0.6622657026484516,0.37672262426707515,0.6792732186125673,0.1863031007342454,0.6793675416885909,0.26735407532618455,0.743910250164026,0.3705448206645185,0.7779455498606591,0.3278026517352491,0.8382564522310786,0.2089926575458243,0.817197461332086,0.2964010353388622,0.8643951175465606,0.3889835719190745,0.892594859002592
images\I\I.60045193-c0cf-11ed-b67c-683e2670f3d6.jpg,I,1.0,1.0,0.9018556920602896,0.7148783399431988,0.6728351084819136,0.5503292319510757,0.47234458300381227,0.5518632978555216,0.31946689407060197,0.6354529135848417,0.5482955436643624,0.42823660951478526,0.27973119335883645,0.22978306405755378,0.1215586030177801,0.10258906990353968,0.0,0.0,0.44510481659366297,0.5449461353409493,0.2123243907231082,0.5654762861246733,0.28767313270934836,0.6518694144217227,0.4009818764787172,0.6880159880820262,0.3722289272995342,0.7012345096665071,0.2085377189492089,0.721678354664426,0.2897129988426174,0.7762596368314736,0.3894773947169861,0.8042799894463315,0.3269556215606668,0.862013894972338,0.23334178118039814,0.8608626328085354,0.3227760010698772,0.9027590378745036,0.4130097395146258,0.9243233030286852
images\I\I.6138242b-c0cf-11ed-97b9-683e2670f3d6.jpg,I,1.0,1.0,0.9044752846688769,0.7138832680180424,0.6674294111734248,0.5527119351282047,0.45206049011145844,0.5494374241439683,0.2856354261248232,0.6199725361935206,0.5552029587121096,0.42106882466947476,0.27698217346047865,0.23157113244212305,0.1199409852571137,0.10502719369598111,0.0,0.0,0.44511271699589705,0.548125458866287,0.1900056240119558,0.5642461679037728,0.27506652034820694,0.6437350571013594,0.39365134614921327,0.6769020538173302,0.369821568459677,0.706256119289028,0.1980092492982446,0.7216225769158937,0.28711494832471735,0.7684232080998163,0.3865827024665072,0.7938596423531203,0.32446312284686324,0.8636919526107851,0.23983254234415796,0.8515122843682167,0.3306208759668607,0.8911776251782086,0.41504585189658794,0.9162135241496793
images\I\I.626bdb54-c0cf-11ed-9226-683e2670f3d6.jpg,I,1.0,1.0,0.9012867908129378,0.7266116722120503,0.6728076464169964,0.558616869778644,0.4668467034223992,0.5541690127904764,0.30853044254004053,0.6273633505929295,0.5600975787310003,0.4189427677042112,0.28633455540616276,0.22929222530663673,0.12365174411138637,0.10297770690186968,0.0,0.0,0.4534621569883091,0.5351356814259183,0.22374690761146418,0.5673655818715178,0.3056844670886517,0.6498273384127734,0.4247039003428097,0.6798372479147389,0.38017648194402276,0.6942121945937433,0.22287861508617868,0.7220659014693626,0.3007481262825599,0.775328096391235,0.3973811753159998,0.7987095334658976,0.331178760255164,0.8591921458993693,0.2536974719165623,0.855680113401453,0.3434709249569043,0.8995969260856155,0.4297337888254749,0.9221425524514533
images\I\I.63a04915-c0cf-11ed-8d0a-683e2670f3d6.jpg,I,1.0,1.0,0.8958031570621812,0.7208735140799389,0.6673563513722619,0.5559056630260244,0.4523056552367263,0.5474382866002483,0.28546502822426234,0.6060857816647941,0.5514733134705233,0.42208505524107925,0.2729370102106446,0.2318966808385393,0.11716814173821068,0.10565759872082629,0.0,0.0,0.44874545380665326,0.5412887341179614,0.17783111740825217,0.5537023865002085,0.25823732678700645,0.641001869810467,0.3800521183280598,0.6755409169116346,0.3783926884938673,0.698224697675705,0.1775507833551348,0.7142947349414503,0.2650806791554188,0.7723340067016763,0.37259720265196833,0.7974566820283713,0.33886107210741845,0.859841188746486,0.22641715430973589,0.8593031550898975,0.31674546529911807,0.9033013661671286,0.40883663830627337,0.9239660856146709
images\I\I.64d48760-c0cf-11ed-8eac-683e2670f3d6.jpg,I,1.0,1.0,0.8961606925068176,0.7202917334902652,0.6590791502679362,0.5573928265179179,0.4520479035649145,0.555550559398652,0.29604860579491676,0.6270034917877643,0.5597933654457261,0.4208654763717277,0.28328988003852135,0.22771720594921327,0.12242603585255533,0.10235311101486935,0.0,0.0,0.4557763903858636,0.5410611784671948,0.1992522769723421,0.5626529908704436,0.2784953878174911,0.6487806879076963,0.39813233828242306,0.6795827840847685,0.3832816929820045,0.6992918342022701,0.20266172179706735,0.7181131461247046,0.286050690540236,0.772072429549586,0.38799304859819866,0.7940807636652123,0.33792624390507403,0.8620881884802821,0.2503011064342668,0.858301627458668,0.34289249550766926,0.902137382218888,0.432319207425407,0.9214001966382175
images\I\I.66092675-c0cf-11ed-919d-683e2670f3d6.jpg,I,1.0,1.0,0.8912175690366019,0.7160941279964812,0.6494283199938549,0.5504516229187958,0.4378691456443945,0.5540990180985523,0.28003762217186634,0.6338457159859765,0.5471980415764242,0.4180364558403084,0.2739384218726256,0.22481687990789015,0.11879163194728554,0.10010401169484728,0.0,0.0,0.4471256527104496,0.5365047413291246,0.2277310306938811,0.550829118099846,0.3156091936364593,0.6311729776581845,0.4324303789436068,0.6663592025770062,0.3758401533608639,0.6903747784576774,0.22134294287875575,0.6909520174905238,0.30649045084821047,0.7434577420147738,0.4025693455278376,0.7748524560472969,0.32983899113132026,0.8447289098177208,0.24790139083475132,0.8182286963608844,0.3357265354037495,0.8596411337792209,0.4181713587231506,0.8870236354933441
images\I\I.673e3366-c0cf-11ed-8838-683e2670f3d6.jpg,I,1.0,1.0,0.9131481329101035,0.7077633438126438,0.6877408823160276,0.5406123106197689,0.4867350051407621,0.5408897658361892,0.32881553017174386,0.623753156118648,0.5628797909451106,0.42249086600643865,0.2870760325783852,0.23377568820956943,0.12549194641638595,0.10660416843682045,0.0,0.0,0.45244233993196076,0.5421008132742128,0.2227541685056216,0.5513043017621816,0.30901008952489717,0.6303459955712063,0.4245267963784432,0.6708675694188756,0.38213691133702204,0.6969724863029433,0.21858171484520778,0.6922006761725237,0.3050936350133693,0.7392954210972961,0.4048701344577348,0.7741965599749084,0.3432695080909861,0.8520497594164315,0.26021731668009,0.8255488525732004,0.348962995655495,0.8619649808508697,0.434912631978782,0.8920248146714542
images\J\J.4ac1cf32-c0cf-11ed-8a11-8cc84b59e01a.jpg,J,0.48554312207845457,1.0,0.282018656162433,0.8373121413777043,0.14835607271724474,0.6077921687791729,0.05498303504176304,0.44872119253371917,0.0,0.3265698861327757,0.5859679339459728,0.4768408348776596,0.6771372354904326,0.24755127245879868,0.7372135377373181,0.11131149845897707,0.7919773482051252,0.0,0.7475201165004742,0.5462980454775189,0.6765820681555593,0.4492180919064089,0.5104881571861362,0.6098231230241707,0.4638087442483787,0.707245904644871,0.8833643624299276,0.6447267037965652,0.823744349675593,0.5431494160464586,0.6435208857519448,0.6862406411349063,0.5846184177065723,0.7742492778003508,1.0,0.7687951529626289,0.9643050989216873,0.6819456900908758,0.7878302240233243,0.747619714192276,0.70974817597595,0.7989403299572874
images\J\J.4bf7dc93-c0cf-11ed-877b-8cc84b59e01a.jpg,J,0.24039121030207145,0.8676553696566619,0.48833608362708497,0.7911347463255726,0.7069173160973445,0.6726241262927705,0.8663404369641575,0.5935433092211976,1.0,0.5485040686405184,0.5934945384280889,0.3999678304047857,0.6189759969443897,0.23610657533875215,0.6078397075384234,0.11192253995219743,0.5957405098281761,0.0,0.34573610202638433,0.39983463382235335,0.6482783649900785,0.6797119194675751,0.7419426692495512,0.8839579445797395,0.7850382274247667,1.0,0.16151966342200086,0.502757819877376,0.49291112003727344,0.7878586887275388,0.5493557714010997,0.9191686509101917,0.552464799120325,0.9844487116348208,0.0,0.6411158150609731,0.25085000748017056,0.8282964120961293,0.317318436534375,0.9109896216909821,0.3182279275179328,0.9325034903107168
images\J\J.4d2bbd85-c0cf-11ed-ad01-8cc84b59e01a.jpg,J,0.5527503729601257,1.0,0.3423425949887701,0.8630905906275134,0.17379905531782944,0.6351578606957234,0.09562847286650607,0.4731104005617482,0.0,0.36395507339371364,0.532650412235911,0.4824970092389149,0.6374207128257162,0.2630483149812665,0.7102063133899623,0.11918224326502885,0.7765415600434925,0.0,0.7166435899026795,0.5268917071983923,0.5800702198150769,0.4628182077956412,0.46838342872810823,0.6419748086530178,0.4701241757061759,0.754045017541081,0.863381876150357,0.6136946897392128,0.7171611642545891,0.5685961504471011,0.6065409076266368,0.7284117937008685,0.6114056996822047,0.8161581494588627,1.0,0.7197014749202137,0.8950922414267848,0.6707189359063264,0.7568708285824841,0.7676209500518058,0.7255859146542851,0.8252294974407275
images\J\J.4e6268e2-c0cf-11ed-b3d6-8cc84b59e01a.jpg,J,0.0,0.9577490218166499,0.36725671067561405,0.8333826470409993,0.6577361788934388,0.7037553978588694,0.8614745942951226,0.649703729814844,1.0,0.6284270492990988,0.6021441176770818,0.4158447773638129,0.7590515635842656,0.2330503614229944,0.8641642486531212,0.11116008697386276,0.9586372070987821,0.0,0.3965909161417491,0.4104058703373121,0.7636590828074483,0.7001924387931611,0.8046139641458145,0.8961048601647085,0.7752427303974776,1.0,0.2101849392566042,0.5229512146584804,0.5967938311282157,0.8226008741422612,0.6149895290022519,0.9490101155660273,0.5637642030983265,0.9969824624238984,0.061434523689193804,0.6763020968216459,0.37185782500674014,0.8982035061731605,0.40836851186936585,0.984184454376153,0.3811166969331175,0.9981580229278335
images\J\J.4f9a6909-c0cf-11ed-b387-8cc84b59e01a.jpg,J,0.4800563500458845,1.0,0.26556710678671497,0.8501678620549178,0.13581124235962064,0.619360212671146,0.07452806523793945,0.46250224412467517,0.0,0.3432354665592545,0.5482922645674689,0.4771547343461026,0.6407740874864489,0.2584803445262779,0.7091172847885528,0.11448858883629405,0.7586631627213919,0.0,0.7319829048173409,0.5328821228211347,0.5473461117655117,0.46162722665338085,0.3960548712325134,0.6330173361116131,0.3790550857980744,0.7509864208665823,0.8738933139994958,0.6258196216168769,0.6804608968340007,0.574230903684157,0.5311307730177864,0.7283362831912539,0.5192214460467703,0.822512752897941,1.0,0.7421126854900939,0.8594182708518002,0.6909623938227009,0.7013632107015043,0.7709862740618335,0.6667230709273674,0.8258238116690813
images\J\J.50cfaeb3-c0cf-11ed-80c8-8cc84b59e01a.jpg,J,0.4481968961412445,1.0,0.22006689500913393,0.852764894612855,0.08704858764177341,0.6301661217721503,0.043562477433150205,0.47137910898741964,0.0,0.35118669622158927,0.509729787303882,0.49253872619350675,0.6069124396179764,0.26468698757418874,0.6846777202641771,0.11657659310462437,0.7404375172077463,0.0,0.7027559859511102,0.5468848358436651,0.5227725053875737,0.47327990381208634,0.3713744827627786,0.6462850157958359,0.348667961336748,0.7659504389681716,0.8567953767014316,0.6356031645232576,0.6688368802782982,0.5766438950933637,0.5172740652216291,0.7318480250664816,0.505557390304176,0.8252435402988512,1.0,0.7477853046858671,0.8582865472435116,0.6884186341303948,0.6945069859263244,0.7718259727683052,0.6606515196072849,0.8283711558156165
images\J\J.5204524a-c0cf-11ed-9b60-8cc84b59e01a.jpg,J,0.0,0.9437580918334678,0.3575192338477331,0.8259447803509314,0.6377928936590205,0.7029936867144786,0.8311106743296225,0.6512624994455669,0.9687425261419479,0.6287898264303692,0.579171358122133,0.4080035130565589,0.7554306036324437,0.2204510258432061,0.8859359218522845,0.10523298699567868,1.0,0.0,0.38267343285553107,0.4021175877544165,0.7526120833977948,0.6867928875319496,0.7961444393728313,0.8884800039351615,0.7594126943970874,0.991524267564915,0.2049360189764495,0.5148767813069739,0.5872710528144318,0.8092884525923402,0.6149994260844796,0.9449438955702316,0.5636934899553268,1.0,0.06395587875679533,0.6676705672833785,0.3636752935702651,0.8837142963449875,0.41246732616406,0.9735711443352909,0.3865820086889658,0.9958361282719701
images\J\J.533b7d24-c0cf-11ed-bc42-8cc84b59e01a.jpg,J,0.46584697854229107,1.0,0.25455208853646355,0.8647189143412101,0.1079060913045288,0.6328098270275904,0.05733264131701632,0.47034834921932334,0.0,0.3553430099446737,0.5289830612096237,0.47961800173644137,0.634451486013986,0.2602519723299389,0.696753767066267,0.11297023126812325,0.7487502731643356,0.0,0.7218458624708625,0.5392953036355407,0.5343754552738927,0.47131450367973643,0.38724329056360307,0.6529469908274965,0.39033752705627706,0.7661035160112323,0.8703360441641692,0.6350605776963337,0.6740495832292708,0.5791377181302432,0.534163752913753,0.7401684837778334,0.5466291520979021,0.8280238782657936,1.0,0.7487329816505987,0.8504971590909091,0.687237469968542,0.6972675761738262,0.7799861009358326,0.6865435996295371,0.837047597703076
images\J\J.546ef079-c0cf-11ed-819d-8cc84b59e01a.jpg,J,0.001169787588515416,0.9791594552334117,0.33014161190861624,0.8593017656328056,0.6094152319501629,0.72195348456781,0.8251172111126723,0.6522372776620143,1.0,0.6121448721744308,0.5445602690274544,0.4076139820632699,0.7058327734061849,0.21304763762741122,0.8154585817013439,0.10060015430918073,0.9050859244429112,0.0,0.31484234292107205,0.4112672313712169,0.7005292746679117,0.662497292349368,0.7523746104884332,0.8744227347555111,0.7318024587954669,0.9944105481263253,0.13874293120449852,0.524688784055005,0.536716368515711,0.7734007054860769,0.5755123492866555,0.9222135755683523,0.5471086892857189,1.0,0.0,0.6763710300265002,0.31346589711081235,0.8494172509680523,0.3973162860346606,0.9468838683507487,0.419070981996497,0.9843876913479824
images\J\J.55aaa763-c0cf-11ed-81a8-8cc84b59e01a.jpg,J,0.008664003741518458,0.973983186228447,0.3161990891244916,0.8594275567405986,0.5966773451894853,0.7145940618769437,0.8194018267392226,0.6334277664442983,1.0,0.5805292108084317,0.5347536854921675,0.4050516664467303,0.7065019806271923,0.21543965417228633,0.8263605558900242,0.10233082074280558,0.9216553124300809,0.0,0.3138460759842103,0.40522608729973,0.6930032403312096,0.6673666756900388,0.7347530665177244,0.8864829221054411,0.7007852054913228,1.0,0.14175042695582726,0.5155659149360463,0.5420437480213298,0.7731912956220166,0.5553859241934718,0.9276751474404388,0.5004825269886511,0.9957754272712884,0.0,0.6640285595708011,0.3161992711757984,0.8471889936654333,0.3774613564242356,0.9507772392547784,0.37090514271275016,0.9829611757121653
images\J\J.56e2bd77-c0cf-11ed-8ef2-8cc84b59e01a.jpg,J,0.0,0.9866990746350516,0.33874553511594585,0.8715761178038686,0.6261529203346786,0.7343944312289944,0.8403363990827714,0.6581805673360841,1.0,0.6136330299802938,0.5461473441500562,0.40533404175940513,0.7197076266613823,0.21055659808804678,0.8459978394204762,0.09956203006320032,0.9511442507501159,0.0,0.31196007113859775,0.4065758467631359,0.7142912004964801,0.6691828281346658,0.7562669671354579,0.8819856762944587,0.7244884753090616,0.9963676555933241,0.13930476652415136,0.521213321811445,0.5609127123568174,0.7824102934892827,0.5866856687062753,0.9310787261723309,0.5495487399627716,1.0,0.005221912562199229,0.674189109902234,0.34133008900773487,0.8590024186399495,0.40852426581195894,0.9552318434596276,0.41418378597589567,0.9823257526960582
images\J\J.581c4431-c0cf-11ed-a134-8cc84b59e01a.jpg,J,0.0,0.9865340882244993,0.3630355326658211,0.8665986576153624,0.6590233683297743,0.7311953212111885,0.8563364358738508,0.6530778813951119,1.0,0.6054076167080575,0.5996235620190691,0.4142462947061991,0.7501902450291141,0.2216356103739255,0.8517028854842434,0.10598207854507148,0.950706884884536,0.0,0.3577822170535725,0.4090072585740149,0.7702229047721314,0.6677431554511873,0.8065416735889653,0.8699409629068905,0.7780413879175159,0.985366025790675,0.168316807611422,0.5205936045840519,0.6009631787735983,0.7849066556831451,0.6342327594241187,0.9253550489144834,0.6083132417834003,1.0,0.01391483343936269,0.669189327988303,0.3623065639600141,0.859294030959735,0.4457986036541633,0.9587689311740294,0.4673315450165527,0.9960976866223458
images\J\J.5956a3af-c0cf-11ed-b931-8cc84b59e01a.jpg,J,0.013937874295759996,0.9771147158751314,0.34296424355296884,0.8708241842536748,0.628597856963991,0.7421925190093105,0.8398698584182827,0.6768517097991837,1.0,0.6424172108171686,0.547302807323147,0.40382918947943736,0.7102688906426698,0.21340907492816574,0.8222500782995885,0.10054778616243652,0.9158843400093011,0.0,0.3165822101874883,0.4016577812722734,0.6964293927529259,0.6617215691350804,0.7308447083714489,0.8766250603279925,0.694797330002285,0.9947163066164226,0.13999929913655082,0.5157142434789835,0.5344054597262691,0.7730752573727998,0.5636354809200878,0.9249683577681679,0.5321451751027021,1.0,0.0,0.6700658094498406,0.3139899280081826,0.8530743704314531,0.3898202504272712,0.955183892505905,0.4091870787062353,0.9928321555391485
images\J\J.5a8c67be-c0cf-11ed-980d-8cc84b59e01a.jpg,J,0.07954307969524521,0.9989633875828425,0.40160081976764905,0.8969258695475065,0.6690634982852487,0.7653857269962869,0.8569490043270865,0.6785705712086004,1.0,0.6175701646160933,0.5537578622863543,0.4410651627343507,0.6966563072125492,0.22673949669102506,0.7720529728615688,0.10377257736740897,0.8236155104816039,0.0,0.3092211340568579,0.4379420937415943,0.7171705303546131,0.6664686316054507,0.7698174880554884,0.876651628477656,0.7525669263432219,0.994602205655662,0.13515861329059858,0.5453683329272448,0.5620934508153856,0.7811572065072191,0.5946368396570305,0.928228956002381,0.5717384332537514,1.0,0.0,0.6920342460147413,0.3284352087893885,0.8576964029889369,0.40820904075050346,0.9553939098831468,0.42701323165851746,0.9906362747431199
images\J\J.5bc4eb3a-c0cf-11ed-a03f-8cc84b59e01a.jpg,J,0.031297986303074295,1.0,0.3905320901343018,0.9038204695018092,0.678170764552741,0.7910070163550492,0.873113567521048,0.7256588986831856,1.0,0.6765363188785549,0.6120676475199094,0.45031793882669646,0.7781722524583327,0.24625737222220295,0.8580352616374164,0.11355737256910838,0.9112971064980288,0.0,0.3538222246086215,0.4406521899176177,0.7877608336239063,0.6623218688797692,0.8228348655526351,0.8705541660065828,0.782248251225743,0.9796358803515463,0.15815638577812394,0.5419192812736209,0.6167530406644598,0.7839515380823144,0.6323342155104023,0.9311435120782835,0.5856696146604847,0.9947249174846889,0.0,0.6834875327970176,0.35921987169078473,0.8632612502394611,0.42732928924906266,0.9641047315202513,0.4252992684895451,0.9916330264762079
images\J\J.5d00dffa-c0cf-11ed-bafa-8cc84b59e01a.jpg,J,0.0026590517044820195,1.0,0.3503709463613763,0.8975019966884931,0.6494832067754713,0.7702681895856672,0.858000978078155,0.6896901473188247,1.0,0.6290583215074259,0.5623921873255537,0.4330648580549789,0.725093601450449,0.24330151778664522,0.8107933754860907,0.11662443218578418,0.880109554188203,0.0,0.3281861053148012,0.4208996589132705,0.7386487111225727,0.6474754500228681,0.7666182869165535,0.8409574092881473,0.7255987583753839,0.9492746313237002,0.14878817374567765,0.5225701647334373,0.5693590285891301,0.7559665527182647,0.5827513873142319,0.8972518891744973,0.5367085940362392,0.9715918442575391,0.0,0.6641634425109202,0.3340449428484718,0.8361052476690132,0.3992386872367091,0.933481830324332,0.39936566442484445,0.9706831898170024
images\J\J.5e3b8963-c0cf-11ed-bb4b-8cc84b59e01a.jpg,J,0.0,1.0,0.36158378855384427,0.8872325542598639,0.6592017015989176,0.7500581939296853,0.858650691713199,0.6661664492727466,1.0,0.6068433719894519,0.5768373276698439,0.4216194595037565,0.7717348437389717,0.24404163426895645,0.8853741527794338,0.11573265328222544,0.9827084660049071,0.0,0.34370507692326097,0.4079057892472447,0.7493993641334753,0.6506592547859995,0.7807125804353608,0.8409273566102549,0.7477177830884069,0.9572051694550648,0.16626218867123993,0.5100108192905316,0.58020009099758,0.7644040463561235,0.6002610298677026,0.9038523113184999,0.5682435991656295,0.9829544955664323,0.024822161938208576,0.6537409477464364,0.3518141097290449,0.8500717546274662,0.40601409465582616,0.9454842388594965,0.40160657383743814,0.9798878266884288
images\J\J.5f70bcdb-c0cf-11ed-8e91-8cc84b59e01a.jpg,J,0.5624794002013578,1.0,0.34413643956736206,0.8841694645705023,0.1735433903472015,0.6640777173755866,0.08243181677568859,0.5021125528063664,0.0,0.380483267884099,0.5086052319270162,0.5025412947350312,0.5858205891120573,0.2722609637033285,0.642656347550241,0.1224939244167932,0.6825510565657815,0.0,0.6897760316772876,0.5563111378387412,0.6305006383828384,0.46169781207448185,0.5269273818429298,0.6476556790863682,0.49638371589432656,0.7608211868876527,0.8504884894230932,0.6405842697031215,0.7945796516173302,0.5661574436963159,0.6677836022790549,0.7365512035036385,0.6150970510650026,0.8196749611433992,1.0,0.7438416052002401,0.9662714505070503,0.6741807317175705,0.8406545814514632,0.7789894988042632,0.7830460141850354,0.8328121147322942
images\J\J.60aa4c3c-c0cf-11ed-8433-8cc84b59e01a.jpg,J,0.0,0.8364053256009668,0.3009684199607415,0.6966634870113719,0.625491771981523,0.5496055499910986,0.844543447688079,0.44400601004724816,1.0,0.34955181605733876,0.5522467029578213,0.38811643046215305,0.7418422795887123,0.2423081651943323,0.8716733726409024,0.11429606703600975,0.9408965988508855,0.0,0.417398659992108,0.450517400535301,0.9171734933039278,0.6597139264348185,0.9632638661362267,0.755728529574589,0.9078146097281685,0.7702785425743846,0.2930900049407009,0.597323364871842,0.7749289133186629,0.8579717586760895,0.7657542658298374,0.9144051829176398,0.6887435814914724,0.9009931670299165,0.18763419770119036,0.7782148147361085,0.5611016466487321,0.9696917194446799,0.5499677490085215,1.0,0.4704412357519416,0.9789119247048375
images\J\J.61df6180-c0cf-11ed-b6d7-8cc84b59e01a.jpg,J,0.6349889956655939,1.0,0.42756489764447897,0.9298921810997198,0.2302501746779119,0.7449991975117154,0.10506433782733095,0.5978109515227295,0.0,0.483126811545935,0.4873835418246997,0.5000212516660355,0.5514897120819263,0.27401168651318525,0.5891465793302043,0.12395398982584419,0.6213528972594644,0.0,0.6759519011091112,0.5201516544263414,0.6208975626882993,0.5313075103387769,0.545180111504604,0.735391699923938,0.5371239811701949,0.8244991426380105,0.845165548777903,0.6093958056189405,0.7843123026613383,0.6338802624041534,0.689675525492502,0.8004822225055778,0.6656387974978044,0.849196116083578,1.0,0.7200954168086088,0.9639078777868046,0.7147850378121061,0.8666400847032022,0.8279959932679797,0.8334827010267221,0.8739880876482146
images\J\J.631a7258-c0cf-11ed-bc57-8cc84b59e01a.jpg,J,0.6408140329115515,1.0,0.4266708115196511,0.9197466851983768,0.24176856519174758,0.7242322812478729,0.10831215303324192,0.5800157086669622,0.0,0.46779190031269907,0.5201159646765292,0.4992283681963483,0.5492310233631884,0.27044110677094363,0.5827597424313363,0.12355785623119343,0.6059937209024227,0.0,0.6984566249749181,0.5242675065533811,0.6193205886704649,0.5446249414610629,0.5587634251686824,0.7213601484795247,0.5446906865457464,0.813482634677196,0.8561064629304211,0.6066652363247867,0.7779671168240495,0.6260024547928843,0.7010747735532031,0.7774497819826484,0.6785000192548183,0.8348472686586687,1.0,0.7138262303998464,0.9532153519679437,0.6929364950162309,0.852838970941439,0.8006923670244717,0.808647389553349,0.8507659386665638
images\J\J.644ecc95-c0cf-11ed-98ad-8cc84b59e01a.jpg,J,0.6275048362245522,1.0,0.42096795157339767,0.9232507150180265,0.23230156336558325,0.7237679000271768,0.10868577096296708,0.5769219548191692,0.0,0.4676858468131554,0.5182030065984653,0.4974448352374583,0.5511456142099824,0.2784547682720046,0.5808360579816949,0.12494256230622211,0.5980781291603203,0.0,0.6979513083990677,0.5287564251730742,0.5989998195485685,0.5303199671974876,0.5292458770633611,0.729719063479394,0.5324011271274025,0.8241288735362307,0.8571503564231245,0.6195460353007547,0.761061357272382,0.6147758130307536,0.6729240829470874,0.7887255317010088,0.6622390867895671,0.8497650326613956,1.0,0.7334096632319798,0.9290565923450737,0.7069347314357727,0.8258686591196747,0.8284061384840635,0.7995780212680309,0.8802032842468979
images\J\J.658ad958-c0cf-11ed-9864-8cc84b59e01a.jpg,J,0.0,0.8289440719908272,0.2464691121012775,0.6820045902353059,0.4981137174766361,0.5313097541534202,0.5988467600207751,0.37691323313187275,0.6299481088606351,0.2534495998303189,0.47504246599942146,0.4070799366872979,0.7047732177632077,0.2532636890747806,0.8740923889530693,0.11295495270760983,1.0,0.0,0.3552892437270577,0.47678058387569827,0.776368079045722,0.6949502903406481,0.8154339310056099,0.7861815927313618,0.7868219374388639,0.8116666083459331,0.23566470087053953,0.6270653858431751,0.646685752321158,0.8694597360453691,0.6558592684485599,0.9124205773580879,0.6125369594882072,0.9044204038986301,0.1315096461172689,0.8067910665803091,0.46132896803051315,0.9796584437294727,0.45236621373185004,1.0,0.3855314155201713,0.9763343765946516
images\J\J.66c43cb2-c0cf-11ed-917b-8cc84b59e01a.jpg,J,0.6262912702071273,1.0,0.4138608507707181,0.9111573188068414,0.23235838904461636,0.7112751232724986,0.111121321365565,0.5692524998462976,0.0,0.4637376249883839,0.516587824094361,0.47956182147843346,0.5557420403683083,0.2648406974489798,0.5833841525543652,0.11828404870613997,0.6023833265363416,0.0,0.7008503454314723,0.5082932488386621,0.6025514160146238,0.5285500506235287,0.5300559935417187,0.7223643412863927,0.531379445036386,0.8168296226970776,0.8591032983256617,0.599755396921014,0.7550916049684617,0.6212830151653594,0.6694996325574131,0.7872344741277524,0.6635881483754177,0.8477584838634455,1.0,0.7164157818359413,0.9180814408711085,0.7150065938738218,0.81260934359793,0.829035561633419,0.7846353559509878,0.8780519368000741
images\J\J.67f8d58d-c0cf-11ed-8d32-8cc84b59e01a.jpg,J,0.6060143267247835,1.0,0.4100707880539256,0.9159977686619711,0.23192872290003805,0.7086489833442509,0.10922390767562451,0.5656429317994615,0.0,0.4501721326897314,0.5113631503069889,0.47583063225648936,0.5522976386592623,0.26454522801367497,0.577257776956932,0.12241258233014364,0.5996925784420695,0.0,0.6950560610432306,0.49722435644523816,0.58639735015177,0.5389636234009846,0.5153630425091771,0.7374367677438882,0.5329879847471041,0.8080775569302678,0.8549263970880745,0.590865986945477,0.7404075400119022,0.6354145625954501,0.6505419930579198,0.8043187025266474,0.6529934043068193,0.8435598273576138,1.0,0.7092912953275933,0.9126869865542009,0.7187928876572273,0.8085243839392139,0.8359873733703084,0.7902440013360995,0.8736905991199241
images\J\J.692e223d-c0cf-11ed-b775-8cc84b59e01a.jpg,J,0.0,0.8806564623672652,0.27917099733381534,0.7656329394322162,0.5566195188817088,0.6523543384189239,0.7414339403798936,0.5852280550212489,0.889964902767108,0.5497790957540091,0.5199877235000828,0.4357215002688366,0.7301832437073523,0.25603758187953507,0.8880138430716857,0.11668450702476145,1.0,0.0,0.39476403512735925,0.49316816709110234,0.8067490623164174,0.6621971198617252,0.9283206802536641,0.7745412701121577,0.9536607317697742,0.8343279181297795,0.28700460933616523,0.6337492609937683,0.7009064274632082,0.8386806942772171,0.8101620046093362,0.9164653693275316,0.831186828746592,0.9482105717558188,0.20788407368912587,0.8060618531888775,0.5469109162938527,0.9681008401705908,0.5908189856447799,1.0,0.5713072589513007,0.993680252104709
images\J\J.6a62f946-c0cf-11ed-a1e3-8cc84b59e01a.jpg,J,0.6291849029924952,1.0,0.410492679614564,0.9088989838509393,0.2352739072827472,0.7134094054572977,0.1091504182169133,0.5702836299575463,0.0,0.4615745555464193,0.5231912658913526,0.4867741640130784,0.5512724526152226,0.2709944306425849,0.5782664533832464,0.1229712701227653,0.5973790553307715,0.0,0.7088900022125187,0.5058116118310266,0.5933586289504269,0.5444950801676263,0.5229181342617435,0.7319612180529503,0.5261588385039304,0.8101999809800917,0.8648934303450766,0.5896393635507433,0.742888532286244,0.6349978220434944,0.658077092292551,0.7935467800437715,0.6528896258300124,0.8436299639828589,1.0,0.7014806081414541,0.9069915593679826,0.711870434196186,0.807311230185877,0.8239522436170266,0.7851603567495811,0.8702657203484537
images\J\J.6b9ef0da-c0cf-11ed-88d7-8cc84b59e01a.jpg,J,0.6263804872634442,1.0,0.4249897835113441,0.9175175906899199,0.2417095086499604,0.7094972305906975,0.11830744315343905,0.5667958466461769,0.0,0.4628316703364085,0.5235370240503711,0.4818635996239887,0.5566404653673648,0.2737702353111088,0.584155361260084,0.12306515079725035,0.6032036890353112,0.0,0.7022024731470317,0.5082361738570802,0.5889051455786569,0.5298373447116445,0.5187678157904031,0.727223635502155,0.5339946722903601,0.8063202962482485,0.8583313573046633,0.6002805515507932,0.7396992568450474,0.6212193002237318,0.652881554318926,0.7902652285839527,0.6575304350458354,0.8391390950391341,1.0,0.7160679265409748,0.9083959356033278,0.701742947887977,0.8070430706981016,0.8174484504736881,0.793881458460514,0.8637030334280118
images\J\J.6cd43b6f-c0cf-11ed-8b2c-8cc84b59e01a.jpg,J,0.6258417985929825,1.0,0.41808877385406606,0.9240018395552795,0.2382742013857917,0.727490378641795,0.11614375826447795,0.5867827953172022,0.0,0.4792031821079044,0.5109394966302787,0.5060921552649201,0.5577259492162754,0.282505506563501,0.5871744651668285,0.12920665144461568,0.6102140545588838,0.0,0.6977163824473797,0.5142307350959715,0.5701458186826918,0.5430039614984308,0.498191890786211,0.7539113947540401,0.514342951734817,0.8400300137966646,0.8590165028026893,0.6017183705412972,0.7202586817922354,0.6458886746326941,0.6412229191077383,0.818600001613645,0.6493359737548102,0.871822369960385,1.0,0.7162124524983259,0.8982392445234291,0.731685371501416,0.7958690055134001,0.8486320324665371,0.7782495744101819,0.895753370500956
images\J\J.6e09637a-c0cf-11ed-ae85-8cc84b59e01a.jpg,J,0.6260299504166359,1.0,0.41638057635726744,0.9314374731863764,0.23966583099957187,0.7306195633171612,0.11505486152790444,0.5840832220207802,0.0,0.47014542946517546,0.5180241955481244,0.49595533278435916,0.5491906646842767,0.2776691029628537,0.5779607057659005,0.125225201973645,0.5975726519255936,0.0,0.6999404372121174,0.5166621459891526,0.5794641980581621,0.5430706941439452,0.5122738815403939,0.7399431969160052,0.526699260044958,0.8300657032185763,0.8573220732505898,0.607684242768661,0.7396837959865713,0.6305030321003814,0.6539983988389052,0.7983148018019729,0.6549715444727049,0.8572212588390608,1.0,0.7248324468098057,0.9161364043508669,0.7152044588002333,0.8155894084509323,0.8320401923130302,0.7947454690278564,0.882619837317292
images\K\K.a8389d2f-c0cf-11ed-88d8-683e2670f3d6.jpg,K,0.09334119819156042,0.0,0.3953777951065865,0.09080996779779688,0.5867831678655081,0.3612974480198126,0.5732246492110773,0.5784859022711833,0.47739307185307717,0.721956610027461,0.8096675640058981,0.49756538603133726,1.0,0.7906042093798641,0.9302966188754687,0.9172053608674319,0.8335837091359455,0.9559190614132829,0.7156301872944792,0.6374272050729649,0.5818217610975251,0.9321640407302433,0.4118268641768609,0.8831734453417066,0.37040185316319246,0.7638580652828152,0.551347346733217,0.7421621601754858,0.35548514134287434,1.0,0.21584711594788744,0.9128451690876002,0.2044779521170612,0.7797674360197906,0.36263351385237574,0.8091276737415137,0.1311352822509358,0.9687883040520135,0.01042117605910398,0.8750120214616015,0.0,0.7551983250198928
images\K\K.a96cb24f-c0cf-11ed-80f6-683e2670f3d6.jpg,K,1.0,0.9670397954745187,0.6249183156712199,0.9119286772363746,0.41055091210586014,0.820198323053702,0.25911003797472215,0.799582553137996,0.11384182365167833,0.8226861666104935,0.4822384930104276,0.49209992265578445,0.4581522554301191,0.2943673309029515,0.4376325420939412,0.12941425430125186,0.4353857205396475,0.0,0.6560954599732234,0.5212484690799245,0.20496618539105757,0.5893030744969977,0.048503787075397445,0.7672265555536784,0.0,0.9153517529589674,0.8004060581007426,0.631320369705923,0.36072769958909007,0.8253916392077043,0.36779088146435984,0.9391738286188488,0.45192525492303165,0.9750273539659027,0.9051383289625113,0.7672179649336618,0.5500152070782642,0.9108995209583924,0.5427374348916638,0.9878560131906107,0.6248528850336565,1.0
images\K\K.aaa1611c-c0cf-11ed-82a8-683e2670f3d6.jpg,K,0.0,0.0,0.28751334608315765,0.020388611017350775,0.5202009961628055,0.27662537802462317,0.5728123922413499,0.5090578166002389,0.532017127620806,0.6742402287524875,0.7104533408957736,0.4122175967123649,0.9009631497055629,0.7258203461063322,0.9665073528311114,0.8946122470317751,1.0,1.0,0.614866672527195,0.6191131295154125,0.5966969481797753,0.7713253620001296,0.5249635372624819,0.6874598677354208,0.48676550275304215,0.5708811084858217,0.461578929749593,0.7813264643943707,0.44449458250403684,0.8200489144826191,0.3776791164790889,0.7284899585522495,0.3380731943698648,0.6094194473709034,0.3020889154638749,0.8930677586052099,0.2763261781362921,0.8688116758324497,0.22767145515375858,0.769881452841961,0.19447600753232114,0.6607160107420932
images\K\K.abd56204-c0cf-11ed-876e-683e2670f3d6.jpg,K,1.0,0.8630756270483991,0.7109496772522182,0.8020285684418946,0.5159619055843231,0.72272900563867,0.3634257217491604,0.7094538422279203,0.24148812479375292,0.7272599260885338,0.5389786181522112,0.5118571946847694,0.48891123125271785,0.3071092131072946,0.4829472593424149,0.13375761712384782,0.5005983093135788,0.0,0.7020916153426247,0.5428302188443493,0.26331130280311,0.6177123109938694,0.08017776571564271,0.7533859691195189,0.0,0.8785699791547529,0.8120297180852868,0.6458918260805401,0.36998892819363016,0.8182091534616023,0.3575977572652947,0.9212882854630535,0.4266660909738563,0.9814151401673769,0.8785737416228986,0.7678823319620973,0.5325871943302483,0.8739222269364866,0.49207394362939366,0.9547390654688336,0.5235610506804997,1.0
images\K\K.ad09864a-c0cf-11ed-ad79-683e2670f3d6.jpg,K,1.0,0.8566701607177101,0.7270065325439,0.7828370614728397,0.5260284206108838,0.6956589762991909,0.3642784370433666,0.6708289711682482,0.24473560135302536,0.6818439778799359,0.5277838521784416,0.4783829885927224,0.47621492928976283,0.2926914515385054,0.4541540052280576,0.12993723665047915,0.4596484586331208,0.0,0.6566663422304694,0.5119504967685427,0.2195038401448081,0.5886357393481111,0.051785389247594536,0.7293388858080199,0.0,0.8621451097969909,0.7630063100733647,0.6164137690661166,0.3527374620156842,0.7957363291473825,0.3223550655024042,0.8982087697657906,0.37668022135818263,0.954104948509176,0.8460946308758767,0.742456801608732,0.5107572720056225,0.8682704965612318,0.4558414947997512,0.9513690935852851,0.4793216165518078,1.0
images\K\K.ae3d82ea-c0cf-11ed-997f-683e2670f3d6.jpg,K,0.8097142819835955,1.0,0.607787333871589,0.9360830295196557,0.3804337891096801,0.8614650590590237,0.18223962969169266,0.8437807605748536,0.0,0.8505446629786617,0.5388142560863879,0.5114967908520275,0.5176525378175401,0.29067295209612876,0.5150698898171744,0.1254167437881079,0.4985908872296299,0.0,0.729105958751624,0.509899577003295,0.3791231510155405,0.6175401165896989,0.28355755817622724,0.7936360794710532,0.2880694393363351,0.9028515604899624,0.8782934610638747,0.5965441402168924,0.5222253535839342,0.7571725500406151,0.4892172949822528,0.8680681904583433,0.5275946717039275,0.9140515137946897,1.0,0.7178896399215908,0.708025849330481,0.8522852395065559,0.6775699714260222,0.9281970581466227,0.727584769830406,0.9513731712618245
images\K\K.af714504-c0cf-11ed-b8e9-683e2670f3d6.jpg,K,0.7957097449422965,1.0,0.5695654890951656,0.9514391039274068,0.3570108153695861,0.8894199556739574,0.17386097851614346,0.8894519369457246,0.0,0.9290348905014557,0.48983919288254785,0.5500392303600345,0.46784525299333474,0.3168392589299706,0.45407780934419306,0.135988098702733,0.4351603931754585,0.0,0.6997414331366174,0.5347724372607401,0.44200779492832926,0.6231071084772757,0.3649921511256819,0.8188524799877192,0.39543584887218164,0.905208043503058,0.8716576854607014,0.6071857653491449,0.6110478180449866,0.7628959148189487,0.5545652994830265,0.8844967053959868,0.5879856407528297,0.9117604730669719,1.0,0.7177101089601929,0.7869934618529753,0.8538373261951134,0.7396203377446197,0.9300710837067147,0.7813991025737578,0.9261794959538361
images\K\K.b0a4f8ab-c0cf-11ed-b4b9-683e2670f3d6.jpg,K,0.7014050527531899,1.0,0.526289522417982,0.9653116905278214,0.3386270578840959,0.8988324290389829,0.17188269848281487,0.8864295040719952,0.0,0.9137366461485114,0.46983840619106676,0.5491752337018165,0.4576774579928303,0.31492916977205426,0.44574905706858764,0.1364538130599113,0.43765290779659866,0.0,0.6798875278207241,0.5386496473621804,0.456379865441139,0.6402075316503023,0.40803551708319885,0.8175423517350318,0.4534438233745052,0.8805720651245319,0.8537537802205271,0.6108370700698702,0.6244409308686861,0.771616853099485,0.6047407788103774,0.8806873787460835,0.6582521364617135,0.8887571410219854,1.0,0.7139307345861159,0.8116558215396116,0.8452767841906942,0.7953615844645678,0.9175356958656643,0.8486611011060331,0.9076088638650113
images\K\K.b1d91104-c0cf-11ed-b1d5-683e2670f3d6.jpg,K,0.7932543139785972,1.0,0.573630529669666,0.9624242876574345,0.37213768082549076,0.8992071936344065,0.1824690015380637,0.9064594944391313,0.0,0.9459823642095628,0.480435363646073,0.5385858852348709,0.4488077431233048,0.3195765258036689,0.4232787050555508,0.1401247499879948,0.4170272378772444,0.0,0.6811963175383174,0.5280068409417403,0.42125000067768054,0.6506965622300637,0.36814261867676645,0.8374758521815048,0.4064912034358944,0.9189289968798039,0.8562634214625213,0.6041557101093081,0.5951558312781542,0.7984074444997937,0.5983501461350254,0.907868587268003,0.6608073506107528,0.91647733156987,1.0,0.7129853501788053,0.8001102721727575,0.8685036654927601,0.7959113637263103,0.9372703462185341,0.8502456185244239,0.9235144065349971
images\K\K.b30d5a3a-c0cf-11ed-806f-683e2670f3d6.jpg,K,0.7650870542019244,1.0,0.5705035396525141,0.9666084986649798,0.37373864473521395,0.9039111011825748,0.18229249606197667,0.9028362373366726,0.0,0.9322431650727062,0.4980825468164012,0.5508997143612474,0.47046547774997244,0.3176318083363409,0.4307892075449237,0.13697441824046752,0.40456460890481444,0.0,0.694590040938735,0.5368204011964385,0.45342794683446624,0.6013560123056475,0.3952355269485057,0.7890199430743127,0.4284365747211535,0.8849412978405621,0.8626607514954568,0.60380602833038,0.6169547240877543,0.750144671622079,0.6002946795307892,0.8683726785887683,0.6494634524808373,0.893656675578027,1.0,0.7078435873847468,0.8095615258384975,0.8374929348048771,0.7976610464882543,0.9086500439768054,0.8487381356768466,0.9039891200204757
images\K\K.b441612f-c0cf-11ed-8caa-683e2670f3d6.jpg,K,0.8404983689585225,1.0,0.6152941087042451,0.9736427593758554,0.3657110993349868,0.9091716397481522,0.1755774885870533,0.9031839583903641,0.0,0.9363635368190528,0.4811480056119989,0.561229126745141,0.42773465496197133,0.31539994525047904,0.3707209594259429,0.13622118806460443,0.34697421173568005,0.0,0.6787668153643672,0.5446016972351492,0.42064418536971,0.5803610730906105,0.3660955125727019,0.7637785381877908,0.40281403520964637,0.8683555981385163,0.853283366851851,0.5956156583629894,0.6057836817666503,0.7360865042430879,0.614143583773852,0.8633419107582808,0.6806117817227794,0.8994358061866958,1.0,0.6722091431699972,0.7850511030705278,0.7867434984943882,0.7871496301379979,0.875967150287435,0.844278975419271,0.8878915959485354
images\K\K.b5753068-c0cf-11ed-8771-683e2670f3d6.jpg,K,0.8228984556818273,1.0,0.6132433347462258,0.9864259394329775,0.3790710631616269,0.9114980834948763,0.1802179053468651,0.8983408119473575,0.0,0.9240889565954354,0.47873596771140736,0.5689699460570254,0.43531324893299955,0.3141120973012911,0.3939192305334069,0.1383438654284095,0.3684386471420917,0.0,0.6742536328665456,0.541365474378898,0.44855125200937307,0.556663247287946,0.4006536627238968,0.7413194492812897,0.4444847874129938,0.841758637924569,0.8478645329323917,0.583993852919167,0.6322416739310669,0.7224073689190176,0.6267900415070498,0.8573444855970976,0.6823860288923189,0.8919390886250587,1.0,0.6600102079877505,0.8231783683490751,0.7793102141727212,0.8100427333338664,0.8745894098813545,0.8542604040872581,0.888132545594657
images\K\K.b7dd3991-c0cf-11ed-84a8-683e2670f3d6.jpg,K,1.0,0.9360589650253961,0.6439679572473229,0.9608040125262014,0.4088000795981955,0.8686216820458982,0.2602633842862029,0.7891044853880098,0.14159808733982382,0.7336537298937068,0.4051829686735671,0.4972939302578802,0.36907392554433427,0.30728546651973904,0.3195969925447076,0.13428049870193193,0.3060748971670017,0.0,0.484192175894096,0.4965009667928527,0.07935025093587067,0.5948251597477328,0.0,0.7443351443701396,0.04811755706483574,0.8654147674044831,0.554060387772463,0.5691452673024137,0.22084084232038978,0.7820281056397724,0.27942869738896803,0.911222169685662,0.39629247729867784,0.9768081123439181,0.603192437915487,0.6750878075969177,0.34916061975257373,0.8433913540113303,0.3935762848566033,0.9488826915408165,0.47691220427814707,1.0
images\K\K.b9110776-c0cf-11ed-b166-683e2670f3d6.jpg,K,1.0,0.9790040127593116,0.6728829069941036,0.9576039212449976,0.43845782647419196,0.8494023867336016,0.27046290574944987,0.7779917761099597,0.12711348827117944,0.7491225358066219,0.424159952281474,0.507818817156183,0.37247553796414784,0.3172741597595056,0.3321184923911192,0.14156822678812267,0.3116555016243411,0.0,0.5052749851474727,0.513341833858514,0.08266098796256653,0.6096410833404042,0.0,0.7523057771413362,0.01471139847723763,0.8617362845730966,0.5699956165065564,0.5916338404590129,0.19814954684063707,0.8045468123611739,0.2566605125456671,0.9279074876298762,0.3599079364356043,0.9748885807416224,0.6161994737767452,0.6976459279423576,0.3161104096236895,0.8748551443093944,0.35429475235642527,0.9706735755711798,0.4335030165848403,1.0
images\K\K.ba451e22-c0cf-11ed-be6e-683e2670f3d6.jpg,K,1.0,0.9867881205749656,0.6456107786974978,0.9447002320066434,0.4172348198085835,0.8395726283527528,0.23880840884804794,0.7634881471144709,0.08551036110176141,0.7169084044620614,0.4200008786902722,0.5461093941287766,0.37174734822531796,0.33582268185982006,0.3351644221939734,0.14722576557911768,0.33186461343619095,0.0,0.5385046071328591,0.5455197034424307,0.07839042823079345,0.6507414795346169,0.0,0.7935021017576002,0.03223812942091043,0.8927012935868569,0.6209580701347337,0.6165808555994076,0.1938470621426463,0.8064561199243196,0.22363684094144765,0.9284426447045125,0.32826597736682667,0.9860035785526552,0.6725680522014641,0.7161327660157354,0.3156015814972519,0.8617541756915253,0.33609866602471444,0.9613875880726326,0.41855430759751194,1.0
images\K\K.bb78d900-c0cf-11ed-b72d-683e2670f3d6.jpg,K,1.0,0.9747425469852387,0.6371088472817383,0.9502198279348493,0.4159000404984644,0.8423202025442574,0.25567693873353253,0.7599348993895041,0.10912568764069681,0.7038649849347386,0.41833062165311163,0.5400707524102218,0.3638340970138526,0.3359500827633307,0.3303344944239708,0.14826024405621882,0.3326152682913856,0.0,0.5146227061390353,0.5355015938413659,0.060262926938144404,0.6322421298688816,0.0,0.7847987570101776,0.05478536655486667,0.8923772112666428,0.5844982112336613,0.6036643291229118,0.1676932673911953,0.7996396385420252,0.2132565646731525,0.9330705077245212,0.32649269495903527,0.9983339035897727,0.634082066788465,0.6988619576683585,0.3012365329140076,0.8543801955522705,0.34044699128054257,0.9600187626213657,0.4320395033400292,1.0
images\K\K.bcac716f-c0cf-11ed-b9a9-683e2670f3d6.jpg,K,1.0,0.9298689607226489,0.5950387549356129,0.9319724505437302,0.38297856029097366,0.8295321832377529,0.23770671576669575,0.7472484819345595,0.115902823007239,0.68797232658808,0.40599753211023243,0.5162292691218023,0.36406540507857316,0.31979869101581343,0.3426353622871512,0.1405056075845833,0.35460382769569626,0.0,0.5020945731090678,0.5075436090689209,0.04880615332515147,0.6016782217748132,0.0,0.7677656461923861,0.07431734715849359,0.8930256478639093,0.5748439903017665,0.5683366560334004,0.1383901519065482,0.7630650350847703,0.199470090335965,0.9130654576608505,0.3366449631916441,1.0,0.6288495780521803,0.6574244582652907,0.2823050570407855,0.8021004222317589,0.31787313499997,0.9206386470553803,0.41968858724310315,0.985590468686956
images\K\K.bde06064-c0cf-11ed-a2a1-683e2670f3d6.jpg,K,1.0,0.9778616868458855,0.6364650559866651,0.9528917846637937,0.40510095205371993,0.8539376838361037,0.23703589067177608,0.7791104042684178,0.10704729884661719,0.7219734591969355,0.39965633494458125,0.5419823517340447,0.3550813941684136,0.33189650454887476,0.3171767216440834,0.1450458307681784,0.31395339757027885,0.0,0.5188330722065767,0.5374074834119981,0.06909151315560623,0.6244216430672412,0.0,0.7736503864833436,0.05268312179344743,0.8795156987482043,0.6092831449363535,0.604520487037417,0.1904590175339459,0.7897954716464874,0.2553411484418648,0.9212911279841303,0.39211678790662474,0.9842092482385936,0.6813502252883812,0.6962976263766332,0.325273899132425,0.8393676038032697,0.35108675821129476,0.9500037622272385,0.44298361752017373,1.0
images\K\K.bf13dbb3-c0cf-11ed-80d2-683e2670f3d6.jpg,K,1.0,0.9448675212487514,0.6727325148684802,0.934844682621554,0.41391855541217554,0.8377149601999728,0.20184529466014772,0.8004230949691261,0.0,0.8048328954703662,0.4719679546688887,0.4892138575046225,0.37649911523628343,0.2986779099631672,0.3096593766362643,0.13773768438880923,0.2524023940736984,0.0,0.5906018770522831,0.45876475233086417,0.21867866344904852,0.6219489506819709,0.2702637711354295,0.7821374797076264,0.3895294934445805,0.8592453934472595,0.6853816187366317,0.5038439845475516,0.33908394191951363,0.740385788063425,0.4578601945322029,0.8853713443074273,0.6075574608774735,0.956359094498294,0.7689474450961903,0.5815149350235335,0.4837554577699809,0.7785287477337117,0.5224549556825725,0.9210702275525068,0.603179968193613,1.0
images\K\K.c047da62-c0cf-11ed-92ed-683e2670f3d6.jpg,K,1.0,1.0,0.6776811665248279,0.9683456430632197,0.42990265849416787,0.868422228202272,0.2082607751409505,0.8421416964448127,0.0,0.8482624322196504,0.5449744889670697,0.5029849620808857,0.4301469100327816,0.29786258488960554,0.3513528457156798,0.13837287134947446,0.28229606706571536,0.0,0.652301522111747,0.47297952643009256,0.30096093172414223,0.6427072757311594,0.3681158544614239,0.8166005704395658,0.4964137489960606,0.8958670827923592,0.7333642471608965,0.5189520522708763,0.37567938693718833,0.7247520096004815,0.4675168254254166,0.8825942313485882,0.5980765405089894,0.9709776988220612,0.7991314677493917,0.5997123858147025,0.49597740231506,0.7551223235852567,0.4992002685911902,0.8976618124625428,0.5528401295302675,0.9919794667487196
images\K\K.c17c5210-c0cf-11ed-b959-683e2670f3d6.jpg,K,1.0,1.0,0.5587466951757878,0.9305635695514897,0.3095418651894183,0.7896264892561317,0.13496350914152433,0.6588241290397672,0.0,0.5541928909759722,0.3475924432165148,0.4214697074757301,0.20205419649246822,0.27689181124507006,0.1279071517183336,0.1357436305690087,0.07672966319226335,0.0,0.46021245360997914,0.37999285681955025,0.03658009529092077,0.5212772067501914,0.09559292614516206,0.7192300275267289,0.22131535065694044,0.8640722746845761,0.551612299282781,0.4187634386312175,0.11804245922664926,0.6140974736038943,0.2314068096438751,0.8084205089154728,0.3823423089238565,0.9575205176257408,0.6299720216338036,0.5003946245855491,0.2546164304224051,0.6567180699263355,0.2496408655621132,0.8182338239103322,0.29529337040452275,0.9522825656569729
images\K\K.c2b086a3-c0cf-11ed-abc9-683e2670f3d6.jpg,K,0.1136795267679906,0.0,0.3770203860455556,0.1694161946297167,0.5631938787396648,0.4844709540188691,0.5659935458965316,0.7614450148709093,0.5117129216049464,0.9729121382924751,0.8184462364116553,0.48236668543954125,0.9799065637922172,0.7173005226926819,1.0,0.8711308872743182,0.980406305572419,1.0,0.6588628230679534,0.4670354528063896,0.4797036058138615,0.8583498177789983,0.334367405226973,0.9304148494989505,0.2706680199849004,0.9430339447705133,0.4343559155392659,0.4441328560989346,0.2109916157085102,0.7889708586030189,0.1254041766008733,0.7385884970374542,0.12090133220742345,0.6484228458126405,0.19403816405127183,0.42181252879929626,0.057155829187702935,0.6874046423301947,0.0,0.6421952161750811,0.004286170351914424,0.5557517139944799
images\K\K.c3e4ab1a-c0cf-11ed-abe9-683e2670f3d6.jpg,K,0.1623218064249396,0.0,0.4095456157493131,0.1763802441884174,0.5728614369526819,0.4649116470172346,0.5738493039783261,0.7126197357211586,0.5390284322039272,0.8954883319519386,0.8236136721411125,0.46040968221651235,1.0,0.7022381159798805,0.9771768520201324,0.8662567650228282,0.8927463049124003,1.0,0.6487973266497015,0.43313415316511805,0.45193206579478723,0.8066600183036586,0.2975869686084216,0.8557007433029427,0.22344468578643398,0.8609952112123374,0.40994714085308526,0.39973275461513375,0.1919086351719853,0.7355031561201202,0.12911164588021795,0.6650524509676103,0.1366741502749006,0.5670509352092374,0.1542897674113004,0.3685819110096806,0.029186456346920762,0.6439395526161793,0.0,0.5995333037248929,0.02672043901102638,0.5201795485467998
images\K\K.c518a6c6-c0cf-11ed-ab07-683e2670f3d6.jpg,K,0.2127494442623037,0.0,0.4356308326199835,0.1588459571576125,0.5792538597792954,0.4442958964300253,0.564945724139535,0.6765242456153336,0.4948061126270057,0.8513633427424646,0.8305579583963845,0.4929494598440933,0.9881398860990928,0.7048988322135458,1.0,0.8626513563615933,0.9640509170516005,1.0,0.6769181484462977,0.46114990461899746,0.45564826811652376,0.8190132860521685,0.29192302873480863,0.8707890212597021,0.20920270115153802,0.8787967358501357,0.44307017787357467,0.4170046496135976,0.19903662129486321,0.7497569214309505,0.12139351930696152,0.7198464820054571,0.10650470060686631,0.6479355984779412,0.19753277220643808,0.3692199448909763,0.050089915845970445,0.6398727916858719,0.0,0.6332482698525379,0.00032897871053849724,0.5847217128880425
images\K\K.c64c872c-c0cf-11ed-9b3b-683e2670f3d6 copy.jpg,K,1.0,0.9928517856003255,0.7017748265594891,0.993291874995656,0.45286467341199316,0.9040099631436979,0.22175868635536994,0.892337642397195,0.0,0.9109799934665839,0.5708765793663608,0.5204425157316952,0.49022294650095527,0.3276445012836204,0.4718243055924048,0.15419178040644926,0.470310452059082,0.0,0.7140465461013092,0.48862654829009633,0.32396352109562704,0.6360880886472101,0.37320448032543735,0.8195109036649685,0.4901457640902592,0.9197937866833309,0.8187549852885218,0.5393764694657573,0.40650698798763607,0.7188953471840913,0.47626087541311746,0.8935002619053185,0.5983555038862195,1.0,0.8900562097931426,0.6221243333103759,0.5568035585631472,0.7463224259825241,0.5187117688137092,0.8774586401269278,0.5412600993326275,0.9764130407997306
images\K\K.c64c872c-c0cf-11ed-9b3b-683e2670f3d6.jpg,K,1.0,0.9928517856003255,0.7017748265594891,0.993291874995656,0.45286467341199316,0.9040099631436979,0.22175868635536994,0.892337642397195,0.0,0.9109799934665839,0.5708765793663608,0.5204425157316952,0.49022294650095527,0.3276445012836204,0.4718243055924048,0.15419178040644926,0.470310452059082,0.0,0.7140465461013092,0.48862654829009633,0.32396352109562704,0.6360880886472101,0.37320448032543735,0.8195109036649685,0.4901457640902592,0.9197937866833309,0.8187549852885218,0.5393764694657573,0.40650698798763607,0.7188953471840913,0.47626087541311746,0.8935002619053185,0.5983555038862195,1.0,0.8900562097931426,0.6221243333103759,0.5568035585631472,0.7463224259825241,0.5187117688137092,0.8774586401269278,0.5412600993326275,0.9764130407997306
images\K\K.c7800db2-c0cf-11ed-aa6f-683e2670f3d6.jpg,K,1.0,0.9951891891563284,0.7196891420237524,1.0,0.4552499184041918,0.9051704590012651,0.22467545451070448,0.8641443674879524,0.0,0.8550613669426441,0.588427215068908,0.5240780672376699,0.5214624909215475,0.31207107124206884,0.4888750363873199,0.14694265630195855,0.465239597637103,0.0,0.7527323569279987,0.48893273375762414,0.3762463575925267,0.6040304789047145,0.40659000091152075,0.7716595914382339,0.5109894116574681,0.8621075163182145,0.8741936716937525,0.5295560752634897,0.4733586010802991,0.6783820817889517,0.5214692538173606,0.8448673843013215,0.625010364872931,0.9496884690697113,0.9614729587081104,0.6045545098578003,0.6233028806995775,0.713332575454074,0.5737837813996842,0.8481754056832433,0.5842845003249131,0.9483911581023271
images\K\K.c8b41c54-c0cf-11ed-8581-683e2670f3d6.jpg,K,1.0,1.0,0.7251427750977435,0.9988924387915881,0.45096587882891787,0.9029214061662885,0.22000656451868103,0.860625028859212,0.0,0.8517262710862007,0.5659035334110761,0.5404693124581343,0.4997442002541125,0.32438165382734824,0.46184827175197196,0.1501444383791781,0.4368598042296257,0.0,0.7382100512268042,0.5050058477460718,0.3601568098604037,0.619229501736613,0.38378079983343566,0.798620260842999,0.48023879312183615,0.9068374035627923,0.8745049948601283,0.5418419040185306,0.4654979149216731,0.6919006344915181,0.499086156601655,0.8666173081898174,0.587457248651679,0.9847095197763878,0.9790384285395474,0.6138564699348683,0.6280324685805645,0.7138162409840659,0.5697597901900877,0.8464247152505043,0.5731362831644291,0.9504684205898855
images\K\K.c9e833a3-c0cf-11ed-978a-683e2670f3d6.jpg,K,1.0,0.980060142159091,0.7409747839070037,1.0,0.46438427535707755,0.9107533210902434,0.22869751449685718,0.867921558441403,0.0,0.8661991071142686,0.5984286765211777,0.5190692059756732,0.533152684939675,0.31141716508331413,0.496705460203547,0.1459292723660574,0.476345762907216,0.0,0.7639215990675908,0.480107871656429,0.4015201632892121,0.5856137010888609,0.42676448259700883,0.7538223247766365,0.5269037912052694,0.841569190265337,0.8943877271997558,0.5130232701498527,0.5108236143674277,0.6473792615782933,0.5523010030337404,0.8161986432852976,0.6521780421642289,0.9176428271542836,0.9963779173804101,0.5785673909081741,0.6571352881230149,0.6700302745658037,0.6059548108513703,0.8015239923764472,0.6172741498146767,0.8999601705573937
images\K\K.cb1cd3ce-c0cf-11ed-ad6d-683e2670f3d6.jpg,K,1.0,0.9854386971180652,0.7120318055001545,1.0,0.44810287361448425,0.9176053035949756,0.2200011332658984,0.8866040385325276,0.0,0.8824110754077586,0.5682930154354181,0.5272348641235494,0.4971648716744677,0.31796847411424844,0.46999117511258326,0.15048362700084758,0.4567866638166712,0.0,0.714293849115183,0.4905545185265917,0.38618980857343704,0.5978680819110233,0.4133682738284583,0.7704341143839355,0.5057036375030225,0.8743154762179651,0.8322236303892544,0.5208208835979373,0.47810103907018336,0.6710144914150319,0.5282845215514074,0.8416298216074144,0.6248536431974031,0.9558262606521245,0.9243191568501716,0.5835817122892705,0.6051600625876948,0.69206674382039,0.5766474852998021,0.8305096486796276,0.6020130056287409,0.9393505848566268
images\L\L.b1d3f55e-c0cf-11ed-95b5-8cc84b59e01a.jpg,L,0.9025077786709951,0.9966957826708326,0.6621146720327976,1.0,0.39203819101309617,0.8992244418553405,0.17573430142158092,0.8148674664022033,0.0,0.7820392760197667,0.48340339684278977,0.5466500455953649,0.42821485687757405,0.28956989199059135,0.41845853452057274,0.13180874840546125,0.41371503865013814,0.0,0.6374024785926536,0.5025324853689777,0.7066405869973733,0.46777679551382234,0.7569726419490115,0.655361866119916,0.7517601216596091,0.7707961982842161,0.7992995355838995,0.4959799082802175,0.8624331580465509,0.4750061585037068,0.8803864843137957,0.6573850202043796,0.8471120350505293,0.7659841808528755,0.9532685779241061,0.5176550071174116,1.0,0.4633958142959006,0.9928065854578535,0.609237212336469,0.9487613010477951,0.7092997303012317
images\L\L.b30b0be2-c0cf-11ed-9777-8cc84b59e01a.jpg,L,0.8963434973706931,0.9878602870135329,0.6589462309529416,1.0,0.3775350527543252,0.893176414600212,0.16958609438595312,0.8266093163056895,0.0,0.7985380254150704,0.4786428375211634,0.5550679806691493,0.4166396868377678,0.29906239915889543,0.40740487683182525,0.13634531249850385,0.39930251886485696,0.0,0.6350999164676466,0.5121909414645216,0.7016423357664233,0.4746263433112365,0.7400157113704913,0.6628173891477975,0.7279627356004799,0.7862549205671328,0.7952984319463599,0.508154185270903,0.8603737792503392,0.4914385004514809,0.8658738100844293,0.6659539365015833,0.8272709307410273,0.7679905318282055,0.9464832318611457,0.5304330673601821,1.0,0.47976295577785416,0.9814217598977429,0.6113823214831171,0.9284480922107482,0.6962577357395716
images\L\L.b44099eb-c0cf-11ed-8d2d-8cc84b59e01a.jpg,L,0.8885907059985407,0.99580853741072,0.6527160653049975,1.0,0.37946365947553184,0.8929734069324335,0.17053148204748586,0.8220129040722643,0.0,0.7923273622873376,0.47613675110994114,0.5590418195892904,0.4200289388556255,0.2961800692505649,0.41448568162665345,0.13595832999423652,0.40627255879198826,0.0,0.6364368106483682,0.5252145562433461,0.7051017541751985,0.45926816529736664,0.7502085611664585,0.6592523298685623,0.7320678914739912,0.7763412686293066,0.7969213156402324,0.5232362089695088,0.863221329243968,0.4738500961599806,0.8736184699860959,0.6613436157089857,0.827406050305554,0.7634727599986976,0.9444243234791642,0.5457750222903485,1.0,0.466419098920848,0.986814623485701,0.6029513730986822,0.9306541630080862,0.6901181998217253
images\L\L.b579a95d-c0cf-11ed-a5cd-8cc84b59e01a.jpg,L,0.9023731157089783,0.9835982848032125,0.6716816415487628,1.0,0.39859530024049933,0.9058694322009909,0.17820223244492844,0.8443044513208825,0.0,0.814135781872728,0.47736269000685244,0.5704978516265283,0.42232896738754316,0.31457632732709656,0.4135939681172527,0.14392144550466104,0.41019570916468523,0.0,0.6452428498329557,0.5335371458977594,0.6767942696109878,0.4589487756168123,0.7236656445952551,0.6566104435172818,0.7183658379772381,0.7784655837087434,0.8191969896524682,0.5331657890615348,0.8465419120397049,0.46962911495962495,0.8578834264863394,0.6626919892955845,0.8188653035143312,0.7805662912079627,0.9781151693159126,0.5670731974237029,1.0,0.5047648948868031,0.9804043415384714,0.652295335446849,0.9235031363165483,0.7534149264533501
images\L\L.b6b13e35-c0cf-11ed-9d22-8cc84b59e01a.jpg,L,0.9074029171087175,0.976722886402224,0.6723646186796215,1.0,0.3902699520167472,0.904847140909465,0.174995235806258,0.8365037693189017,0.0,0.8058847652906576,0.47777432511995815,0.5615210638549751,0.4193717095064864,0.3066521039366079,0.4061155181878429,0.13879804437650733,0.39867804289765374,0.0,0.6389103791160501,0.5222319155775778,0.6912372255611082,0.45972000710536354,0.7335631760533134,0.6471329296687274,0.7228824936501119,0.766336990381598,0.8054452601249783,0.519028290169763,0.8539923943557814,0.4745538272500726,0.8654250371891541,0.6566869438706145,0.8258608969199132,0.767950390514268,0.9620236872868556,0.5481821414786825,1.0,0.49810318569475776,0.983921201657655,0.640579820600322,0.9275949212272563,0.7383441516514894
images\L\L.b7e5d4de-c0cf-11ed-868f-8cc84b59e01a.jpg,L,0.8950746694786161,0.9845418678120739,0.6688850908672508,1.0,0.3905631986472913,0.8968721580552165,0.17076696969447921,0.8270433127590231,0.0,0.7864821855715348,0.4804692315581056,0.556431094848859,0.4295278990814116,0.3039714332271919,0.42215510769392395,0.13942488522020702,0.4202430344755627,0.0,0.6414024776552573,0.5231526929848744,0.6899236135503851,0.4610859136129479,0.7311512853341375,0.6588347470870123,0.7228304972641023,0.775380271858383,0.8095030503481646,0.5262912899838409,0.856025281817295,0.47602977837241706,0.8593291556683448,0.6663396792970506,0.8181468648038097,0.7726304465828495,0.9655126453752734,0.5621447625475532,1.0,0.5078788299223673,0.9789982823143412,0.6603179328906298,0.9233394782194814,0.7565614562222926
images\L\L.b91dc30b-c0cf-11ed-a9e1-8cc84b59e01a.jpg,L,0.9051272782611611,0.9893959307850978,0.6572560750253237,1.0,0.3884047685637084,0.9069661302062904,0.17028015846081795,0.8388496642487896,0.0,0.8044468740303611,0.45431760037466973,0.5667403104405845,0.40626569491318076,0.3067041203435376,0.4015701637927127,0.14101648410621487,0.3990880875447748,0.0,0.6244098344164781,0.5309466066783365,0.6623705670564072,0.46378477771728205,0.7071352691022408,0.6602463151280265,0.70415611434206,0.7735594214268011,0.7991990734957664,0.5275544558996005,0.8477465835524863,0.4877708402854617,0.8542355031971103,0.6818882907619143,0.8110534195427394,0.7835285295833797,0.9626362037498659,0.5560436681478359,1.0,0.5080423928591641,0.9842508282492408,0.6586678160852248,0.9332109245255,0.7438357795067843
images\L\L.ba55495e-c0cf-11ed-9364-8cc84b59e01a.jpg,L,0.9136768279157746,0.977212595328948,0.6801460786431694,1.0,0.3942082252868215,0.9059828440501259,0.17191045981753536,0.8366465079183351,0.0,0.7960270889521074,0.4789010360182335,0.5643518404458981,0.43022573622754684,0.30530975054454706,0.4260846256165786,0.13944293644318137,0.4290028748982153,0.0,0.6456288758562738,0.532550243494299,0.6837687827526338,0.4558343224307982,0.730957140968275,0.6596402100606308,0.7288127082205904,0.7663503004006147,0.8159938701592212,0.5324165522984983,0.8504926487429274,0.46427788155853744,0.8609825230176099,0.6582714151074192,0.8256615192092187,0.7561648911219867,0.9735981168296787,0.5619894795777339,1.0,0.48950590535871025,0.9846963510684954,0.6399260121280982,0.9352013548653263,0.7289926084589451
images\L\L.bb8ec2f4-c0cf-11ed-8511-8cc84b59e01a.jpg,L,0.2963086514309945,1.0,0.4817337832824629,0.9413360084065082,0.7051725716706231,0.757004194175815,0.8637017278771963,0.6322827845877657,1.0,0.5547430159483081,0.5016284274833155,0.5072904444056094,0.5518113527153555,0.2741505545708119,0.5953124303857605,0.12428366518312071,0.621633693258308,0.0,0.33243876353692614,0.5208974015628298,0.4199863027162399,0.45159789474162015,0.45149878687917533,0.6414348484263898,0.42902655477491836,0.7513977749080254,0.16806620906067038,0.5815302500391502,0.2510438078001083,0.5171265016079943,0.3166994247722922,0.6866504694617247,0.31504334749256646,0.7818696650787202,0.0,0.6653760346428028,0.07458079214539808,0.6005124134440584,0.16350320905552101,0.7191141959687797,0.1841440619319618,0.7957529430722338
images\L\L.bcc391e5-c0cf-11ed-a39f-8cc84b59e01a.jpg,L,0.17025549570665616,1.0,0.3893358121990585,0.9784628845602551,0.6368520516897229,0.8577460720182429,0.8420013780237487,0.7820552280342796,1.0,0.7515227899922855,0.48418169465647937,0.5492500493212721,0.5309817787732621,0.29912929960503226,0.5411674070320107,0.13359106982671953,0.5376118892537202,0.0,0.31787403451634755,0.5259939898653868,0.3288581307109853,0.5119704338338854,0.307090607767812,0.6967877627857257,0.2906892384043231,0.7919729509667723,0.15493084521930606,0.5404625684105581,0.1653149377654084,0.5349331019837776,0.1851729937014652,0.6946032314447479,0.19561782834763647,0.7831906798082208,0.0,0.5722149110510223,0.033792654536021566,0.5483287457809576,0.06981893441517086,0.6816235452281206,0.08765225368226429,0.762350574368321
images\L\L.bdf7ec2f-c0cf-11ed-bcd5-8cc84b59e01a.jpg,L,0.19365318907545256,1.0,0.3961522501256348,0.9796140897757311,0.6346611988147389,0.8616310635900754,0.8412903394784688,0.7907722973788727,1.0,0.7545201413130955,0.485127204832615,0.5477209679560047,0.5170509987956851,0.30340808966508315,0.5277177886229772,0.13563571679495184,0.5233547834757228,0.0,0.31826515063134314,0.5210976265493763,0.3343514078549088,0.5235869303646282,0.31915286682847493,0.704967352074606,0.3097134845989737,0.7740415812393593,0.15528345587915543,0.5413213804598644,0.16821372207305324,0.5602508817079229,0.19199711852120876,0.7115503533508717,0.2029084301748731,0.7737112729161619,0.0,0.5807635191353989,0.03196428101935811,0.5845863201663315,0.07116814754323043,0.7130506399178699,0.08857378296158717,0.7731111582893626
images\L\L.bf30fa43-c0cf-11ed-b6f6-8cc84b59e01a.jpg,L,0.1901321104833334,1.0,0.39329352854428623,0.966162011246652,0.6289827803603575,0.8448938092936246,0.8381907410805973,0.7803748007301171,1.0,0.7511903058763644,0.49016986425470155,0.5360265203456859,0.538938550837225,0.2914189450282787,0.5604370172263707,0.1288125952513693,0.5604162298850301,0.0,0.32007199943141673,0.5116676742240779,0.359492123676366,0.5021205198066393,0.34198878631820745,0.6964724332425137,0.31934464045917454,0.779570614498439,0.15649146105511397,0.5279084104410312,0.18995828871478995,0.5300882413068784,0.2075625931594601,0.6957912527013763,0.2048841937213914,0.7702423730162178,0.0,0.562458663246949,0.048506766081631694,0.5420131515133885,0.08765982248402394,0.6761002467154094,0.09202021479856769,0.7468436620255264
images\L\L.c068b493-c0cf-11ed-86b1-8cc84b59e01a.jpg,L,0.20740525059629128,1.0,0.4068282615698982,0.9659908950178888,0.647553271702135,0.8305928839922763,0.8464501376560105,0.7464551708805257,1.0,0.7097256874539398,0.47634060172977394,0.5408658893568667,0.5141437557517042,0.2916532860689451,0.5265899529009758,0.1299757811181239,0.5234459766071382,0.0,0.3114393626524791,0.5322696272783041,0.3487854594608534,0.5064121368196995,0.3443763487998929,0.6877187213089107,0.32231270565169046,0.7843732116316506,0.15369535087175726,0.5589845052678384,0.18132181331050679,0.5325920482195571,0.21495872244137448,0.6914696630971349,0.21493004811513455,0.7840868153765712,0.0,0.6000194533305337,0.04701107675751489,0.5478160805964865,0.09524591217650452,0.6792490602703293,0.1044301641595555,0.7673214410697891
images\L\L.c1a276b3-c0cf-11ed-843b-8cc84b59e01a.jpg,L,0.17968321270090518,1.0,0.40901950706802215,0.9462524639932152,0.6469107275937755,0.8088102425566505,0.8451199843129534,0.727674232145681,1.0,0.6926933347031977,0.4796510954962575,0.5177437729087156,0.515193422022987,0.27631121707415096,0.5166765326724958,0.12654147516264622,0.5075527954515346,0.0,0.3179255048149545,0.5043505785158929,0.32736088202286645,0.503098814563673,0.3175239911239018,0.6847760724980585,0.30976197669236366,0.7719014624309654,0.15822713030344826,0.5311870781497564,0.17165955296197077,0.5454150336573667,0.19912297271088078,0.7029421363236668,0.22127742436748463,0.7775012867660019,0.0,0.5735423283061325,0.0207365091691604,0.5676453642680945,0.07604093494330467,0.6947461167869831,0.11466659092894199,0.7649166649039735
images\L\L.c2da4017-c0cf-11ed-b553-8cc84b59e01a.jpg,L,0.21380547806860578,1.0,0.4165581413590748,0.9569940428704962,0.6458549738450904,0.8093814415695916,0.842738740152076,0.7239931018329736,1.0,0.6814280865582988,0.4839124018884482,0.5360724113301372,0.520476328213475,0.2853611466405364,0.5358508067085995,0.12560599549749935,0.5279269721586257,0.0,0.3143956426459846,0.534969804437999,0.3541420846467984,0.4923775456162295,0.35376439500531925,0.6851675156521115,0.3315805213332876,0.7794226209477904,0.15450722385366977,0.5690217157557127,0.1851222441745883,0.5315043243455274,0.21960966187364261,0.6962281435174925,0.21895605877133206,0.7803501628243386,0.0,0.6179420451554225,0.04151036636483525,0.5570779429053452,0.09273967162964451,0.6869696258414125,0.09977026821651461,0.7678390683312306
images\L\L.c41496f7-c0cf-11ed-bb5f-8cc84b59e01a.jpg,L,0.18655847857965271,1.0,0.3971069732091221,0.9641577272706254,0.6370094758914109,0.8189153835364403,0.8417368622501011,0.731566365093172,1.0,0.6971387938533057,0.4700359505744499,0.5378817343464449,0.5163776248808658,0.2877963179227548,0.5368572924780952,0.12686663786056648,0.5359241272875576,0.0,0.30740366352729415,0.5360953108566971,0.3448553828173079,0.4952976010957964,0.33995553363444714,0.6795694703976218,0.31631625965687393,0.7794573629471004,0.15262647647871355,0.5691901289954977,0.1831810490759791,0.5365954786068465,0.2200232149482875,0.7002394742561321,0.22671951935258908,0.7942101279987587,0.0,0.6167158271366822,0.0453423424144366,0.5719774017685438,0.10259937545660391,0.706611924800665,0.1232306994757216,0.7943169948626838
images\L\L.c54b8431-c0cf-11ed-a8bb-8cc84b59e01a.jpg,L,0.1940242799912634,1.0,0.4023091150880433,0.9565733682235735,0.6360685088031458,0.8104522061091299,0.8415103960339337,0.7246483338912365,1.0,0.6867574607826766,0.4706016756724946,0.5350850546388078,0.5103747059002425,0.2869104561548763,0.5249401728913585,0.12668032303496568,0.5227907810760308,0.0,0.3080190641021945,0.5329527203521784,0.33026242565304265,0.501136496493727,0.3307667941477456,0.6851645332570077,0.3204203281436435,0.7859473957106065,0.15117981546511505,0.5671552384268215,0.16888820516304295,0.5358799698654864,0.20847244279841176,0.6959157616978356,0.22183050611818336,0.7900884394807551,0.0,0.6177087497712683,0.02938548801107794,0.5675098532065151,0.08429293027036443,0.6962071445844981,0.10694014208419912,0.7829659474318431
images\L\L.c6811edf-c0cf-11ed-b34a-8cc84b59e01a.jpg,L,0.19396227226354693,1.0,0.41232288250538435,0.9408981587838839,0.6439397966642302,0.7881993527175385,0.8426772543026114,0.6924360477415299,1.0,0.6484348279086687,0.4669399569250253,0.5248496462089295,0.5017519241067415,0.2761861243517785,0.5095273088303698,0.12301974863930314,0.49940410345811526,0.0,0.30590365590052887,0.5270481132131426,0.3345936607083527,0.4920063383859852,0.3322700746189897,0.672042399571378,0.31198203515574613,0.7669951186915167,0.15143961099623582,0.5653957438311451,0.18042590283505255,0.5372199771849737,0.22040588977966094,0.6968702983549061,0.2328030394827876,0.7836304163445741,0.0,0.6189742332549767,0.03718480414958195,0.5757465298028694,0.10333107925873519,0.6987482379642829,0.1332341801096809,0.7774000260969105
images\L\L.c7b6a3b7-c0cf-11ed-bd6c-8cc84b59e01a.jpg,L,0.18731996462365502,1.0,0.40732839284377576,0.9543852859026541,0.6458123667495627,0.7999972391127735,0.8446223163267852,0.7025877693718419,1.0,0.6595340338147332,0.472357180681157,0.5255540563824299,0.5109549038735355,0.2803389551473419,0.5225646978772213,0.12511829634852215,0.5181390901878963,0.0,0.31040009885731873,0.5247114745029509,0.3327883506789113,0.5000191728279615,0.32994204410478084,0.6806990464202285,0.3138765416256246,0.7764103148791882,0.15468338527699257,0.5609207661155288,0.1748893301030437,0.5467131893206837,0.21254224506713465,0.7096132048123287,0.227320938938575,0.7995399032564665,0.0,0.6113892733395948,0.03423132691790525,0.5757738281184094,0.09416456654273857,0.7070757449410576,0.12291873857110776,0.790213728460606
images\L\L.c8ee5b73-c0cf-11ed-9fb3-8cc84b59e01a.jpg,L,0.19840229041893245,1.0,0.41136209573809557,0.9555235881114189,0.6463885396332315,0.8028130214017889,0.8460734042043377,0.7068874978162354,1.0,0.6606973262535448,0.47537865267673224,0.5347487794578023,0.5089976056627339,0.28386740820450934,0.5212969946603156,0.12606441741251448,0.5154812665628544,0.0,0.3125450268038113,0.5357112985105894,0.3438288994380337,0.49423882596719354,0.3425596481491461,0.682564132340103,0.3255163255781675,0.782926247201392,0.15558738018619794,0.5692135096442466,0.17817818395056303,0.5343975866171228,0.212196027440326,0.6998475265460095,0.2184814361808004,0.7916244727950883,0.0,0.6156331203752469,0.03424552525786203,0.5546485986945244,0.08780343566816844,0.6865704932021293,0.10537847967835824,0.7743912124542752
images\L\L.ca23d0d4-c0cf-11ed-9b90-8cc84b59e01a.jpg,L,0.19953916977970018,1.0,0.4163286022061936,0.9588790554176944,0.6506955455182771,0.8023189040002643,0.8442298383326633,0.7042690988963409,1.0,0.6635741861718081,0.47716619989245584,0.5356849246300278,0.5132232748257931,0.28384841750504997,0.5308213003689087,0.1254072467324809,0.5294487908779208,0.0,0.31151606080702293,0.538491027041453,0.34074234655332053,0.48980023939545125,0.3467460399807004,0.676490381951573,0.32940267234975285,0.7882518822727681,0.1551669518335567,0.5730955096833544,0.1791156446750853,0.5296957960271566,0.224334881269447,0.6954103616244284,0.2366377580951036,0.7995236002237375,0.0,0.622650959452283,0.03970473884643714,0.5642226313419322,0.10231606538336964,0.6944544253255757,0.12740983117620394,0.7876528151462682
images\L\L.cb58fd89-c0cf-11ed-8779-8cc84b59e01a.jpg,L,0.20298521907703915,1.0,0.4193008219524407,0.9633486348608429,0.6558499055391674,0.8099106112301153,0.8486139983744638,0.7117358586986774,1.0,0.6636283019347095,0.48060861810665534,0.5382352468621676,0.5140855766752355,0.2854298948346072,0.5259081423953845,0.1251385766936158,0.5221285240112227,0.0,0.3157419249073415,0.5378797027319369,0.3546953403602054,0.5032063757458782,0.35517687827934136,0.6874489812313126,0.33679903692416174,0.7966849915286169,0.15751129036558761,0.5730645779053682,0.19141329799158394,0.5392321697987548,0.22958337489346614,0.7013887989086972,0.23760222558214636,0.803924409037455,0.0,0.6220596992801527,0.04902936927025674,0.5744748338504962,0.10866225092312873,0.7045081026226822,0.13099253497717236,0.7958580663685831
images\L\L.cc8e30ac-c0cf-11ed-ae10-8cc84b59e01a.jpg,L,0.2031211573833632,1.0,0.4210069983256504,0.9530107079940761,0.6541399492273713,0.791430622117516,0.8471680627437177,0.6920517084622457,1.0,0.6524381593553561,0.4743899545309189,0.525721861354745,0.5129974236544507,0.27726259574502254,0.5249973875117562,0.12259505417600808,0.5197832145469631,0.0,0.308121774166302,0.5251699488888268,0.3476347749292271,0.49410530719282153,0.3454233920233073,0.6799891707891214,0.32396720286187286,0.785302991658729,0.15259131333908998,0.5589352652563965,0.19189472575944838,0.5390891048018042,0.2277080110282361,0.7042389044244388,0.23497544261050826,0.8023126024559213,0.0,0.6069773972088525,0.05615533658669965,0.5698276975167891,0.1135112391994236,0.7023149860039842,0.13445730565641026,0.7905518958957979
images\L\L.cdc80980-c0cf-11ed-b008-8cc84b59e01a.jpg,L,0.19176016414464434,1.0,0.4025228552695928,0.960818923574038,0.638453611804897,0.8086170850750143,0.8428046506591528,0.7145053199855252,1.0,0.6676319063590482,0.48731988175429786,0.5302843420697627,0.5252753559726335,0.2870201559744825,0.5416313163104263,0.1256703207335583,0.5407791397002448,0.0,0.3201490882682034,0.522156739138496,0.34701456573500383,0.49498894573371816,0.34183804400380613,0.6800137075459273,0.3244613359321051,0.7909670852668176,0.15877377001583776,0.551218782406774,0.17859773416611435,0.5346779174248226,0.21357366419283585,0.6976923499874049,0.22584088234489175,0.8000647016626793,0.0,0.5979459140132805,0.03418741380561806,0.5605465628200719,0.08887743927374007,0.6920034626897734,0.11416449606554997,0.7813324194969382
images\L\L.cefe2f7f-c0cf-11ed-b3c2-8cc84b59e01a.jpg,L,0.23304289634762854,1.0,0.4406905732524712,0.9425892855784334,0.6534188458700451,0.7913587860904335,0.8390378996653711,0.6859339172350063,1.0,0.6337415978970208,0.48657743933109865,0.5143717613262605,0.5163031103441822,0.280839071674446,0.5171470344783721,0.12612854323650047,0.505456625700105,0.0,0.3151508713157467,0.5078699423181968,0.342502442925679,0.4975323062222603,0.34449452536547615,0.6777332922854075,0.33229527152468735,0.771442258095765,0.15295746555309553,0.5447172181678661,0.18139703833398454,0.5425774175208034,0.21290596606467063,0.6929982010256234,0.2238811946402292,0.7699747271234314,0.0,0.6022118712021581,0.02840748258963437,0.5754575161575489,0.08145228135875042,0.6869802335978625,0.10672651599092547,0.7531956266714815
images\L\L.d035d09e-c0cf-11ed-9b4f-8cc84b59e01a.jpg,L,0.2099243630282889,1.0,0.42130806700952766,0.9489016745532024,0.645891675940702,0.799162407144612,0.8457467207535827,0.697742223499608,1.0,0.6467681226924514,0.47795230068373856,0.518306183123311,0.5141287160601978,0.2824941676405187,0.5164807828808539,0.12797237810741863,0.5046465508074457,0.0,0.31004056518703094,0.5097184907743597,0.32135175318615417,0.5023659607283156,0.3203313853700446,0.6836228661382101,0.311149418624515,0.7744434748794249,0.1501466634778573,0.5397330359363414,0.15695218666972752,0.5424533278414742,0.19459734819533478,0.7009121023388387,0.2150346475911373,0.7822430618261731,0.0,0.5870471904358666,0.02120622217069625,0.566952906211409,0.0751383043698077,0.697162592849063,0.10519212896405027,0.7738899035728373
images\L\L.d1697c00-c0cf-11ed-a870-8cc84b59e01a.jpg,L,0.20435849150106547,1.0,0.42653601826155907,0.9435565882211316,0.6507225178403291,0.7939121140704826,0.841189324297537,0.6897108295737467,1.0,0.6407148998498516,0.4806485857822489,0.52093086977786,0.5058385651543684,0.28255704607052895,0.5018039716413103,0.12694567105661467,0.4848239119257644,0.0,0.31388506460924726,0.5105801490805991,0.323315505909609,0.4957766037446943,0.3229910658977154,0.6762951874437447,0.31837069942762275,0.7671480717186578,0.1532773861440111,0.5383349392480693,0.15746548856484463,0.5458670403335601,0.19315485777293226,0.7024006620431769,0.21914335447742703,0.7812006231587176,0.0,0.583773847581986,0.01060856893304921,0.5813775675957467,0.06479779411764706,0.7031015393108284,0.10217092181228009,0.7695992533377927
images\L\L.d29e1a54-c0cf-11ed-ab6a-8cc84b59e01a.jpg,L,0.800253660727501,1.0,0.562027667174377,0.9783201252815734,0.32288006637905325,0.8349267799129533,0.1428968798782662,0.7364506581726254,0.0,0.6777844947938514,0.5225297972974451,0.5427337322199147,0.496810830634983,0.2907139477319572,0.5054538150092197,0.13116318100736035,0.516256816357362,0.0,0.6828136289962137,0.5452280348284336,0.6543553597950299,0.4753777955306668,0.6527276001682808,0.6614355326786359,0.6630450078270995,0.773542178276226,0.8430726706267585,0.5823635030985899,0.8178637231620169,0.5211962007298325,0.7868469730962139,0.6967451987848821,0.7666926476303246,0.7943211155802599,1.0,0.6427643982739113,0.9853082389791742,0.5547013062860039,0.9257916598919299,0.6754044574183773,0.883060144351109,0.7563640607519921
images\L\L.d3dc2fd8-c0cf-11ed-b5f7-8cc84b59e01a.jpg,L,0.8240027391937403,1.0,0.5758260981337581,0.9755582172250454,0.3265550354108015,0.8405193437575978,0.14438055290640422,0.7459121579460529,0.0,0.690722374779306,0.5116995633394229,0.5386872665963628,0.482726384242101,0.28986923181334767,0.48546742479590865,0.13354814796031758,0.4880289550803253,0.0,0.6776800772411267,0.5310933047742495,0.6495494144493209,0.47129250239525394,0.6571586553129499,0.659991527736966,0.6687282029840074,0.7773047762382854,0.8414303791951291,0.5607922162574971,0.8203848316038541,0.5046013238408189,0.794958273096434,0.6841854570422952,0.7762559624372914,0.7898013642133399,1.0,0.6155444647135714,0.9821287554028528,0.5320374847919398,0.9246112272961986,0.6584526982715887,0.883667003279202,0.7453709573408629
images\L\L.d512f5fd-c0cf-11ed-8673-8cc84b59e01a.jpg,L,0.8451922660853398,1.0,0.5909800340499947,0.9933760562125422,0.33614521830343885,0.8598659905498972,0.14699839299542966,0.7607528817334748,0.0,0.7016707010746819,0.511641084407281,0.5513675455656886,0.4792350240453841,0.29137498732375305,0.4849296693032285,0.13222114110224223,0.4914837710443739,0.0,0.6761818645729352,0.5414934560406605,0.6719916411888551,0.4741630127031388,0.6822122350195691,0.6646423627041504,0.6849607052317921,0.7822500372904713,0.8399008640820304,0.5668884240198638,0.8347997063523682,0.5053158556319042,0.8141962515163588,0.690079804749983,0.7909771244316919,0.7926016459077807,1.0,0.616661998289225,0.9895119451022172,0.5395680487954141,0.9411999713514505,0.6718890919182784,0.9020227069596578,0.7553885830462879
images\M\M.57db4375-c0d0-11ed-9070-683e2670f3d6.jpg,M,0.07059292285558179,1.0,0.0,0.7372348914611039,0.04778227465176475,0.4475647301544006,0.10301735322224402,0.20758887247804123,0.13178433779926713,0.0,0.3283081030223634,0.4055335830748383,0.5479188685175926,0.26912771347240316,0.7001833205705088,0.18336181856695577,0.8267219792714853,0.1280912765543797,0.42051133570869537,0.5412267898544206,0.6732068231536623,0.37414885251419666,0.8463284729122235,0.24151667184140352,0.9928683762522862,0.1425221183728306,0.4716578276195961,0.7026486914686484,0.710145707155409,0.5248178444270986,0.8640540321032502,0.40209272161173226,1.0,0.31351534865635783,0.49139485014756357,0.8914866390229323,0.6843476614497302,0.8310719249730866,0.8180664637272088,0.7817513630837176,0.9361555524615375,0.7459133603967234
images\M\M.59147ac0-c0d0-11ed-ba42-683e2670f3d6.jpg,M,0.0667135631624617,1.0,0.0,0.734217090479372,0.055675932376616485,0.43409667009253206,0.1261820294080072,0.20087025223098012,0.18688501469709795,0.0,0.36155312482320856,0.4272397882893843,0.5742375423934317,0.29455006436843356,0.719890072559866,0.21929659434513055,0.8480269341882891,0.1743432087790564,0.4392622208222035,0.5471465762792629,0.681611217337237,0.38913373181261623,0.8508885323326859,0.26976358157090446,1.0,0.18372032126338575,0.4797346846465193,0.6886056915069069,0.7083294710346189,0.5256487557028297,0.8597548651019686,0.4164131919606608,0.9935511784902586,0.33646624885718635,0.4903173388571509,0.8579297920486582,0.6775119129228486,0.7757160461429794,0.8047781305270159,0.7170710929821831,0.91637222449017,0.6705268995992918
images\M\M.5a48f7ad-c0d0-11ed-9007-683e2670f3d6.jpg,M,0.07680543258715407,1.0,0.0,0.7455405279222029,0.04568216522392352,0.4433757245093472,0.10645870265365995,0.20465084009437726,0.14223465891240658,0.0,0.3606792328011578,0.40302672892408764,0.5713054295982747,0.25958626740817753,0.7109299333612739,0.17725889638270892,0.8330170213359493,0.11673109937626076,0.4506886045984905,0.5172784165985476,0.695729688406004,0.34555502984631614,0.859352635294946,0.222377355714984,1.0,0.1292017108097238,0.4945616343458107,0.6509465113743599,0.7099639275469072,0.47834831430781743,0.8584251528147605,0.3658204254906267,0.9876483563488115,0.2783096598985804,0.5080498491944306,0.8088054326920319,0.6969688113758078,0.7149688547705332,0.8221390944758203,0.6607642618338048,0.9291632931074449,0.6175842611347913
images\M\M.5b803039-c0d0-11ed-850b-683e2670f3d6.jpg,M,0.09998930657711823,1.0,0.0,0.7544213021624986,0.03225683446498484,0.4454490322149833,0.09518168733370967,0.19983147300475587,0.1289806404835306,0.0,0.35636729779966936,0.37377388263974903,0.5625312409592912,0.22116198788510388,0.7042503178322912,0.1319201294795258,0.8264979703220212,0.07069513143627802,0.45426848559855676,0.48581423059681766,0.6975184351018375,0.29646273933269,0.8597865681213867,0.16463401618056198,0.9989839866683136,0.06682349876054115,0.5071592051719693,0.6235000741650142,0.728435137758642,0.4357550354213202,0.8733301888591113,0.31278205283285726,1.0,0.21619320560895497,0.5305089986396971,0.7934695926178718,0.7207402943371556,0.6875649628052876,0.8446914339603768,0.6189196319444863,0.9498345835243367,0.5609398321954979
images\M\M.5cb42366-c0d0-11ed-97de-683e2670f3d6.jpg,M,0.09956112237113542,1.0,0.0,0.7518247696476037,0.031192022786878586,0.4494533532476879,0.08474801495050355,0.2073912936859748,0.10933261033444529,0.0,0.3475918720179117,0.3761531876939326,0.5482847208742795,0.21567981687005883,0.6865811105443482,0.1267033702136687,0.8093977253747783,0.0657341935513305,0.43846769752314574,0.4911072597859492,0.6824730511756819,0.2982713519006746,0.8501188885528436,0.16421244487481956,0.9981520644966168,0.062346415102517296,0.48668668267646514,0.6335633293014179,0.7154642013984499,0.4386923591495681,0.865437004301881,0.31339046449148533,1.0,0.2136587265876594,0.5052123066297719,0.8051863434975242,0.7003119766533803,0.6991207344815453,0.8272888444506638,0.6301473217417191,0.9405365389042617,0.5700720669240934
images\M\M.5de92b17-c0d0-11ed-9366-683e2670f3d6.jpg,M,0.1122510894466406,1.0,0.0,0.7495238949992328,0.021922773951565697,0.451520669818504,0.06732165957231541,0.2040138155856714,0.08308239324145607,0.0,0.3264437426376533,0.3630670484385088,0.5311114162444985,0.20582935493490287,0.6712670824510562,0.12025523512841373,0.7925100995136335,0.0611328085418072,0.4231045073822205,0.47262939083458066,0.6716622462474616,0.28450726244691044,0.8390639792445058,0.15088779324101712,0.9854954362484011,0.048886096691728886,0.479615242858072,0.6159252707675293,0.7123632500560081,0.42558662679100306,0.8635201954138452,0.29760774969818216,1.0,0.19633620627260015,0.5111450933346824,0.7919523923950585,0.7091357417993395,0.6907520692979586,0.8346301662896664,0.6213313569209657,0.9475744545539954,0.5593204538414103
images\M\M.5f1ce645-c0d0-11ed-9f50-683e2670f3d6.jpg,M,0.09634537273963872,1.0,0.0,0.7642212573864101,0.035568183916484204,0.4510371923572624,0.09146528092911711,0.20293588386009978,0.11110539129422732,0.0,0.34947254273402645,0.3704062221593409,0.5546893141572742,0.2065724404278978,0.6948749383798531,0.1165251099256993,0.8181753833878239,0.05496091530691874,0.44458886982076024,0.4759359988150794,0.6866165797223415,0.2861735134884194,0.8539553559588151,0.15487033299362662,1.0,0.05641719593855214,0.4979971004258715,0.6080667998965406,0.7166116724924867,0.4229754659545353,0.8612605257842195,0.3036964105307604,0.9905464483014662,0.21058536402041778,0.5224996768614321,0.7705026074884327,0.7101721223461371,0.6697722012331132,0.8348154808833461,0.6035199988504502,0.945476871391969,0.5495041461166218
images\M\M.6051e433-c0d0-11ed-bd78-683e2670f3d6.jpg,M,0.10176984861691116,1.0,0.0,0.7727845027812529,0.03631628015287268,0.45109650251021716,0.10122758409951428,0.20173839283361544,0.12947740623729923,0.0,0.36448976434725594,0.3626999672498535,0.5694351402166489,0.19749216694293067,0.7031509012277755,0.11603489835534034,0.8220989736605396,0.05534046977010903,0.46017594625021624,0.4622240235499904,0.6968719482246714,0.2703166976810136,0.8577613385624688,0.14155792823326135,1.0,0.04349997427670486,0.5093662256121043,0.585119889377283,0.7249950870944052,0.40507915873531736,0.8700861036244534,0.28276978403725234,0.9990903950030762,0.18191087693850125,0.5316195697360643,0.734700725145964,0.7204465154721678,0.6309452495347848,0.8438677235358379,0.5660630685005076,0.9512131392004496,0.5095044438560851
images\M\M.6185fe62-c0d0-11ed-8259-683e2670f3d6.jpg,M,0.10498395126048395,1.0,0.0,0.7600454935965736,0.025191742711226664,0.4515786941305785,0.07833194560944433,0.2034859297286598,0.10191475068753288,0.0,0.35092216144137944,0.360170624676249,0.5537110800901185,0.1904321839032053,0.6890302738669125,0.10400619496232907,0.81132130464916,0.03944340095430215,0.4504854417908448,0.46564343801457986,0.690887516454407,0.2647719950642448,0.8542461128083598,0.13162847282176113,0.9989173791888499,0.02650309958686213,0.5031406653171507,0.5972508538603754,0.718844804639211,0.4060345608146523,0.8668897674537224,0.28114300424087496,1.0,0.17733869303561578,0.5249917815544171,0.7559172734585241,0.7109786382070701,0.641385749059806,0.8345114740149986,0.5701673713734623,0.9435790048352205,0.5099815330320782
images\M\M.62ba0326-c0d0-11ed-8c27-683e2670f3d6.jpg,M,0.10522169728769215,1.0,0.0,0.7647924883137266,0.02989860514398534,0.4526134633987945,0.08759850216691127,0.20230870703476456,0.11494807149163432,0.0,0.3529922877012414,0.3803259303356041,0.5576705889166674,0.20602558465191478,0.6949631885988529,0.11045967136372553,0.8148558663707037,0.04328771571406344,0.4507705653722556,0.4872887169114414,0.6886267620362237,0.2895378932913011,0.8506556831915423,0.15128687687301706,0.9922774888702641,0.0496101418588447,0.5031745785263493,0.6240506551754463,0.7218656519207022,0.4334416159866868,0.8690309564948792,0.30537223571433403,1.0,0.1996057447081983,0.5271051019467438,0.7886815989392719,0.7152578280972548,0.6767060606265601,0.840568938191792,0.6015147845734425,0.9514878795242379,0.5362469980990779
images\M\M.63edd134-c0d0-11ed-becb-683e2670f3d6.jpg,M,0.10774050858848845,1.0,0.0,0.7621078179521465,0.02531389699511879,0.455231660093164,0.07616975437814763,0.20741989975017563,0.10268807110221713,0.0,0.33575147956304136,0.3571492428837028,0.5428056897044407,0.17861035399787978,0.6821405993010234,0.08244342253319817,0.8036555100315129,0.014605923712786406,0.43518455470943074,0.4657591057313916,0.6787274831915427,0.2606197432443395,0.8437650374402883,0.1217528212163638,0.9876156307042557,0.015883741990526872,0.49177846426299343,0.6028625778321293,0.7186632208818888,0.4026816248572767,0.8669309220057385,0.275317826599701,1.0,0.17255071953502976,0.518635813388589,0.7671343814515199,0.7112822860698423,0.6527844076921846,0.8368527650656455,0.5752875298070221,0.9491343135263387,0.5091414639476445
images\M\M.6521cecf-c0d0-11ed-8282-683e2670f3d6.jpg,M,0.11945209800694107,1.0,0.0,0.7489967890863195,0.018112703706892018,0.4445363221726089,0.06696104877525988,0.20087649029917332,0.08724926438174846,0.0,0.31765795787866935,0.342311735905471,0.5335683421565155,0.1684999467218862,0.6814179334283537,0.07133982987586926,0.8064418377716934,0.004823774291263174,0.4223182504389444,0.4587594009739878,0.6734897799182717,0.2590730305026638,0.8453040892459631,0.1182788643254686,0.9926842598781991,0.01394899411792203,0.4866303224356489,0.6059797496712581,0.7181901797779944,0.40918723729316986,0.8669312369537171,0.2788437110485452,1.0,0.17837860908410713,0.5241389092224257,0.7825747759052851,0.7182817529119968,0.676065293707579,0.8462169318435896,0.5992548032324572,0.9616582999057692,0.5329605704213268
images\M\M.66561944-c0d0-11ed-a442-683e2670f3d6.jpg,M,0.11152854287595691,1.0,0.0,0.7531830352990984,0.019776663852845874,0.45177505390405737,0.06530907065591032,0.20422092019460805,0.08372277193257273,0.0,0.3185204524159697,0.36208748918067546,0.5323850467181277,0.1880999126466136,0.6797471622472275,0.08999538413523285,0.806289034511367,0.02236440683284921,0.42104070757439943,0.46993868146025647,0.6741926219878338,0.27163679477545727,0.8480069736342091,0.13414650149972812,1.0,0.03008670864878404,0.48260304530831644,0.6115056562886736,0.7162682354442791,0.41210372173353393,0.8648867074525639,0.28870436841105274,0.9988361805138559,0.1929169013112137,0.5182904153141471,0.7848322341413093,0.7163567112526724,0.6746848060452423,0.8461425997963606,0.6020006264795444,0.9648382633214109,0.5388169122089909
images\M\M.6789cf8c-c0d0-11ed-bcc7-683e2670f3d6.jpg,M,0.11460452840401031,1.0,0.0,0.7524245328686775,0.02508003732982913,0.4481073847545077,0.08922596404004726,0.20424034534448066,0.1164054555117995,0.0,0.34179280828844966,0.35538186713405934,0.5462525789806278,0.1842476778138066,0.6858016915601943,0.08486905612417987,0.8084684028664175,0.01565847114023319,0.44399590990063514,0.4692640675362618,0.6857467291062463,0.26997313898678504,0.8501846264157366,0.1274524002433513,0.9934321262518256,0.018754529339285217,0.5033037456772868,0.612383491566805,0.7262275529292617,0.41435664423782514,0.8707947096545596,0.2835379221515267,1.0,0.18330061470724573,0.533027273374039,0.7889437652058936,0.7220096728339004,0.6741011025502283,0.8462368156372366,0.5958392512898817,0.9567071631143345,0.5300745277655982
images\M\M.68bd6881-c0d0-11ed-b9b5-683e2670f3d6.jpg,M,0.1197314757474377,1.0,0.0,0.757966640715054,0.009906815341939691,0.4586519283515407,0.054916580859585416,0.21314783890926198,0.07402196416989436,0.014841663067370569,0.3091961494912037,0.3561938612973422,0.5185817463603751,0.1775632261064053,0.6623096456930953,0.07355934161767497,0.7863071685861802,0.0,0.41711592933649444,0.4599666572213801,0.6654085211012133,0.25843872164006854,0.8374223430646502,0.11908846565446207,0.986870747052939,0.014236981323092075,0.48321891982015325,0.5943531858584803,0.7120385197454003,0.39697329001339765,0.8650439906338975,0.27443692795263785,1.0,0.18041716988035664,0.5195851945225156,0.7559514934098494,0.7155284555824682,0.6425219465360099,0.8447569247230661,0.5692231297644822,0.9598521064569676,0.5079180846059252
images\M\M.69f1fa4c-c0d0-11ed-8928-683e2670f3d6.jpg,M,0.927869948373141,1.0,1.0,0.7449282964616553,0.9279531543526414,0.47531709516314696,0.815557536747577,0.2682498696331728,0.7417027654310749,0.09617279139096233,0.6376508963759063,0.3997675868000526,0.45428561691701486,0.19873611352531162,0.3291476367884684,0.08583760894517364,0.21632785253095124,0.0,0.5387251829399553,0.4979575269276159,0.3263891066350334,0.2709825200258427,0.18213356541128795,0.12829332286435596,0.05932205034377109,0.017286890958641436,0.483679933560502,0.6421231447546167,0.2874580706038143,0.4305850444697714,0.15672268396888028,0.2979202418961531,0.04930505814392313,0.1934258499881463,0.4650660341922785,0.8253997618799075,0.2628365565266665,0.7674160688498542,0.12612685119260825,0.724002072553152,0.0,0.6811735083193415
images\M\M.6b25db9d-c0d0-11ed-b847-683e2670f3d6.jpg,M,0.8934802806808508,1.0,1.0,0.7602511995207266,0.9573664778378125,0.49324639965480904,0.8641774748346466,0.2858333972245649,0.8012857262626639,0.11660402354287874,0.6548989913126887,0.3910281555284934,0.4879953220533493,0.1977399442630726,0.3739538275617645,0.08658168241362649,0.27275953370855544,0.0,0.539299509363271,0.47632740719872907,0.3512209598103592,0.2596269227546095,0.22230322085257254,0.11710861568800159,0.11290854162521302,0.005275261255703407,0.4675442296134917,0.6063040140929199,0.2929655593336033,0.39909271479489133,0.18368061655542148,0.2723232991411235,0.0937954572689137,0.1720159971757104,0.4323708951519551,0.7739097332793675,0.24319234743248616,0.6954077657266038,0.11593740268276242,0.6427503213877532,0.0,0.5924778772896091
images\M\M.6c59ac46-c0d0-11ed-8667-683e2670f3d6.jpg,M,0.8847989105527734,1.0,1.0,0.7514802212554138,0.9586006195221914,0.4838380089625754,0.8589166731967013,0.28430230564211106,0.7914633451348868,0.12665496534514406,0.6396815213080965,0.38718982924072876,0.4490067372147859,0.19823839176645044,0.3237701718705106,0.09761417158236489,0.21999894332167425,0.023009672983583855,0.5232503365936015,0.46063807722708894,0.30319024840251607,0.24594679450748297,0.15579649651771063,0.10512020596938876,0.03469960208343722,0.0,0.4529524364152722,0.5740337223430733,0.24894777397056972,0.3717306932277683,0.12237622467830675,0.25258564093519115,0.01682296452885207,0.1553248361978299,0.4193826416245776,0.7194816388055997,0.23304394891375843,0.6077082965880808,0.11216785127430658,0.5321600574205813,0.0,0.463751829097014
images\M\M.6d8db397-c0d0-11ed-913a-683e2670f3d6.jpg,M,0.8880420363497777,1.0,1.0,0.7560481229863082,0.9548309824438372,0.49001092762068055,0.8529429803701016,0.2975270661742881,0.7873289197017617,0.14435486411777287,0.6248335244672648,0.3968954530153766,0.4429052666173692,0.2035236187504042,0.32701893170983287,0.09750476321553944,0.22346160329544987,0.017737070502222833,0.5092660418457945,0.46483304286976895,0.30357144648076334,0.24501334031993552,0.16460191874551336,0.1039842287404715,0.04257623080801243,0.0,0.43847882849365244,0.5744502196302518,0.24388280770537832,0.3745388096355415,0.12147573910584808,0.25135994156458985,0.015614118529267793,0.15267681105828784,0.40035804342115466,0.7199465558096305,0.22121582781822258,0.5997702961070144,0.10812664445578518,0.514108072344497,0.0,0.4391523051641713
images\M\M.6ec19fab-c0d0-11ed-87f0-683e2670f3d6.jpg,M,0.8946976533297383,1.0,1.0,0.7743120193698224,0.9285768589571375,0.5346429962713563,0.7875508779719479,0.365310091950221,0.7100446082265436,0.21831828524712749,0.6394658543921276,0.4270245548083985,0.4804995240872634,0.2250587670941896,0.37703659257996014,0.10877007271521612,0.28104882620660165,0.014442517982848395,0.5219663074698265,0.48644222169793205,0.3361603083881632,0.2577845334570728,0.21099641411571943,0.1117350773907175,0.10122294356482983,0.0,0.44615805582724116,0.5909822001741654,0.25844597737310193,0.38840405110836423,0.1402184118478046,0.2667832080131745,0.03935150686376973,0.16750130702406885,0.4016320040847691,0.735945670125153,0.22303796009712293,0.6212935971888989,0.11001008540969955,0.5398987222908938,0.0,0.4680049521907448
images\M\M.6ff5be35-c0d0-11ed-9073-683e2670f3d6.jpg,M,0.8985024143406564,1.0,1.0,0.7729167791157793,0.9202773296690108,0.5204581077087831,0.7758559709582724,0.34703542834868556,0.7035435163918976,0.19316219786017302,0.6089085211645558,0.40414011554973284,0.42730302888241206,0.21132571360644414,0.29769330919414144,0.09724655265149232,0.1781180962044188,0.010414135467769757,0.49839332500898215,0.48409894289783306,0.28492993519805804,0.25754686686494116,0.13904913707965447,0.11083873631629938,0.007091973705736197,0.0,0.437109552883524,0.6006714813438784,0.23019891490351294,0.39583984838114233,0.10994994690454159,0.27259870126787994,0.0,0.17333468027243173,0.40688503855767094,0.7548120694424113,0.2395678366212186,0.6075461212879454,0.14797434844509771,0.5004430407528185,0.05959273186491986,0.40510495518872236
images\M\M.71295109-c0d0-11ed-aa96-683e2670f3d6.jpg,M,0.9060857361032488,1.0,1.0,0.7709829735340853,0.9076232628940998,0.5280673237994403,0.745876889482768,0.36361512498943716,0.6811542672632614,0.20271638905043818,0.5997149226721022,0.4196658912301108,0.4182956003629375,0.2237472060258711,0.29572849017005876,0.10696965027479947,0.1811420079389693,0.012917729163870621,0.49532712219856184,0.4977362389007358,0.2866465982680918,0.26740921344553964,0.13936019393559282,0.11628068815023586,0.002315475071874612,0.0,0.43709656158619514,0.6132858129905506,0.2361201198569925,0.40479652246529174,0.11372721504661042,0.27371874849842015,0.0,0.16581294084313813,0.4065978222982121,0.7672354444096492,0.24036776435657187,0.6132692438333739,0.1510981318557581,0.5024420866533782,0.06264234170772003,0.4047246537460379
images\M\M.725d736f-c0d0-11ed-a04c-683e2670f3d6.jpg,M,0.892686873563602,1.0,1.0,0.7671029600746747,0.9202081084987822,0.5173050104767644,0.7573301683334046,0.3454294726951015,0.6953378962793496,0.19061967790532722,0.6104486754677987,0.40347029081573627,0.4367547503764038,0.21375087237256726,0.3206643421412471,0.1055816501328826,0.21160504037820896,0.019488689116895642,0.4964473378712861,0.47681178771790655,0.2953953960132248,0.2551754552198669,0.1559930213946101,0.11131453224450732,0.025923304681763053,0.0,0.4313303751373772,0.5864240790171539,0.235677358066296,0.38939974547247447,0.11411815059946863,0.26701815903367454,0.0,0.1632204408244237,0.39601208180202,0.733033675343465,0.24204096166438033,0.5898229627949428,0.15351045933570207,0.49112160054604403,0.06499302512835906,0.402333251918805
images\M\M.73918d0a-c0d0-11ed-9d08-683e2670f3d6.jpg,M,0.9414943589912065,1.0,1.0,0.7015704642275494,0.8810395665617986,0.4076929612409865,0.7295118621221764,0.21336401508867264,0.6582928004355688,0.048082371155858686,0.6092895516903889,0.31656361278530215,0.40371571542006507,0.15756623682740623,0.2624479281375206,0.06565759781029398,0.14511916345010964,0.0,0.5077120818522393,0.4299361814131021,0.2792681703509222,0.25104838260611984,0.12369998760848754,0.13047534140963474,0.0,0.03723430210296509,0.45394798850029366,0.57574359819262,0.24873305955054692,0.41605017081245416,0.11194088881751321,0.3104598876329028,0.0011004843215471497,0.22081018663363125,0.4440964171305244,0.7594782111507151,0.26702242162049405,0.665465057070476,0.16564868610895506,0.5925550339874016,0.08221696756884427,0.5193585534530178
images\M\M.74c6f8d5-c0d0-11ed-9d85-683e2670f3d6.jpg,M,0.9418914124225416,1.0,1.0,0.7122950470726719,0.880245321452591,0.4186434263712999,0.7108187686708409,0.23485668214644176,0.6427019470757194,0.057955525746911554,0.5968147801174305,0.33683463019216914,0.4015185350602948,0.1573123328650486,0.2701127736495041,0.06513153891216383,0.16094522337995082,0.0,0.5027539181330196,0.45124393195167134,0.2797650139418892,0.24771923391436684,0.12726667823592347,0.1207829888058269,0.0,0.023364091779630895,0.4642263516104222,0.5909450498019388,0.25077564892187865,0.4134870707183091,0.12360643574243153,0.30344381249074465,0.017206267517240727,0.2081701976067594,0.46662353900833065,0.7616979122022259,0.2914066774600858,0.6635009782267183,0.19111261772698473,0.5887511893204961,0.1066169210195456,0.5171636935939535
images\M\M.75fb87f3-c0d0-11ed-820f-683e2670f3d6.jpg,M,0.9359529576733784,1.0,1.0,0.7270681210999642,0.8927119929883605,0.43993257476787023,0.7256474825543722,0.2521243742539194,0.6624039549410123,0.06861869015949702,0.5916776445682727,0.3453557661548196,0.40338665759470194,0.16557455957037678,0.275265574847093,0.07055487672250313,0.16405626478490706,0.0,0.48963392285600815,0.45687474893635693,0.26751560926588214,0.2585250581492516,0.12295873704275806,0.13033937709942026,0.0,0.02745197252391995,0.4441258744934218,0.5922412226254289,0.22976115648038775,0.4277141215664042,0.10880020279576989,0.31854494550479945,0.00881185281380076,0.21848083031740945,0.4397713163094845,0.7588399457932772,0.2535386126254055,0.6643652555817728,0.15780507156555787,0.5860171466818427,0.08034250977385844,0.5060733361810914
images\M\M.772f19fa-c0d0-11ed-a944-683e2670f3d6.jpg,M,0.908487246829817,1.0,1.0,0.720527865344064,0.9042746720992724,0.4350159234180061,0.7417429027135426,0.25059983732360785,0.6688638415529854,0.08610289749262474,0.6175921765341775,0.3280914676487312,0.42497609144285686,0.15805341633172384,0.30017823897908824,0.07645259224065908,0.1944542581712151,0.01385915318183634,0.5158575035279251,0.41259522390951997,0.2876010804567595,0.2187502390425041,0.1325423989784033,0.09660079434355316,0.0,0.0,0.4645113939039968,0.5285285010908838,0.2514170895115778,0.3590936868130981,0.12006209201781266,0.25898927304730957,0.006412603438203687,0.1734809008226462,0.4498775108667051,0.6804588171199479,0.2624705080974728,0.5901077624856681,0.14948500118455882,0.5271879507279216,0.04824271268917324,0.47110199231834254
images\M\M.7862c3f9-c0d0-11ed-be6d-683e2670f3d6.jpg,M,0.9369547577652813,1.0,1.0,0.721481033655323,0.8984978821417855,0.4178296461378605,0.7549322293327142,0.2060363487104239,0.6889095684670731,0.024153675338632257,0.6397012569330764,0.3122613235795609,0.4422419524111173,0.1383550837354123,0.30859935561884955,0.05485495329532615,0.1952029240047737,0.0,0.5521740106946439,0.41607115350883833,0.3121855747212923,0.21973300294447348,0.14576671008276515,0.0997167713897256,0.0,0.013694873482020193,0.5108495061513143,0.5547814972741139,0.28848562351467955,0.3695496745230478,0.153884233297873,0.26636399818007145,0.03177983748062845,0.18051104912115434,0.5058099503382092,0.7314654876901064,0.30828699960692346,0.6451297322372211,0.18728441759036799,0.5858674176691558,0.07129024146331447,0.5271896349547377
images\M\M.79962deb-c0d0-11ed-9c1f-683e2670f3d6.jpg,M,0.9374708159743107,1.0,1.0,0.7435634040373911,0.8993291663495602,0.44077720733584297,0.749168117173096,0.23297095879033747,0.6807364562798132,0.03278061094604418,0.6329448676622583,0.3412372560205826,0.4432714095976471,0.16604769673892716,0.30485344770443545,0.06913049233877247,0.18303472131863924,0.0,0.5362677344358,0.4598586846079776,0.30864246100817766,0.24810490391581577,0.14303474586881856,0.11118161951144881,0.0,0.005833873322814197,0.48862136012903573,0.6196713966350853,0.27817599532564585,0.417763596620531,0.14328515769807698,0.29292009836294397,0.02664210012054138,0.18458102984045205,0.48116215638955245,0.8236972634765355,0.2849369919647263,0.7315171473256054,0.16319523039115802,0.6590955546675085,0.052228972157641614,0.5819314097041139
images\M\M.7ac9be36-c0d0-11ed-bec2-683e2670f3d6.jpg,M,0.9293597404608102,1.0,1.0,0.7455076488304986,0.9064920855777324,0.45154899190178827,0.750123430391563,0.2540503330329667,0.677199267335351,0.06936085018951148,0.6236113135363929,0.34123659891470637,0.43362067356935474,0.1629843119792525,0.298601756821704,0.06663347440046469,0.18195335465901188,0.0,0.5268325567767194,0.4486505123179539,0.29950542110314243,0.23801262474857443,0.13874950262217087,0.10501612279268507,0.0,0.0063916149790619915,0.47871361577165555,0.596450764999924,0.26657472216184486,0.4020978914729769,0.128861580947895,0.2792021233700435,0.010639914085387102,0.17494287774610487,0.4686019055937796,0.7901968278010941,0.2650591381608443,0.695277465139355,0.13973291125770904,0.6188211836782874,0.025665578529214046,0.5398785209806678
images\N\N.14effd05-c0d0-11ed-a9fb-8cc84b59e01a.jpg,N,0.4048647392894925,1.0,0.6375543472151619,0.8690508277240837,0.7885307860346549,0.6906044103745453,0.9010115670108501,0.5418177351389747,1.0,0.43439803745987776,0.5954317426455619,0.4773209475878595,0.6656436296508164,0.28363974286166976,0.693020043989863,0.1633474625303309,0.7050654227435835,0.06354595964900725,0.4344817077359459,0.46401754607714507,0.4237829096509163,0.24007363085944802,0.41398245651286036,0.10586216288869385,0.3969869691583847,0.0,0.2766020328762401,0.49752368168539185,0.24371525431561541,0.29128980401302423,0.2355454518203585,0.1636565127527723,0.2300446893044181,0.05787054427375868,0.12690738272804597,0.5720398560851383,0.05875806699398855,0.42331014863250616,0.023783424864389568,0.3208382809259401,0.0,0.22751348089175943
images\N\N.16248997-c0d0-11ed-b713-8cc84b59e01a.jpg,N,0.3990509013881977,1.0,0.621630867730889,0.8640282420575703,0.7731989621019673,0.6731191605890581,0.8901281771416927,0.5296560989143555,1.0,0.4392233953399982,0.5969945462582397,0.46678508613882946,0.6785684698865049,0.275135753161343,0.7088682110166914,0.15573216360787198,0.7240817257020052,0.05993769910377125,0.4395811702898967,0.4579815105007714,0.4425674552087497,0.22783356058379658,0.4311564121526709,0.09999003074890883,0.40952678404597614,0.0,0.2873982525531723,0.4937077756350811,0.26573710473373174,0.2776692583257958,0.26138927404583706,0.1574554940438917,0.2566467288736291,0.05519295866256958,0.137931774712513,0.5672533294010176,0.06432984404318245,0.4204561070836029,0.026854039391024032,0.32359133270540896,0.0,0.23244953153173736
images\N\N.175b2f44-c0d0-11ed-bb2a-8cc84b59e01a.jpg,N,0.36007521327436126,1.0,0.6177958428598415,0.8740408352232811,0.7742109662864749,0.701599717929416,0.8949968842076008,0.5624423806421085,1.0,0.45246058297732156,0.5425186459005075,0.46508806171932177,0.5194872295937311,0.26868724051723347,0.4808237851123748,0.15511008926374414,0.4341757480615863,0.05970045181209852,0.37519238661012644,0.46154794209319394,0.35481149998805794,0.24295095850222648,0.3210056518519966,0.1083824999937819,0.2794801077825329,0.0,0.2114614260558411,0.4985195325388505,0.1936466496003752,0.2937008495995495,0.1824810392633268,0.16801082173984752,0.1653261594113215,0.06452707677769522,0.047363171116713024,0.5730603380438584,0.01781130240122287,0.4136930310777664,0.0078081106138870975,0.30838999603155987,0.0,0.21634294046919536
images\N\N.1890190a-c0d0-11ed-a661-8cc84b59e01a.jpg,N,1.0,0.8439628489942538,0.942495791561785,0.5898681838368022,0.7498897260761155,0.41492316117887634,0.5810682517792012,0.4421554495252558,0.466533037227884,0.5481073553970667,0.6850492762671746,0.28192977647144246,0.4345314951217681,0.14594788705202683,0.26515408218506853,0.059156014073749284,0.12840614293673908,0.0,0.6331887958729644,0.44416570370716424,0.33879125454926245,0.3116088168628327,0.1500145220755306,0.23152735977611685,0.0,0.17001099265411526,0.6097099585873873,0.6586023850625985,0.3638094812358978,0.7612933620241793,0.4468361139321039,0.8277918836726159,0.5322867971611812,0.8183974702824037,0.613796638584068,0.8986852155275039,0.4267247681407397,0.979514713439575,0.5012415386682367,1.0,0.5798505461090716,0.9734324492117429
images\N\N.19c525ef-c0d0-11ed-aade-8cc84b59e01a.jpg,N,1.0,0.8735567443463048,0.9387557478662442,0.6121723040889157,0.7429504011047972,0.44112938120237405,0.5782376318086232,0.46604587956208704,0.46377987944474247,0.5689662817801308,0.6750631946871205,0.3019389566997827,0.4330031208443666,0.14322125325034626,0.2741998987500053,0.05369113468311241,0.14740085031199787,0.0,0.6184392464171129,0.46115077062229554,0.3274946413427916,0.31348913328781497,0.1467637716933802,0.23088427321279498,0.0,0.1756851926879362,0.5929772469448791,0.6708100519807523,0.3508480490827527,0.7631522485469324,0.4392589064258628,0.820545631267443,0.5271837934717742,0.8127461773228631,0.5952611836851486,0.9072047311215509,0.41402468234483514,0.9835775746557133,0.4862695460839574,1.0,0.5634734090160969,0.9727972078626913
images\N\N.1b012c8f-c0d0-11ed-a545-8cc84b59e01a.jpg,N,1.0,0.8510006914489203,0.929599408454653,0.6087197867615636,0.7345664251001119,0.45644880333078824,0.5715325693934112,0.4840145131659028,0.46003690512394896,0.5832235827381431,0.6687507284472833,0.3127497963439537,0.43656610289103265,0.14425141308653816,0.2771826372874672,0.05522904548044942,0.14981725280699124,0.0,0.625688186532719,0.4585481616629629,0.33512279575082776,0.30576457549312464,0.1506524364630895,0.2227277727142046,0.0,0.15979623906651438,0.6112600381112542,0.6600182503787371,0.3593107531803378,0.7577169437796357,0.43686406629088737,0.8263153464277425,0.5201116679685899,0.8178805302130367,0.6226242464916687,0.8895117875769947,0.4216457794856691,0.975315730745326,0.48309270009362276,1.0,0.5567932885990292,0.974346465125398
images\N\N.1c35fce1-c0d0-11ed-92d0-8cc84b59e01a.jpg,N,0.28520129650384385,1.0,0.5986209696199628,0.875001261428132,0.7762431570867641,0.7082240231256399,0.8987920732312199,0.5722978988676445,1.0,0.46541912780789835,0.5406436155206172,0.47628645323845226,0.5563264716001072,0.28128480117451166,0.5475340184513294,0.16492676392413202,0.5261636558200203,0.06295649456446549,0.3681932316983511,0.45934962393165174,0.3881172692933041,0.24438501716356084,0.3916184910096731,0.10986648393591619,0.38467110044527747,0.0,0.1930383977047351,0.48255160054884333,0.21299321565738752,0.2759205576977228,0.23689706555899592,0.1504126904553023,0.25384648938587734,0.050043865146008275,0.012410640224404638,0.5407589402701573,0.0,0.3832352132139073,0.0073785794038249254,0.27671989622108684,0.021152877418192845,0.1848083361681557
images\N\N.1d6a305d-c0d0-11ed-b1f9-8cc84b59e01a.jpg,N,0.0,0.997366762391291,0.09369628796098357,0.7604978699302882,0.3256349434412229,0.5760598596131465,0.5575017590692778,0.5715065722109609,0.7185546224580778,0.6301236639885075,0.34499813350664416,0.46294919833521586,0.6055622844804435,0.22265075238998963,0.7746491261051252,0.09517931347799931,0.9041488521737262,0.0,0.3975187723576362,0.564348759956264,0.7024554458636358,0.30160550618042076,0.8658283336377015,0.16827434945925082,1.0,0.04965176520930904,0.44025442050081104,0.7284542024592012,0.8578920441727809,0.7297157112960151,0.7762752580863475,0.8176117099881953,0.6521880270493828,0.8407236262914373,0.4753005188582969,0.9231875883090919,0.8043471838777944,0.9644448087568349,0.7362054055796066,1.0,0.6187324764472709,0.98567140843942
images\N\N.1ea0bc7c-c0d0-11ed-bddb-8cc84b59e01a.jpg,N,0.028763477091326324,1.0,0.0,0.7848612034094624,0.08645449560977951,0.5489860365258586,0.14594175398535206,0.38511738691234376,0.18099048285721744,0.23639896140962244,0.4337374137956584,0.41178372442395544,0.6330208936813708,0.22517112412954746,0.7561365353987328,0.10323789031252874,0.8664675078521544,0.0,0.5126707062952015,0.47117378152572126,0.7271751226248601,0.2723681763867614,0.8620525894997414,0.13155464843253842,0.9840684709274469,0.006646277634590905,0.5580329074246698,0.5674619875682914,0.7808220434724622,0.3843051171798632,0.9026159970136762,0.2574122599374632,1.0,0.13897536951304829,0.574980929726129,0.7014550378840214,0.7574194126567344,0.568626639022951,0.854171150503801,0.45753481710592275,0.9264593081636296,0.3523096531488791
images\N\N.1fd61c0b-c0d0-11ed-893c-8cc84b59e01a.jpg,N,0.0,1.0,0.02644302256777845,0.723154466632428,0.21334261266260543,0.5242422887526057,0.4339519212197208,0.4928469834748195,0.6021939277622611,0.531178393402012,0.27991372676463105,0.4011731367632398,0.5377379488798889,0.17563843992628622,0.7005567597563256,0.0692537385577475,0.8295760225401857,0.0,0.3880560316151245,0.5206510981541344,0.6848629408320125,0.2711570043201112,0.8587148537739175,0.14969505453007462,1.0,0.04981263405939398,0.46671888844263626,0.6971586356907646,0.8309240801660469,0.673569499410894,0.7367853868959111,0.7690878221201777,0.61223583803687,0.8026742394489592,0.5225512228173392,0.9050682456723362,0.7776413130455311,0.9506274734902269,0.6904185815502816,0.9820902087550225,0.5752407464750301,0.9581842240415698
images\N\N.210b85a9-c0d0-11ed-8683-8cc84b59e01a.jpg,N,0.0,1.0,0.026650778870861935,0.7154807614599865,0.20213776039549117,0.5090318791422878,0.4066837568482493,0.4677898554373664,0.5695273462265772,0.49824771448763183,0.2612676284530125,0.3805477270890542,0.5321241815879685,0.15443620425505575,0.6980576986213933,0.058657042094891906,0.8208055943953334,0.0,0.3731264944483403,0.49885199322323504,0.6906400992396234,0.23601039457681944,0.8677710885728313,0.12290587326997578,1.0,0.031621955362470214,0.4585776061558891,0.6778607255422481,0.8377271362777927,0.654290170227285,0.7635893538725279,0.7469118531730407,0.6486381146917073,0.7818470246273062,0.5165382049929171,0.8933145892292473,0.7783148094595561,0.934718490855617,0.6961318434346986,0.9664330531625271,0.5772063116693985,0.9462410546481685
images\N\N.22421342-c0d0-11ed-bc07-8cc84b59e01a.jpg,N,0.0,1.0,0.042630002249387317,0.7257428682723899,0.2356120568590757,0.5117010330627171,0.4601810166730024,0.47219571642925146,0.6304489083319238,0.5199039781969438,0.2823560418936766,0.3366036293491269,0.56982380752969,0.11992736645749874,0.730255904462906,0.047350399725404495,0.8419324418511921,0.0,0.39213222249122687,0.42294691541597673,0.7031645553776629,0.18091117306473647,0.8740761508798895,0.08934044834537531,1.0,0.0031284505466870555,0.47612126951271977,0.5669655437323928,0.8458053933084124,0.5735732687340914,0.7859316379366145,0.6991246456231875,0.6835158531740142,0.7503706524972789,0.5395668659883697,0.7448397619919651,0.7763425963508429,0.8241294843402873,0.7095193427640715,0.8907741162336996,0.6121065673169387,0.8948464888238493
images\N\N.23767509-c0d0-11ed-ba6c-8cc84b59e01a.jpg,N,0.0,1.0,0.01117203870752848,0.7348539254091153,0.1910701576025129,0.5154811270161269,0.43441072436173095,0.45682344467992547,0.6280494524387749,0.48066641591553266,0.23600646948331133,0.3751037190044216,0.5321887451870375,0.1620041766596849,0.6949300561688363,0.06521845831451839,0.8185773102427133,0.0,0.3461335142932661,0.4701790425095504,0.6748628921937829,0.2317883377989768,0.8587526524633005,0.12351448036132963,1.0,0.03748660565285365,0.4449953061446006,0.6143024761330041,0.8452278860582138,0.5656878417043912,0.7894037353643268,0.6711634818172706,0.6740090496537816,0.73659661134642,0.5262748188122102,0.7814768449583006,0.8087620567455218,0.7743201044888242,0.7400196537069857,0.8270514663258105,0.619460898485952,0.8504989362020916
images\N\N.24aa5517-c0d0-11ed-808a-8cc84b59e01a.jpg,N,0.0,1.0,0.015572387051587859,0.7477445330115822,0.15256145055354609,0.5421744301966875,0.324749635743336,0.4379743369230835,0.4430630271481191,0.3838754326740002,0.24500605628086375,0.4540430684448552,0.5120033784787557,0.2491278062305056,0.700333953624956,0.10014868154765726,0.8506038540388715,0.003198257751763855,0.3284356160661203,0.5459083693805863,0.630191576937844,0.3205657600301214,0.8350507940088541,0.1378594563603613,1.0,0.0,0.4047995629208495,0.6792971106575789,0.7378407793808949,0.5985561845105917,0.8304636552474739,0.5687276710265659,0.859928132326059,0.5461490409505351,0.4587559917372656,0.8387021277506086,0.7233201284583469,0.7915242960623992,0.781791580284015,0.7607865788696779,0.7937688528605001,0.7272204893869186
images\N\N.25e1665f-c0d0-11ed-a2fa-8cc84b59e01a.jpg,N,0.0,1.0,0.019129463757677878,0.6899685511386153,0.15095511937887812,0.446468084104418,0.2774781188838116,0.26125470424215896,0.3358372624670846,0.11669169499040388,0.34133686216713754,0.4249794654219149,0.5772846809528194,0.23734587503581858,0.737351647471555,0.09962933693758014,0.8692468461237883,0.0,0.426100411586439,0.5039163387546302,0.6974923752051733,0.29967218256863976,0.8644161705787947,0.13865901584132065,1.0,0.02260685181108987,0.49628301049501244,0.6154543644624293,0.7895057856096658,0.4444271352019326,0.9111037704578354,0.32416293869732044,0.984963314626068,0.2428802775757782,0.5384468932078404,0.7596631299048839,0.7828037185000708,0.6321071872389817,0.8821388130201655,0.5504328607069193,0.9472618714086654,0.4867440284690087
images\N\N.271b1ca0-c0d0-11ed-ad5b-8cc84b59e01a.jpg,N,0.0,1.0,0.015276228737437593,0.7532058030288431,0.15446271277052318,0.5506641182241221,0.3306072983328876,0.44766774837248313,0.45610730371485403,0.3904950652138594,0.24442324777662686,0.4594526591272459,0.512993860970283,0.2614351876985629,0.7059931094269696,0.115594813661666,0.8651891926801945,0.02201607554138211,0.3219039686068518,0.5469900979745411,0.6272347925638335,0.32151723814642674,0.8308116750583944,0.13835310539850598,1.0,0.0,0.39721423897200575,0.6765694266625292,0.7233837609788666,0.5815689588960471,0.7954253837273071,0.5472980025069079,0.816206950133459,0.5223234792531042,0.44858662661379645,0.8328633298522959,0.6945068890550399,0.7773728030751189,0.7396966392517577,0.7520575214546557,0.7472170403545364,0.7238817526398758
images\N\N.2850042f-c0d0-11ed-a35f-8cc84b59e01a.jpg,N,0.0,1.0,0.01801461533549823,0.7511264456034755,0.16577368464260955,0.5524468873126176,0.3528939914985223,0.4714552116663654,0.49400871583901923,0.4473797658541325,0.23402352729229758,0.46117072110223883,0.5048938227460138,0.2671995263225725,0.7036908340022622,0.12661503868187232,0.8664289688765644,0.036502272655216446,0.3067131002116248,0.5455671591336282,0.6178382803663298,0.3187969729772463,0.8269839251833473,0.13742986350069195,1.0,0.0,0.3802849180866202,0.6751198296012981,0.728942993578283,0.5891933278350957,0.8013409553216332,0.567972957894013,0.8187837505016966,0.554000626683801,0.4366060677928996,0.8329760027867253,0.7068056290363776,0.7775358974116148,0.7472090273470281,0.7600869534067594,0.7479450391323385,0.7430697294842376
images\N\N.2984d387-c0d0-11ed-8bda-8cc84b59e01a.jpg,N,0.0,1.0,0.036378286237655724,0.7719578473419163,0.19463556649201558,0.5868197942395073,0.38293211166664853,0.5349513269471367,0.5217889904888243,0.5340457960354463,0.2448783322087788,0.4582720075074664,0.5359965643561942,0.24735115348411754,0.7404279456254144,0.09879912418341794,0.9044960933357734,0.0,0.3076366994672343,0.546519070509611,0.6160764982987748,0.318184270533644,0.8282468904867974,0.14389787426056483,1.0,0.00540212234701514,0.36745144612228436,0.6826955106838751,0.6738608781630115,0.6145810299959413,0.71048003546092,0.6345591141451244,0.6951779669953774,0.6451124015023108,0.41061935880711253,0.8442989564016805,0.62638842338435,0.8039085174674889,0.6237147546155448,0.8131812684462839,0.5851371980997035,0.8163096519254436
images\N\N.2ab97d5c-c0d0-11ed-9d39-8cc84b59e01a.jpg,N,0.0,1.0,0.024096731439456197,0.7745405046319891,0.1613045796090033,0.6068113485829179,0.3316971566557518,0.5614093769012678,0.46150796911808706,0.5603354896175057,0.24813967870673562,0.4788765830893033,0.5233505484826647,0.2677370755718128,0.7171142184069349,0.11862420187515664,0.8759790194318369,0.021230470223992055,0.31917850866657393,0.5625300359546332,0.6269082582145973,0.3305221201587259,0.8318491324997577,0.14311173887563275,1.0,0.0,0.38505147687860053,0.6858433406596683,0.7045536914590103,0.5822218826662144,0.778058902360393,0.5409034032518492,0.7998109388893806,0.50881442881141,0.42628934515004785,0.8331596939151046,0.6684261097133899,0.7680047554404792,0.7109456321562976,0.7386941359195078,0.7122436164877723,0.7083221140094493
images\N\N.2bf04954-c0d0-11ed-81f7-8cc84b59e01a.jpg,N,0.02607060385742063,1.0,0.0,0.7236379913811655,0.17441020571207605,0.5124668198708743,0.41096495708099706,0.4570940386498707,0.5946817281419519,0.48526711297900627,0.2725767088256646,0.38914119693767246,0.532859576610329,0.16643736225266648,0.7076929531119469,0.05989519125744769,0.8424103771692063,0.0,0.42018396985272927,0.49934502378053025,0.7123642479051222,0.25109837127992013,0.8781117645127516,0.13363051938233986,1.0,0.05387179405138552,0.5329211370161352,0.666227192680327,0.8813740100174741,0.6188076044997619,0.7933371576785434,0.6950288936109077,0.6645769568912998,0.7506736405322372,0.6084279387569723,0.8604241912078853,0.8086524746371128,0.8709408256590071,0.7164349867394326,0.9071734325584664,0.6043375917934051,0.9229449336899315
images\N\N.2d28929c-c0d0-11ed-898c-8cc84b59e01a.jpg,N,0.01796731193002365,1.0,0.0,0.7297257763490039,0.18206232810969955,0.521930277347798,0.4156129140083352,0.4631273914547057,0.6021701864598573,0.4807737049161973,0.253935269292688,0.3988596562776241,0.5138313260131977,0.180885999638225,0.6900584444334666,0.0710734394239049,0.8301025536140765,0.0,0.3943505714941304,0.5047730523968799,0.6890325851146982,0.2497857792323688,0.8674730111741104,0.12761387711147035,1.0,0.036150713903687785,0.5049794805052104,0.666172862841222,0.8954380654749401,0.6026708145385398,0.850431835064721,0.6877394088259258,0.7513570013513458,0.7413251499545374,0.582643309822903,0.85291708941471,0.8477176015205987,0.8509198024263004,0.7687749106759083,0.8931051161066026,0.654908219755502,0.9094193029540645
images\N\N.2e5f66bc-c0d0-11ed-a721-8cc84b59e01a.jpg,N,0.0,1.0,0.05008546608284356,0.6657939174103309,0.1636727137995011,0.3755132829084314,0.24832476836005668,0.16428405570096796,0.2783814886387271,0.0,0.39902089339259716,0.3471060640409994,0.6642939096635212,0.1841583369400191,0.8244126531123841,0.09769240809821177,0.9638132748591979,0.029749043369537587,0.37641990085658916,0.46496870770731574,0.656097154482183,0.31650158350679775,0.8361716428908885,0.21024491113813262,1.0,0.12961837829668255,0.31925817368415976,0.6282687221340588,0.5466258458800665,0.5453819995465881,0.6704483629216316,0.5016991955373274,0.7740344949650078,0.4541640389384665,0.23617976939997437,0.8107840591359068,0.39266258872012993,0.7748400348989785,0.434684560596899,0.754612367153741,0.46229988471376093,0.7283249177332152
images\N\N.2f966119-c0d0-11ed-bccf-8cc84b59e01a.jpg,N,0.0,1.0,0.022569371604755483,0.702999370290752,0.17565032141156875,0.40366794779927473,0.28957554394127316,0.1859874492432632,0.3322302346361664,0.0,0.3243463845489437,0.3792115605932295,0.6304150108339225,0.19734783836015027,0.8233951006190368,0.08947082709052613,0.9800575382013227,0.013625170998632011,0.3185873633016955,0.4939072373135301,0.6264919831747398,0.3165683017393004,0.828439488667984,0.19776952641521725,1.0,0.10077475951620958,0.30409220259244374,0.6570431893687708,0.6186005047855458,0.647733263848175,0.691100580201713,0.6992410917855514,0.7116401300001353,0.708546891624867,0.28890737403679684,0.8495872147308536,0.5594319272870256,0.8485838056152694,0.5681094675202505,0.8948101100905479,0.5270279407364155,0.9023084272468678
images\N\N.30cb73f9-c0d0-11ed-8626-8cc84b59e01a.jpg,N,0.16527185828010388,1.0,0.0,0.8368789120040717,0.04598071356439771,0.6378215099604555,0.21117176113283828,0.519962042534826,0.39061049295115485,0.4766057524855405,0.05119852750093165,0.5069959607272602,0.15630942712181894,0.2611384116823607,0.23721722791353136,0.11857047077930022,0.30534879705407164,0.017588186205043488,0.24714822486772334,0.5193876002972652,0.3414752547717563,0.2347774554842222,0.4228516414167106,0.10225677731146585,0.47909531536234884,0.0,0.4667254627575987,0.5877790851290771,0.8078385227569359,0.4554870186541086,0.8566307514407853,0.5467287204106901,0.8041142535561073,0.6207024321627995,0.677094349122041,0.6905289739110009,0.9947153282804353,0.6338901344847346,1.0,0.6901351372450869,0.9155376906391546,0.7364179366733945
images\N\N.31fef706-c0d0-11ed-8ada-8cc84b59e01a.jpg,N,0.03722761924820999,0.9320403906201427,0.0,0.6531454034784938,0.07766282054812106,0.3790845554991306,0.15514505816022106,0.18901004257464124,0.18898558519062586,0.0,0.3832016389063611,0.42699198037802677,0.6068452018041129,0.32177006689346993,0.7557885770744063,0.27039424626861625,0.8857031595577184,0.23398860920752249,0.43998370820086113,0.6008085968811978,0.6889857639856121,0.4910634146422883,0.8551932255294924,0.4122158300219028,1.0,0.3446885182831441,0.4590464720352126,0.7944291188346991,0.6956716236980596,0.6832981639451249,0.8388295508062045,0.5964839513673499,0.9631460622728634,0.515688106432013,0.44787500370999594,1.0,0.6321811665228559,0.9376773682587544,0.7492607721297236,0.8844605271777932,0.8550834454079905,0.8263465383015293
images\N\N.33341245-c0d0-11ed-a5db-8cc84b59e01a.jpg,N,0.03303898593327217,0.9764691847590884,0.0,0.6789336377544933,0.08051560469787022,0.3883659915587565,0.15411219486538136,0.1877388630705611,0.18044917685973597,0.0,0.396977825569458,0.41868750593212,0.6263482805709287,0.306073010573759,0.7712778495302325,0.2557189990674054,0.9002242183040836,0.21888586731730594,0.4504208719773873,0.5955952974941854,0.6959245255084846,0.48401353524745977,0.8576188444673013,0.4021041284072138,1.0,0.32979844288924937,0.4647786355605165,0.7908976679911077,0.6966265956804373,0.6875390213765304,0.839823196756919,0.608096941072388,0.9649385688599541,0.5248030100774201,0.4490128355725943,1.0,0.6354849329585323,0.9493329467114939,0.7566941144156201,0.9023196439595997,0.8643890294717526,0.8436510859806915
images\N\N.34692c29-c0d0-11ed-a91a-8cc84b59e01a.jpg,N,0.22182027979948352,1.0,0.05270910653017728,0.8640183707153544,0.08662745694345628,0.6852801270444796,0.27252384590691414,0.5831647538026293,0.47418109185249985,0.5478142378269427,0.023047758143714337,0.5713103884656686,0.0,0.32233498860737275,0.049822504979434606,0.17233067762677073,0.10609465274740265,0.06390227113859054,0.1954898180496135,0.5630399562583919,0.211480326618371,0.2888041102290425,0.2640599021446455,0.12867077623065432,0.30464565761388873,0.0,0.3879397249061839,0.607988401443264,0.7859672242757371,0.4556782502596683,0.84862205919254,0.5515594467598646,0.8036166057495496,0.6234803793377907,0.6003305230737269,0.6881462759659387,0.9854618656344235,0.632267654178124,1.0,0.6992208644810589,0.905289683262279,0.7443018455984888
images\N\N.359f9396-c0d0-11ed-a905-8cc84b59e01a.jpg,N,0.028553560601694894,0.9585759463320432,0.0,0.6745412672094162,0.0856813789666516,0.39181788141736945,0.16046509362827735,0.19099483649457913,0.19521197545884794,0.0,0.40090442537780435,0.44435379540054754,0.6247576200049836,0.32791379555131905,0.770585356311782,0.2800002847906307,0.9014969323559944,0.2486439987284936,0.4483885839326717,0.61237524181028,0.6943662326214862,0.4964131038870152,0.8561989622199694,0.4200163419564865,1.0,0.3556352317839746,0.4566698835196213,0.8006046775185858,0.6898023055826332,0.699337317330892,0.8326951032139039,0.6260380723192301,0.9595626162186205,0.5494968210245845,0.4348075935045002,1.0,0.6213567922808515,0.9546424851500532,0.7438425944338434,0.9136795410180176,0.8566847367767458,0.8620042810732754
images\N\N.36d4e3ee-c0d0-11ed-86fe-8cc84b59e01a.jpg,N,0.01925166086098706,0.95913012060601,0.0,0.6663766956131221,0.09189851863070557,0.3896219064478251,0.16730467742661717,0.19232382886727262,0.19811912354022293,0.0,0.40555134854134856,0.4383518163499778,0.6354914633996586,0.3294370847230418,0.7818015480902657,0.28711101881561807,0.914365475376687,0.25655600493330666,0.4521058039058375,0.6079017323132431,0.6963278905939804,0.4987244650308416,0.856188063086111,0.4257830273653323,1.0,0.36235914033501576,0.45674639072291967,0.7971658811701156,0.6897929193904241,0.7035031204599692,0.8287346347333822,0.6343566314733822,0.9527206192361063,0.5589350338215145,0.4313473952214686,1.0,0.6184710664303462,0.9640967718244371,0.7385372962042726,0.927235837214387,0.8464635838576182,0.8771020790966747
images\N\N.380a5e5f-c0d0-11ed-b0bb-8cc84b59e01a.jpg,N,1.0,1.0,0.952570768608835,0.6771207307372843,0.7616764163009843,0.48003640458624613,0.5710730568894125,0.4814756311259916,0.42980514320405067,0.5656673933746327,0.6866566803956138,0.34661296274862363,0.4295424663867057,0.1608324224564371,0.25633180660800886,0.05885314295625082,0.11402423093228381,0.0,0.5821203441387625,0.4849282268876788,0.31306859339175014,0.25306112684648263,0.13684176914844715,0.13231491022512232,0.0,0.0580848049550765,0.5034275509021684,0.6762303170555205,0.23319536106314226,0.6458394532416722,0.31232353911625316,0.7222788820682083,0.4177177923178277,0.7654936729968946,0.45640578989509595,0.8888383074189297,0.2666790239909485,0.8611186846503728,0.3463174939346356,0.8968914325035823,0.4425194642919183,0.9124974186446504
images\no\no.14237116-c0e0-11ed-9aad-8cc84b59e01a.jpg,no,0.694337193243146,1.0,0.40360398039385703,0.8685526622346622,0.19320800952538014,0.6562039019937637,0.09550032331207578,0.4892339313241438,0.0,0.3518831763620754,0.3097533704079626,0.4108372403271981,0.20404590634774097,0.22853408739112813,0.13265939342007504,0.11552978198495502,0.06290842589239516,0.012106521302026317,0.5311402517017096,0.3938454075135561,0.4096179817052403,0.18204495622783864,0.28105708597494317,0.09005001164917163,0.16302465955890144,0.0,0.766822003809472,0.43098998809550404,0.6534264562786298,0.2910850325698073,0.5866484863837729,0.5025235616464588,0.5660641897731375,0.6605677136027217,1.0,0.5175043963654584,0.8551624239394883,0.4383675840256346,0.7430776929402357,0.5784410535957641,0.6964368799052902,0.6995279691823558
images\no\no.155a9504-c0e0-11ed-8aad-8cc84b59e01a.jpg,no,0.699775829903851,1.0,0.40929154379938804,0.8693260924946079,0.21285222596160522,0.6628549417854731,0.1113223836792134,0.48119650329583336,0.0,0.35140891361332,0.28934202546998183,0.40500344446552167,0.19744328045218246,0.23410610242059451,0.12378425045945032,0.12153504320960418,0.06215078303297395,0.008562049171959506,0.5179573324568673,0.38800462869176977,0.41223399330614435,0.19669588960447745,0.2957702794661581,0.1048148120713138,0.19458242099074619,0.0,0.7624167318615492,0.4225668369629315,0.6677028409538049,0.2914851974939621,0.5858929075683158,0.4971933805714109,0.55610096797041,0.6529080210152655,1.0,0.5047876299404086,0.8645483730597772,0.4363079838491765,0.7487321717071184,0.574853115043216,0.7018682384419889,0.6934760631385506
images\no\no.18c379c2-c0e0-11ed-b91e-8cc84b59e01a.jpg,no,0.684962346542728,1.0,0.4249737475895514,0.8625341870228305,0.23093065817861458,0.6335741989558006,0.12068853594739154,0.4566931015099921,0.0,0.32942326238231284,0.35080693772791866,0.4062853432714483,0.23271009429047576,0.2312936327467043,0.14890421756906771,0.12247308220931707,0.06860648114054109,0.012985822172271923,0.5520250495727335,0.3887652507780161,0.41494846344982583,0.18625797105286182,0.2922797456857402,0.1024882631684812,0.18491406938273422,0.0,0.7739952486546492,0.4211599066412983,0.6402636969394463,0.26605873952838294,0.5793461035967848,0.49163610511216055,0.5710249759296081,0.6549557178976148,1.0,0.49836163808425465,0.8502906175930699,0.4029695531690333,0.7463376182722232,0.5523870621550827,0.7132331241323067,0.6790822073799092
images\no\no.19f8ab01-c0e0-11ed-817d-8cc84b59e01a.jpg,no,0.9969527185593772,1.0,0.6141192674930165,0.7178278342175349,0.4612243232855888,0.48626301346185297,0.3070373575126196,0.34985392759994377,0.12370771004609839,0.23864554428583698,0.9376641194822037,0.20771900057050557,0.5049045288925438,0.05744794205019902,0.22875706129775433,0.021653776960217218,0.0007777894675819068,0.0,0.9981642236168874,0.274474716429193,0.47812956931183076,0.11106862859321422,0.1913066863055376,0.08722116745241092,0.0,0.04598477302575261,1.0,0.38726935684932146,0.43289485832315244,0.3514254161053231,0.4420452910725443,0.4977784195737563,0.5570346736290186,0.5635361609186726,0.9287412800621803,0.5231000058527417,0.4999243144824506,0.4946496641784309,0.5076431637190467,0.6030875674090896,0.6284157786590459,0.6543794644249025
images\no\no.1b2f055d-c0e0-11ed-9a38-8cc84b59e01a.jpg,no,1.0,1.0,0.6524789914095018,0.7310587602628639,0.48992216144633527,0.5007718873638086,0.3158199474346038,0.3756499456678913,0.12099146789685464,0.25490123873398407,0.8844343182458142,0.15765549411425964,0.46972194578073867,0.027371129095185475,0.20958954749319675,0.0056633644130560865,0.0,0.0,0.9492042691692718,0.23286205295055254,0.45076188152644525,0.06684833452960266,0.1901435180809226,0.06424712331880773,0.015007514644525394,0.040202903363130545,0.9607907276660163,0.3641502048683982,0.44742643838511104,0.358265893054474,0.4808966700499475,0.5159169428244633,0.5944125883781086,0.5836189089071325,0.9047003520030722,0.5257662446338511,0.5108033221805485,0.5217447479755218,0.5338515312108896,0.6397551039325781,0.6456621176302914,0.6897561991459875
images\no\no.1c65c2de-c0e0-11ed-9205-8cc84b59e01a.jpg,no,1.0,1.0,0.6229929295934289,0.7319850403412884,0.46085646820760234,0.4835805863914633,0.3018626226566314,0.34411395643870096,0.11721765441094396,0.22001341566300658,0.8532772069810145,0.12930492532115237,0.477898931366899,0.005648849107110302,0.23796021237567863,0.0,0.03759210475258368,0.006208358951340246,0.9198398224038807,0.1915148760465663,0.44979790968141253,0.055686317406791315,0.18436855218826184,0.06327301942945084,0.0,0.04311117649203673,0.9388028262463993,0.3158407924168185,0.44385999454832803,0.320557963333874,0.47837750960150577,0.4816018703974029,0.5933742544072074,0.5415234887261909,0.8924037322395497,0.4753432184263566,0.5122717711179233,0.4920769634080562,0.5404077639857183,0.6146746858886588,0.6614506908724735,0.658703395658958
images\no\no.1d9b383f-c0e0-11ed-871f-8cc84b59e01a.jpg,no,1.0,1.0,0.6480475566013651,0.7250936002567175,0.47693286015069725,0.48591096654991794,0.2895598302254398,0.36109925849540436,0.08612828016192585,0.2501157555306925,0.8799286219505994,0.1325505189639904,0.46705828025952106,0.010436321074134844,0.20745760900998914,0.0007702164285857685,0.00231403362514299,0.0,0.9456687505810767,0.20516532566579745,0.4400218407790768,0.06915855209508748,0.17732586062274985,0.07162821586072243,0.0,0.04576812757103948,0.9618731498646251,0.33732069842728624,0.42926274015482707,0.34203058622807136,0.46537245154526596,0.49468958557130016,0.5843826101785633,0.5534099045944988,0.9116932921789773,0.5004137881806034,0.5074318746959781,0.5055618421333561,0.5284528540689751,0.6200704316239329,0.6462004389729492,0.6661686974738367
images\no\no.1ed21fd8-c0e0-11ed-a182-8cc84b59e01a.jpg,no,1.0,1.0,0.6359459606748386,0.7427710825647761,0.46938624213415764,0.4964600430320144,0.2962741302220675,0.36218426869605674,0.10205011456623657,0.25272595485659866,0.8656646437350901,0.14036538306241342,0.4709529053477172,0.012615030211011187,0.22126822639093524,0.0010628861789814014,0.018022763994534598,0.0,0.9253814660452383,0.20462733105062916,0.4528550240007306,0.04665975512750221,0.1871354905924108,0.043216736256123205,0.0,0.011534162260315244,0.9405517344989451,0.33151913603798794,0.4428958377622295,0.33988817953523986,0.4860819329020386,0.5034775111789406,0.6047766780750123,0.5620228904684513,0.8944468638014388,0.49336554359059365,0.5120897205585393,0.5059884203928985,0.543161301503869,0.6323970061330919,0.6622193593619051,0.6796619296141144
images\no\no.2006f977-c0e0-11ed-b84e-8cc84b59e01a.jpg,no,1.0,1.0,0.6400224070968443,0.7279269279788355,0.4811405272152448,0.49384734242550926,0.3101642023183264,0.363620855501495,0.11267248027407291,0.2557282487289972,0.8789722465259522,0.14647124375934747,0.4685447658079275,0.03219153799920455,0.21800429186690223,0.007254341613541437,0.009950506853319312,0.0,0.9501162754736068,0.2023975923057472,0.46613495537037053,0.05680598035266596,0.19197574526542832,0.061817562647955404,0.0,0.04053358611496905,0.9714613796825694,0.31926536607804296,0.46535729143492216,0.32605654294852326,0.4973213243532021,0.49701452520213424,0.6103180391096621,0.5643039758468164,0.9272033728367325,0.47193914180465246,0.538754001801746,0.49374187555671895,0.5630022516837746,0.6235916043289702,0.6757904587269457,0.6754025212935066
images\no\no.213b3357-c0e0-11ed-bdc7-8cc84b59e01a.jpg,no,1.0,1.0,0.6287325687918585,0.7367365717209305,0.46937815260863464,0.501957521038179,0.30104615372575794,0.3689991192633074,0.11015256754952343,0.25231234430302596,0.8477523272995304,0.1405983492590581,0.4673209631324843,0.022852522906706932,0.2250162261675871,0.003832288293163815,0.023596051330937028,0.0,0.9221290688307426,0.19303206577743567,0.4513364150416451,0.047672090104420826,0.18427154901085185,0.047747947739015584,0.0,0.020461529670843543,0.9480249073506618,0.31243362456972956,0.4506120456611937,0.3330856192971314,0.4818181329073526,0.5096352331456486,0.5939007217771065,0.5796524866526686,0.9056402500908519,0.46956795300635956,0.5238031886925989,0.498214882676809,0.5489854182144907,0.6314090670561786,0.6620765483823476,0.6861007796588574
images\no\no.2270a855-c0e0-11ed-b981-8cc84b59e01a.jpg,no,0.9881808325450645,1.0,0.6376163774185173,0.7461069945208578,0.45503589845492476,0.5062870065681315,0.2593738268792594,0.37652728128805873,0.056789670750300496,0.2506382030097141,0.8240942419585053,0.16026359329666542,0.46367467636591586,0.04775047413124163,0.2196742687024574,0.0150380488677404,0.0,0.0,0.9268868902909007,0.1947771911965468,0.4955354193479331,0.03934500182813433,0.24747271702061518,0.038082405456520654,0.0676393571413573,0.0046926498478308334,0.9955720373595904,0.2938321509644395,0.5121051976578812,0.3037238044133004,0.5486233420106924,0.49935554976865554,0.6622677252942373,0.582609970828763,1.0,0.4380298630345978,0.6084100561766391,0.4608588548776991,0.6263702946495195,0.6096643861019705,0.7336252190038774,0.678614642435338
images\no\no.23a449de-c0e0-11ed-a99d-8cc84b59e01a.jpg,no,0.762499712228031,1.0,0.534978621604107,0.8653228259266073,0.32585534401118366,0.6097283967705569,0.16310180466087726,0.46396235108992795,0.0,0.33696248039878124,0.5991142991074906,0.2764969321019245,0.3744694586997017,0.14361114095939884,0.20311753782793146,0.061952417984493864,0.03998487421548463,0.0,0.743694854931089,0.2607274442560461,0.46222643906802047,0.09893802827675009,0.27208239633963854,0.07647107033126743,0.12004181143025362,0.03533264247194817,0.8863646048805146,0.31232932597304913,0.5654765724227755,0.3157846042329526,0.5729135797510417,0.5481311228197343,0.6310415581909209,0.6912155578584268,1.0,0.4195449421115225,0.7208038805866336,0.43315369723151564,0.6792809570389513,0.597348257881921,0.7087184375378084,0.7164453542607268
images\no\no.24d87bdd-c0e0-11ed-a49f-8cc84b59e01a.jpg,no,0.7648592009568761,1.0,0.5408710468609446,0.8797430535352587,0.3266539784048296,0.629034819107747,0.16116737298431688,0.48505434633822453,0.0,0.35843688710482235,0.5712613844751612,0.29935256002882216,0.35289170380082535,0.15132764068961463,0.19142629881947593,0.06211109160269956,0.03725102426803639,0.0006800364584226877,0.7232363795410208,0.2726026342195952,0.4476093469975136,0.08377260719699776,0.23425166198708494,0.03456797243643959,0.05014375952735398,0.0,0.8753561755105967,0.3171612657365656,0.5537697328423327,0.32522643242945304,0.5676150795264415,0.560043423047286,0.6245421663206983,0.7077142708005194,1.0,0.4201172524482955,0.714704035878887,0.4476099985435612,0.6798144564858407,0.6170525986116744,0.7134950475115568,0.7383841705909601
images\no\no.260d5f98-c0e0-11ed-8313-8cc84b59e01a.jpg,no,0.2222119533804024,1.0,0.4466102258071103,0.9093221760347735,0.677018013319042,0.6916386880532743,0.8489455728957344,0.5473758353829781,1.0,0.4216098340097412,0.4650850525676177,0.35531918383798616,0.6171310720871516,0.18982438837897456,0.7425634404916486,0.08486952073631207,0.8513588687560573,0.012221205629668611,0.2901100076237298,0.3362709621998304,0.4477080476205146,0.10388459989494839,0.6142326619753404,0.037756983940627424,0.7439243571144366,0.0,0.123912933913157,0.3835579154786427,0.4107638236020713,0.3733255933926617,0.4361204268391643,0.5789181022549272,0.39114714884426544,0.6924468289175164,0.0,0.48748837920888566,0.27102766673854856,0.5285167602188475,0.2908970494312537,0.6895319645824064,0.22812267512535955,0.76669970871443
images\no\no.2743c253-c0e0-11ed-b8d5-8cc84b59e01a.jpg,no,0.24818587445503262,1.0,0.47545261466982214,0.8863554878731582,0.687929663313623,0.6633808287874221,0.8482518415510246,0.512357446350384,1.0,0.39585995060277834,0.4574081085285215,0.3559321358068052,0.6055385360826272,0.18224870002502092,0.7348353820551742,0.07311127732655565,0.8462502072113566,0.0,0.27550092243259505,0.34139773602159307,0.44036052769298445,0.09367163308224906,0.6201114994731997,0.03113925623720502,0.7590155335240915,0.007330832126868387,0.11272492389885483,0.3956230326757338,0.4056948430733515,0.3695959535880107,0.44464109168733107,0.5835162275488697,0.4158313246652602,0.7188711276130336,0.0,0.5066421751790425,0.27703346553103697,0.5485271380679925,0.31166558282306334,0.707712392934197,0.27112780504582606,0.7977674555845343
images\no\no.287d57b1-c0e0-11ed-983c-8cc84b59e01a.jpg,no,0.44991569990816577,1.0,0.6943559795340818,0.8938645518655571,0.9092445227430328,0.7187439104700443,1.0,0.5979562829625736,0.9645458327867009,0.5198101049306164,0.7787586258597747,0.3686571872359122,0.8023771951196657,0.20141508601206032,0.7908281200217403,0.0938566240262165,0.7749599115392545,0.0,0.5138975579586559,0.3529067689424562,0.5084672676499803,0.17794501743625002,0.5423714226811852,0.0954818310910539,0.5641381636898626,0.006566782553024088,0.237339580561126,0.4192467953041875,0.32137623929381337,0.43555982370883645,0.4027058492793823,0.6390727892237347,0.43378750679386024,0.7496821369457632,0.0,0.5473656755868184,0.11610128005697472,0.6098114006993154,0.19032764210881423,0.7530164929037511,0.2003273047585134,0.8084630684269135
images\no\no.29b46ae5-c0e0-11ed-acef-8cc84b59e01a.jpg,no,0.4201299565522518,1.0,0.7053763734757686,0.8848741460290691,0.9231883195954049,0.7159243233692627,1.0,0.5933473427993439,0.9654391853434627,0.510742628206866,0.8292314188546486,0.3481410773851307,0.8314900743551751,0.19099160931003326,0.8116432883502046,0.08712233682740769,0.7991896234782145,0.0,0.5451930658157987,0.3176148357884981,0.5406898869414335,0.14874187489774354,0.561053660306226,0.07668667730399531,0.599297990489234,0.025868290820695524,0.2550092565429805,0.357526505350504,0.3164579175550365,0.4285697428064879,0.4022896219407634,0.6088900044299169,0.4889607125325097,0.7287452491612978,0.0,0.4514665767713528,0.09022353452563964,0.588075773585002,0.20161932430109256,0.733050783942205,0.30735247962139567,0.806769512603895
images\no\no.2ae92c94-c0e0-11ed-8ce6-8cc84b59e01a.jpg,no,0.4785849544766132,1.0,0.7285821812465701,0.9384441611802414,0.925482003694595,0.812220027693711,0.9842607775876031,0.7402309704883514,1.0,0.6649330348708045,0.8257514311498334,0.3907110459445475,0.8560352663508012,0.201721110636787,0.8490604296614245,0.0921349037660379,0.842234531738476,0.0,0.5362275197078777,0.3734898378447543,0.539175626374788,0.1831062376698073,0.5859296748012572,0.10352254874927463,0.629961063850196,0.049926500546803004,0.24974404718014706,0.4487960045031276,0.3205645121823102,0.5226089855279595,0.44883096934504135,0.7461472181513905,0.5369576948650873,0.9058249205236888,0.0,0.5948270153235791,0.10602286838119711,0.692269818007946,0.2331780759525719,0.8480418915081475,0.3202612513205469,0.9484564740690412
images\no\no.2c229d87-c0e0-11ed-b4d8-8cc84b59e01a.jpg,no,0.44313756010615,1.0,0.6993187842496326,0.8895456974423331,0.8979504012672078,0.7160596698053562,1.0,0.5746127108548689,0.9965875119601891,0.4856597833144863,0.7861898156414094,0.3333171302553397,0.8038136789465572,0.1620385530344807,0.7941046758807812,0.06831239578163813,0.7842267422962648,0.0,0.5156714721066261,0.32408630241052533,0.5237549576605488,0.17064468653448678,0.555912186650674,0.08400858018667917,0.591967941351963,0.007700622296727186,0.24003775375820807,0.389801388581888,0.3338830060781414,0.4092690583504588,0.42340305723036353,0.586183022305398,0.4854011680164322,0.7100856606372605,0.0,0.5135361936802084,0.1269930215062132,0.6008334512983099,0.23514197335872633,0.7283472958978733,0.302122084727735,0.795426725028402
images\no\no.2d587733-c0e0-11ed-8bab-8cc84b59e01a.jpg,no,0.43485946552224714,1.0,0.715488610966834,0.8654317098377556,0.9159333163587483,0.6997232900391359,1.0,0.5691793841924937,0.9997364526339805,0.46893941737496125,0.797492790163033,0.33262014597507905,0.8292391640006613,0.18450203255240474,0.8090893360915494,0.0834890076762866,0.7919598348888067,0.0,0.5248865992014146,0.3184658285610388,0.5407516272356498,0.14789336154937377,0.5648471225153503,0.06832677912257121,0.5930636242134758,0.0011105015312799682,0.2440637957039932,0.38065675527740755,0.32872931068509076,0.40023226464659345,0.4189116171124753,0.5800205054518113,0.47323716522788073,0.69869580780937,0.0,0.49780109332947803,0.10818326886788242,0.5678665428426946,0.21287022478188838,0.68784332269129,0.26738050235945704,0.752031131922405
images\no\no.2e8c7f94-c0e0-11ed-ab8a-8cc84b59e01a.jpg,no,0.4089822256126281,1.0,0.6742724531782284,0.8965729325100054,0.8800415098963115,0.7204993236281567,0.9807551882752705,0.5846523168364022,1.0,0.4916427775402494,0.7454589700349281,0.3648938481702915,0.7727807259121618,0.20202946598165034,0.7696573247850776,0.0936256334415061,0.7658029443581451,0.004509612891016521,0.4885076631997099,0.3525786238461377,0.4937621252672869,0.18616066109214777,0.5310066673192992,0.08599594877797481,0.5701894050638133,0.0,0.22677782354415213,0.41965683766374856,0.3033647212673879,0.4544342657685757,0.3869209347915362,0.6335196568376638,0.4426046567183293,0.754776657111016,0.0,0.5498293300063782,0.10049433841216951,0.6096969994322682,0.2174593382182268,0.7501268635270865,0.2915843949387726,0.833916368198608
images\no\no.2fc1d71c-c0e0-11ed-94ed-8cc84b59e01a.jpg,no,0.4303383460700181,1.0,0.6912156629964864,0.8704304377034481,0.8771758123771322,0.6944155320347897,0.9605231053840033,0.5570346535652605,1.0,0.4436336155376731,0.7671705501871506,0.3234454494109717,0.7925850462763178,0.16209081732258593,0.7821917658562165,0.0698062500140157,0.759761605192513,0.0,0.5018575469940271,0.3093586186371475,0.5035773180796588,0.1615241020574423,0.5359328066287813,0.08058761549346355,0.5635432200596867,0.0033951658451057297,0.23197578542889277,0.37341025796276595,0.3342514853396115,0.4288698659649521,0.4241543624283277,0.5942302683616226,0.4622935561540007,0.6896024567699408,0.0,0.4986338285764811,0.1306082229760446,0.5925467812398987,0.25215327964321504,0.7117427952037115,0.31021034800252245,0.7638879678564484
images\no\no.30f9cd1d-c0e0-11ed-9501-8cc84b59e01a.jpg,no,0.2142529202176105,1.0,0.4466972927022291,0.909217803087928,0.6703641001382326,0.7072738231047956,0.8361432484688226,0.5676138486694451,1.0,0.46679484317465225,0.5176224059021648,0.35452063205331175,0.6689893607231664,0.18849638631816057,0.791034634728442,0.08486861964908946,0.8915593611360235,0.010496616735033928,0.32403820469851236,0.3156088970997216,0.5007989779051831,0.08211524057196716,0.682599716173203,0.021456118405556262,0.8199162248349939,0.0,0.1394248154951723,0.36414720287932206,0.41880320198012216,0.4069647431415939,0.4429000025368326,0.5999631469748555,0.4006547763831831,0.7041457602098776,0.0,0.4812871756600469,0.26145939501019955,0.5769204340452212,0.2839839811458624,0.720920382081772,0.2298397666909904,0.7815230965566352
images\no\no.322eddf0-c0e0-11ed-b066-8cc84b59e01a.jpg,no,0.20367871884603467,1.0,0.44520594628886234,0.8996789622770923,0.6625702272613222,0.6935084456066007,0.828142534969762,0.5429912940134721,1.0,0.43591565640771923,0.5126658109861489,0.3683352003105055,0.6725387971055995,0.2014947303133596,0.7944309528987072,0.0914118833367899,0.9005829396345774,0.011543510103456323,0.32695713200390775,0.3353296877976409,0.49668234471108796,0.11079734770049741,0.6778626245790359,0.04094076145362864,0.8222122745131621,0.0,0.14349642444217028,0.3795386886863784,0.4249971725592695,0.37663972715044236,0.44367613233071745,0.5867234193053025,0.39555246693891655,0.7064744557864482,0.0,0.48492722039714276,0.2687510501476885,0.5625084111493319,0.290980102057503,0.7094029985625467,0.230618673991465,0.7730767805468564
images\no\no.33643a3f-c0e0-11ed-856a-8cc84b59e01a.jpg,no,0.2892941746640671,1.0,0.537313870537805,0.8832881915937798,0.7424860647154145,0.6804262899038124,0.8812781458194912,0.5163917929189343,1.0,0.368061486413507,0.4991156926024827,0.37924019045112034,0.6221988378985679,0.20657436464649268,0.7298229561890743,0.0898410133312243,0.8231455332435447,0.0012518495915405422,0.3049463709735516,0.3717836879453554,0.43551479491986406,0.13758777259895424,0.6020734015303854,0.051411119564325654,0.738422624090877,0.0,0.1286368584117454,0.42504425149605174,0.40491945477549585,0.4031510488445623,0.4382190376700543,0.5746550331023028,0.40625213171570934,0.6828677212264939,0.0,0.5245757374905049,0.2759105382589338,0.5473840711140281,0.3110582987509278,0.6841567544692683,0.26415564422217863,0.7675033184933184
images\no\no.349b0311-c0e0-11ed-ac59-8cc84b59e01a.jpg,no,0.16444151636162593,1.0,0.4037178946313987,0.9026257309836386,0.6587364423665331,0.6854218724131298,0.8364629786949869,0.5401644058425411,1.0,0.4413934209879027,0.4927539582093233,0.39553518355961187,0.6600920933416295,0.2313241555842729,0.7910466162342928,0.11807413380655404,0.8951612789300682,0.0315421452385081,0.317827722137783,0.3530806442413092,0.5256130833932113,0.1260649631396786,0.7083778485397793,0.052870417751398634,0.8561129829008953,0.0,0.14591240280659307,0.3646328864964905,0.45677925016679155,0.36445310795423624,0.44772813521578236,0.5781189248131815,0.3917913509827378,0.7128567317012819,0.0,0.42997225363352864,0.29126307604089813,0.4860638125570082,0.30836808826371753,0.6557646234726383,0.26321833544913004,0.7548036417902739
images\no\no.35cf9301-c0e0-11ed-8458-8cc84b59e01a.jpg,no,0.1572260409104683,1.0,0.40094585148369727,0.9032632416130811,0.6547211207720697,0.6909521981302175,0.8283048345529327,0.5485925038509909,1.0,0.455093324971373,0.49910907248257996,0.38804219573821436,0.6707425558661887,0.22971068823355598,0.799342476897759,0.11919428358167954,0.902590556899267,0.03134813829127897,0.3194665386347079,0.34204337364897053,0.5170838156652693,0.11565854122654146,0.696382032797161,0.049480962134658385,0.84215470194932,0.0,0.1437597307943406,0.363143252842765,0.43948200916305646,0.3837047638382738,0.4201865516943781,0.5990131814779899,0.35605323533964184,0.716725193688596,0.0,0.4449005107630088,0.28335483228954716,0.5146086394862754,0.2808202252536627,0.6771388829144648,0.2151281864844981,0.7513874622857499
images\no\no.3704f33a-c0e0-11ed-8399-8cc84b59e01a.jpg,no,0.18936815369758414,1.0,0.43516282795043265,0.9034034617991509,0.6712580169472417,0.6938529966177824,0.826585297885303,0.5513918347940152,1.0,0.4565848707304983,0.48091600583330757,0.39476548721805016,0.6588802943627712,0.23984002751634625,0.8011086494303569,0.13066319115430397,0.9148638418157341,0.042600261000637324,0.310146535512596,0.35211582493399113,0.5195173374189439,0.1261142265579951,0.7071949605855674,0.05769193157332128,0.8535090125171224,0.0,0.1394122710952932,0.37588003412566473,0.45150121466838433,0.38628060603403797,0.44115909224166727,0.5874571321627646,0.3740328245864568,0.6900698362170419,0.0,0.45889880661336496,0.2932051182653016,0.50221142400464,0.2975195240679593,0.653022920172247,0.22697828378210289,0.7212078192283958
images\no\no.383e341c-c0e0-11ed-afba-8cc84b59e01a.jpg,no,0.15365265123408298,1.0,0.41043428707136104,0.8831449757382471,0.6500225302654837,0.6677138866789718,0.8266388110657049,0.5279683040088613,1.0,0.4358704062757904,0.48444841295150626,0.3779740998812094,0.6545200275652224,0.22631841234709052,0.7894032046385902,0.12300789592660807,0.8977032611068505,0.04019528291948163,0.31205376981379995,0.3356605989992791,0.5211425411339387,0.11656258865125262,0.7100947256363309,0.05184267459528794,0.8582885191056133,0.0,0.14183048425292596,0.35543195431201347,0.4413628451291848,0.37040445942014194,0.4256179748480309,0.5719561680135877,0.35790311933988656,0.6791784854576444,0.0,0.4322720116828935,0.27942792311397824,0.4983859073446417,0.2803883761460231,0.643883439227719,0.2125231460236026,0.7059663139275638
images\no\no.39727e1a-c0e0-11ed-982d-8cc84b59e01a.jpg,no,0.7407395444546092,1.0,0.5092762327190257,0.8440344895783047,0.33443483679445596,0.5971588401346497,0.17399017392656832,0.4612107536487832,0.0,0.35528510779693045,0.641758774717365,0.3628580457699065,0.45502163833152537,0.19304680310390832,0.3179922888132137,0.08471775381994813,0.17746711515249694,0.0,0.7744828192790602,0.36235223724932397,0.5643268911116621,0.14545054650083084,0.36777014123924606,0.06292719165708606,0.18734884349590364,0.0029032995211226054,0.9038049573618777,0.4055203782300722,0.573073656791067,0.3355656704120935,0.5381934316271956,0.5207090306184138,0.5609731857616846,0.6454007342648763,1.0,0.4903761873271168,0.7057639108706466,0.4354050592085678,0.6360312879987636,0.5649467304696865,0.6464367688149628,0.6712380602139768
images\O\O.53e53ff3-c0d0-11ed-b03e-8cc84b59e01a.jpg,O,1.0,0.9603153844515623,0.6729214555494663,1.0,0.3270933709964208,0.9039894069597052,0.10393847971893262,0.7807899002208882,0.02759165276449185,0.5978606326256626,0.3826325136266939,0.46770013871936944,0.18497928127495117,0.28863781052906684,0.04304695402343033,0.3587044284954273,0.0,0.47223348523059483,0.4602665044166633,0.3492938834662185,0.22220269755274133,0.12236499880179051,0.06529336242997202,0.24391947453293092,0.03425920536303621,0.4165774298685609,0.5600788113283597,0.25604940717060665,0.3253943586640294,0.01077106589780007,0.14447919835612044,0.12034985649399561,0.08677977307696955,0.28064113201952784,0.6924293460175348,0.20089662047029774,0.4792977488910293,0.0,0.2891665174859889,0.038036276283329916,0.18296451842829828,0.14562142824503352
images\O\O.551866f1-c0d0-11ed-9e19-8cc84b59e01a.jpg,O,1.0,0.9446755683712966,0.6688797890929931,1.0,0.3237842900465192,0.914067386611938,0.08827797368945425,0.7956936842472014,0.013836321967393483,0.6072918515888515,0.4306946413610416,0.48497360348148677,0.22425120489987832,0.3336285175310379,0.06541229597957082,0.39838066235186176,0.0,0.5065960187878175,0.4972778134763881,0.35940141622050303,0.24585585073425245,0.1572577567770697,0.07569866391490676,0.26520371442650204,0.020081760345371135,0.4292634276318955,0.5894520081473226,0.25275744901125047,0.3324019154362131,0.022948462912974445,0.13438775351994997,0.12901837635694863,0.05299721895383739,0.2912327389830621,0.7128057327565663,0.18214178464356404,0.46993191231808784,0.0,0.26815705015013513,0.05732262817077602,0.15505925873606247,0.18464808513250522
images\O\O.564c6b69-c0d0-11ed-9d57-8cc84b59e01a.jpg,O,1.0,0.943178658877675,0.6774223996414326,1.0,0.3229744752585207,0.9160416827169467,0.08830218132159894,0.7817787171611269,0.02290889982303464,0.5914551937589811,0.41196718578713154,0.45542530171735207,0.21479156615998418,0.2912617111217555,0.05900354041113811,0.36879272863693763,0.0,0.4887249573760388,0.48330751898541335,0.3341674594109352,0.24912980072353771,0.13498606556553372,0.08333931313595201,0.2546555581980364,0.03732169608545561,0.4277783453528996,0.5733572746230793,0.2333871227067639,0.3329013155933749,0.0305544297098221,0.14768879708818572,0.14533116891817205,0.07943956185894216,0.3126484301988672,0.690416050746997,0.1638179513031711,0.45899824138604833,0.0,0.27558187159358244,0.06829861727534911,0.17756260301359972,0.20676724470005794
images\O\O.57839d35-c0d0-11ed-b5d9-8cc84b59e01a.jpg,O,1.0,0.9546340070307797,0.6709515714693837,1.0,0.33734069338101197,0.9051913124053608,0.10674303123173642,0.7745975587456366,0.017337649097477845,0.591662917054469,0.44282341394815744,0.4532066888972442,0.22346574641458938,0.2956163437891013,0.06303370805661686,0.366949788069864,0.0,0.4822332073874551,0.5050358470065776,0.3393859265240376,0.2391415347619126,0.1263387142836597,0.06830043216330992,0.23788936897622232,0.02323424455479341,0.4105065161068958,0.5967471603252612,0.24635630150580318,0.3358952266656519,0.009547231758907126,0.1439968830171576,0.11349490566386627,0.0689910755919456,0.27815650573125655,0.7259866517254443,0.18708551375850854,0.500151362231687,0.0,0.30977232053352205,0.0464485522387753,0.2028765071617338,0.16708169223594
images\O\O.58bcd15e-c0d0-11ed-a969-8cc84b59e01a.jpg,O,1.0,0.9834586472276714,0.6544662695559205,1.0,0.328702790143359,0.9061903478837253,0.09819627884264849,0.793255442426932,0.0024041811458239267,0.6138369135271137,0.419934580408237,0.4283790555311037,0.20172044161569,0.24973614384336312,0.05017564513773455,0.33408050244226967,0.0,0.462127243488534,0.4930316094356724,0.3293485668861641,0.23514987530365816,0.09230108984683134,0.06662251847590635,0.2150940758450814,0.03165737436439426,0.39485723319438465,0.5945295263322775,0.2559859889028014,0.34432021262482176,0.0,0.14985690857868467,0.11500714656991061,0.08439550981684076,0.2855990418678862,0.7257739590336005,0.22236398860287707,0.4989146903104755,0.019835439915370956,0.3039848201574396,0.06771400390389255,0.19959051438216502,0.18642245189324158
images\O\O.59f20974-c0d0-11ed-a657-8cc84b59e01a.jpg,O,0.8746481081498504,1.0,0.5125973187186573,0.916618785035288,0.19705183077365895,0.7060771423378535,0.0,0.5343838989503779,0.02585571439603307,0.38654031144600026,0.4984567070645141,0.3677875344534623,0.40342016647438883,0.08294235210713846,0.19446544030065546,0.12231622745712903,0.09795346954248794,0.23433435211805037,0.6448296761541936,0.3330556482877358,0.5259715491197731,0.0,0.27705618335115706,0.07516114655393767,0.18823435119684181,0.23798642764610944,0.8098368251457294,0.3282233828994888,0.6959285849676949,0.0017503364785739787,0.43741531779665976,0.053517398849272264,0.3206012641195508,0.194577878379406,1.0,0.36239330636958117,0.8976804974106845,0.1034161398550559,0.6745237320777941,0.08730983888243078,0.5226509537058921,0.16344146227603756
images\O\O.5b2a073a-c0d0-11ed-af2b-8cc84b59e01a.jpg,O,0.8477715059227705,1.0,0.4968448374840008,0.8990988714332416,0.19376327681218017,0.6926545887761058,0.0,0.5148282748057716,0.08564898063121121,0.38377654364814334,0.4794819502366651,0.3481713020067643,0.4093211877260269,0.05209317344468579,0.21573661038377945,0.10025297651877836,0.1304528467942432,0.21779780731398973,0.6356189367828288,0.327052375632692,0.5417559233289925,0.0,0.31344389618454294,0.08634093934246162,0.23490380384159185,0.2437018273274809,0.8067499257280328,0.3339517352357381,0.7190336156040377,0.006207083743651353,0.4835657915604708,0.06612053421901856,0.3775126820780068,0.20700953542306377,1.0,0.3798501929748207,0.9218161897252273,0.11780121688123542,0.7152613814809272,0.09914988123340761,0.5706047190062522,0.16715537130521577
images\O\O.5c5fd19a-c0d0-11ed-8aed-8cc84b59e01a.jpg,O,0.988079283788373,1.0,0.5534640218984258,0.9254214821214313,0.21928055192785006,0.7747448417065166,0.0,0.6020782311439592,0.03870514845482538,0.4353684211273872,0.469301634404779,0.41671131914609544,0.3037922247825086,0.1729742954406889,0.1438292159825688,0.22395056020663356,0.07816755668907108,0.34783393751777664,0.6236629721050341,0.3464932978670141,0.4359645404133989,0.05603149358016301,0.2632927866020289,0.13724840591536164,0.20453250462105102,0.2991401867698698,0.7979614954199743,0.29491018548799747,0.6175057492484382,0.0,0.41925297376884035,0.05403908751992495,0.32806613288114267,0.19848337809233954,1.0,0.28087155248237605,0.8658237094675136,0.02674301796787365,0.6719105054552333,0.011361969864991498,0.5289006570895242,0.09315607985674278
images\O\O.5d949d19-c0d0-11ed-bdbd-8cc84b59e01a.jpg,O,1.0,1.0,0.565540415372208,0.9205294784017777,0.2140466973325804,0.7608935862304965,0.0,0.5601457963813867,0.0766617994462674,0.38519745291701607,0.47819796808006343,0.42640722155320515,0.3137644582470283,0.18710837467162292,0.16771034871050375,0.20720814383896222,0.10885485254784716,0.31106751615872164,0.6203545701968286,0.34998985590155784,0.44922186969542466,0.055568239306683524,0.28731580723568556,0.10845861077224889,0.23335793994010465,0.26167890489015205,0.7895413153136112,0.293799909617389,0.6263720888322757,0.0,0.4442593196823565,0.040186999706561276,0.37016918114846625,0.1841915763058241,0.9883203500369099,0.2735299982324017,0.8642079088507111,0.010764063943520447,0.6851223679652202,0.0031407521957837123,0.5639453699749774,0.10519247229529166
images\O\O.5ec9abff-c0d0-11ed-9585-8cc84b59e01a.jpg,O,1.0,1.0,0.5446700110173426,0.9464702566809515,0.16735063671291714,0.7818068764370644,0.0,0.5259431168529072,0.14705579696771415,0.33223658665330624,0.3547053000687885,0.4949893086881447,0.1822760599298693,0.25588702101580885,0.09151608699785806,0.2322228087284049,0.06772869374584053,0.2744372970216421,0.531481077574395,0.3957064765193741,0.37166026318585754,0.11222710314655597,0.25415387368644754,0.1155606452363272,0.21777259533916077,0.2152503735249121,0.7237801229244613,0.32958192049958396,0.5763440318999603,0.05757240120601576,0.4478823772852597,0.05382766857827919,0.40826021061579676,0.16867687187424513,0.9653652780341034,0.2902164207814052,0.8493811832737725,0.05220366278081469,0.6965784720008501,0.0,0.5815121162805004,0.0643049752623621
images\O\O.600262ac-c0d0-11ed-8794-8cc84b59e01a.jpg,O,0.9814044972194008,1.0,0.5188205321017514,0.9392043634262406,0.16411708258744437,0.7566443864829169,0.0,0.5148383820453596,0.1360636142739297,0.3518357119415139,0.3851834185377022,0.4483370354437762,0.20573684476343862,0.2021172837828017,0.09537763960516052,0.21787084316609248,0.06832978860711901,0.2937737911903098,0.5554885268716435,0.3683085486501023,0.39098143087222714,0.07738308145300417,0.25399693600974194,0.10184757255452373,0.2091689627887923,0.21089164979083563,0.7535985050421158,0.31511987392745855,0.5968417331185921,0.03352191263801178,0.4414761025594981,0.035720434956664784,0.3735273486383201,0.14730312759478673,1.0,0.28749699486715313,0.8838343649515429,0.03070699381702246,0.7261842097879337,0.0,0.6067065471747878,0.08168381968954157
images\O\O.61385d92-c0d0-11ed-932a-8cc84b59e01a.jpg,O,0.8737404574457105,1.0,0.433634558253882,0.8620982183140389,0.20416496199144202,0.6460489375844359,0.04455015848816344,0.5005571343057474,0.0,0.370854615747313,0.7040244428665404,0.3020976972417483,0.5294256995800593,0.05277969826101655,0.21818516441359379,0.10919991256152783,0.089124565851863,0.24159929795040663,0.8540453963820678,0.28950283984398334,0.6114248266205399,0.0,0.2424676153158385,0.0687842430281163,0.09651549876206382,0.213892708673566,0.9632418135174424,0.3146742853366445,0.7053587527870663,0.02804798694523276,0.3174619261565781,0.07829079392353455,0.1437031887893096,0.20997735877352292,1.0,0.38130100312770465,0.7461428743746588,0.14554279846321802,0.43768474223445303,0.1430980480123634,0.25933301913422807,0.23171417532684577
images\O\O.626ee40a-c0d0-11ed-b104-8cc84b59e01a.jpg,O,0.8440178154326455,1.0,0.4360085467061419,0.852460592665826,0.23715970142898865,0.6283361605148294,0.07938266059705806,0.47830379472163287,0.0,0.3452848037419977,0.8801913953643175,0.2854943341576147,0.5464980513246135,0.030529141099620204,0.19343249319507802,0.09877646939786824,0.04342736589101451,0.23297199657934403,0.9892914305658085,0.29319599103022576,0.5571028753081629,0.0,0.16851199639229694,0.07899722117417735,0.031911021185060895,0.22356763079346176,1.0,0.33874109254971135,0.575590554486451,0.05246184219268192,0.1795833750613927,0.11599632090531573,0.020202177694967984,0.24308981172373145,0.9102415949693651,0.42009047183962656,0.5773980041294288,0.17445802534528085,0.26622761751870866,0.1758113238828468,0.09557474679813355,0.25907476498228416
images\O\O.63a42a8d-c0d0-11ed-8f94-8cc84b59e01a.jpg,O,0.8916555749912775,1.0,0.47406192620403903,0.8363157245627143,0.24748748588821706,0.6150398370596011,0.06967784605733525,0.46333017821905476,0.0,0.3282944302354541,0.9040686575685559,0.26204226895223864,0.5422460672032179,0.022658899218345883,0.19803897612773852,0.08983140194838783,0.042852242437200365,0.21493737068222313,1.0,0.2753414947219189,0.5327575451782637,0.0,0.1569935118104316,0.07278300836254957,0.02335243098589233,0.2013163472038623,0.9935916939895846,0.32750325689215853,0.5501956559791081,0.043673636655363335,0.17067827014504738,0.0983087509818572,0.021573259683825577,0.21790165143590629,0.8836448987887068,0.41341725817575725,0.5468681533623342,0.16568780293886623,0.24966607498011723,0.15867859982374466,0.0862014075952817,0.23566099344789931
images\O\O.64da6f3d-c0d0-11ed-98ba-8cc84b59e01a.jpg,O,0.9090321589437566,1.0,0.47409384548977335,0.8452766487628106,0.2503164194246166,0.6176240798000441,0.07834947336589791,0.4723715898472221,0.0,0.3442659292405169,0.8933312929665875,0.2657033024637428,0.5629650268133455,0.01316092958238686,0.20504893222161796,0.08201642495194827,0.06074948116969104,0.22165100395809434,0.9924760460131152,0.280640588320203,0.5678289847509005,0.0,0.17153225039445735,0.0827513693790882,0.0437926922354697,0.23085976494541477,1.0,0.3334031254510784,0.5863300711852255,0.06514324351016873,0.1819990879316778,0.12721634290315964,0.02905754565828653,0.2575657339947884,0.9136406645905325,0.41799573042414667,0.6039087248845892,0.17165092798699375,0.3014154129791712,0.17439986629086296,0.14273686341167205,0.26821840171998573
images\O\O.660f4bdf-c0d0-11ed-b6fe-8cc84b59e01a.jpg,O,0.860311017234518,1.0,0.4431983347108703,0.8655305006173524,0.23358618789604188,0.6309550476016268,0.08118223283435884,0.47580420512685373,0.0,0.3519680480426481,0.8819536535341476,0.27274542372539795,0.5497768390118468,0.023215239341273786,0.18625952796400036,0.08512254425133721,0.030059693268436036,0.21143663670460175,0.9890941929163988,0.28650435944556873,0.5712002938745523,0.0,0.171023969143172,0.07341602418874163,0.026885235864940155,0.21387302770838645,1.0,0.33806959766297445,0.5928582361404475,0.05565177761053243,0.18733033336394528,0.11182084457524374,0.020732237426148714,0.23426929584626105,0.9195077601248967,0.42408658589801324,0.5946404628524199,0.1871730222053082,0.28070223773226805,0.18139835543219704,0.10842930174181896,0.2542347737188485
images\O\O.67450d0e-c0d0-11ed-b631-8cc84b59e01a.jpg,O,0.8742891080343889,1.0,0.45634408171770097,0.8509370267895675,0.24030414580539897,0.6359337104307748,0.07230408459011067,0.4844780154375213,0.0,0.3353871405344569,0.8898242532617743,0.2720666753404537,0.5386450937712267,0.024905748385568638,0.19699138630260837,0.08852494365829404,0.04110724329898606,0.21280681626219827,0.9934087615558572,0.2831836801786679,0.5317860384408466,0.0,0.15333546802030934,0.07602604683663043,0.01335435058231043,0.2100224093050932,1.0,0.3326829509436686,0.5449738128060029,0.05057212117462487,0.16392983315302292,0.10758877514905418,0.008264652526719886,0.22573515652697926,0.9085684922556774,0.41631524181517493,0.5489333824625262,0.16716935205294287,0.25812073773840116,0.16346949662616977,0.1041631104900637,0.24126123535957245
images\O\O.688056f2-c0d0-11ed-a1a1-8cc84b59e01a.jpg,O,0.8631300143753521,1.0,0.4508518367426229,0.8622226763646723,0.22437569205664665,0.6305098574715207,0.05752144161470171,0.4783604735054327,0.0,0.3430407830241552,0.8884520028362182,0.2592711632962072,0.5494608028828408,0.024606676513300698,0.19684215766264546,0.09175081203766493,0.05408544107076947,0.2248660021736909,0.9916722516852187,0.2659106743086455,0.5687843600054393,0.0,0.17699105911377896,0.07882106684254366,0.040206669969112416,0.22176802816508903,1.0,0.31380541441014637,0.5804066621986518,0.056417342461596576,0.18646980690405424,0.1143773242546129,0.0325539804184393,0.23938421380200833,0.9052453037278785,0.40169126776961356,0.5565458845698079,0.19322858124866465,0.23979034326009674,0.19687431298052657,0.07351462789206831,0.276691654822838
images\O\O.69b5e7f0-c0d0-11ed-a31b-8cc84b59e01a.jpg,O,0.26182948762410174,1.0,0.6240204262137306,0.85521939554684,0.8341405155750552,0.5921510674393096,1.0,0.3852445428862656,0.9272944541673723,0.2334650071068568,0.44685098111959737,0.36310500865872625,0.48986351159896013,0.06539789580607275,0.7446639272205241,0.08477369158005,0.894203006669839,0.18917888469962507,0.3249960346584295,0.35458453985306615,0.3759355517739191,0.0,0.6695593497377498,0.027281159951892047,0.8213035623553322,0.14538653894310635,0.16819651560731558,0.36362523763001314,0.23351157207646792,0.011011924706114718,0.5449770547862345,0.038621446130730895,0.7213883803394332,0.15188005459758966,0.0,0.39333260442494417,0.1227547093471838,0.1371104895795492,0.3767733141921591,0.11898782840555992,0.5543873480064413,0.18073600936764847
images\O\O.6aeaf8d8-c0d0-11ed-9b3a-8cc84b59e01a.jpg,O,0.22346440814123697,1.0,0.6101079457186455,0.8477726406910268,0.8236173444704477,0.5937925863303785,1.0,0.38446077858936806,0.9539617479739042,0.21495372875560606,0.3949794647090448,0.3608824458746416,0.4636924599491086,0.10702666113301364,0.6985953460702058,0.08755032234259928,0.866537517365796,0.14209847161161065,0.278664001783337,0.3380204909636798,0.33647959342125333,0.012156127232352938,0.6216437342689871,0.0017085245120909772,0.8168104355579726,0.08872101525354749,0.13979388102851062,0.3329345740558296,0.20155745222982685,0.000855267377964036,0.519139815965697,0.0,0.7405983150778243,0.08773965076216568,0.0,0.3491638208010164,0.13078057570589846,0.09055326113633967,0.3934880594408852,0.06409991423568794,0.6090123391183663,0.11653255599031648
images\O\O.6c208422-c0d0-11ed-9d12-8cc84b59e01a.jpg,O,0.24455225471883182,1.0,0.6050913060907688,0.8645852587746824,0.8183301348481359,0.6014613114909104,1.0,0.38383454290447244,0.9325145211227962,0.21391156673838502,0.3962201581331082,0.3556624893279951,0.4368564434550464,0.09796775362755468,0.6612444239741392,0.07364642825029177,0.8245889306824288,0.12821070917732166,0.2781900838429586,0.3391397691973262,0.29604428409371986,0.010677288768462221,0.5736178705764949,0.0,0.7662454901358716,0.08823544134591943,0.13917658197077865,0.3386325187229376,0.17287957489999403,0.004367990196123872,0.4802862431019336,0.006558288845402625,0.6919491995257713,0.09904529008850001,0.0,0.3592061975032375,0.12168538846668885,0.1053002668812346,0.37640967904267203,0.08104865136448709,0.5858840186620949,0.13382420693446254
images\O\O.6d5a3b08-c0d0-11ed-96b2-8cc84b59e01a.jpg,O,0.2435579227402508,1.0,0.614212005806224,0.8489147305201378,0.8230101802046939,0.590143663014753,1.0,0.3762479094359444,0.9335339784463419,0.21249797099017503,0.4109507122763564,0.3482120091848031,0.45150047574756513,0.06524566065471815,0.6846260941418042,0.052036396332644536,0.8497203280261356,0.12643694931761437,0.2909947314276531,0.3356363430768361,0.33225596081178155,0.0,0.6136281416324125,0.00034397415998993247,0.7914180588188838,0.0961599279222757,0.1457529140616082,0.3399041030682276,0.18550258014165172,0.002281974915055162,0.4951292346964993,0.009220914942084308,0.6973186736178576,0.10571277975257935,0.0,0.36593634471828224,0.10834525719854865,0.09571199550608521,0.36468956393657576,0.07520996832008929,0.569963516248702,0.13863179991865723
images\O\O.6e94ddcc-c0d0-11ed-817b-8cc84b59e01a.jpg,O,0.2286572814019725,1.0,0.6161440557101968,0.8363960934019059,0.8219986988589021,0.5853660743597197,1.0,0.38771064129204547,0.9777717045369919,0.22028599112571137,0.4171119726057809,0.35593071264685666,0.4734748476498666,0.09568942957775282,0.7129248555887945,0.08390723512593867,0.8904793285774706,0.1511249585114881,0.2967290212074758,0.33603722003624564,0.3370995232427921,0.011443409307832272,0.6254248731527942,0.003188417022795245,0.8252849232031677,0.09746443208425616,0.15024034577192374,0.3350121778057364,0.19186456610597696,0.003248500712860407,0.5103877007038246,0.0,0.7362814623926665,0.08813046702762728,0.0,0.3568587522934053,0.11521456884596092,0.10016566448760737,0.3783053691039409,0.07392718942613923,0.5982491502536944,0.13014887362988375
images\O\O.6fcbda85-c0d0-11ed-83aa-8cc84b59e01a.jpg,O,0.26034612490594433,1.0,0.6271577172947013,0.8572919591857938,0.8241631652222774,0.6024807196215746,1.0,0.39218809090377377,0.9378192851350994,0.2315443665765844,0.41329491828108633,0.36840680808335474,0.46026955906140427,0.09533438273907978,0.7108206801494877,0.09489662578392098,0.8855921300604043,0.17513947372531896,0.29482996262807915,0.34811014328275575,0.327533522765995,0.008774029859747031,0.6230999361603585,0.01886496342277259,0.8102352748094894,0.11987892478173003,0.14843620695170578,0.3462446810713529,0.18570033755732007,0.0,0.5054023775050801,0.0213131328176399,0.7128377485608264,0.12707848273802624,0.0,0.37212719727653415,0.12757705611629663,0.11065805587231883,0.3977922471692891,0.09212949323002512,0.6099877745000272,0.1503660629011334
images\O\O.71007541-c0d0-11ed-b4d1-8cc84b59e01a.jpg,O,0.26077009717874766,1.0,0.6130480097001509,0.8628686614859842,0.8276885233994594,0.5920567859564052,1.0,0.3763082279024054,0.9276089051500254,0.21116025513320993,0.3849773465055026,0.36232274181663654,0.40760164880324146,0.08511449215109289,0.6529655625875549,0.05943509374168002,0.8262369065164983,0.12287666708032587,0.27228190212202963,0.3463104484053438,0.2924551022230903,0.009423696632900047,0.5850360089258626,0.0,0.7713381947613207,0.09479669509622364,0.13597031570321402,0.34446849887004755,0.17235595995247233,0.00785093244552495,0.4889325072867553,0.011113193727649975,0.6969971304762742,0.1046773808081526,0.0,0.3662887147265007,0.11310552528409397,0.10770323033464783,0.3781446341435443,0.08366950814939308,0.5898332604107551,0.14045362334157338
images\O\O.7239e0dd-c0d0-11ed-9f5d-8cc84b59e01a.jpg,O,0.2718181932988081,1.0,0.6267444229832582,0.8585745154963421,0.8265019521563828,0.5953021005549549,1.0,0.37866504224141345,0.9263266181702259,0.21858006064455746,0.3952663578212713,0.35725020794305806,0.4127714272159168,0.0669514300761211,0.6589660107371161,0.050836026446542865,0.8400559485049851,0.12442733141942591,0.28230819666759616,0.3453028340401686,0.3001890548859885,0.0014845740724712731,0.5961116608193562,0.0,0.7868065697852815,0.09580160398546525,0.14212906724845104,0.3503987225621519,0.17921508944012926,0.007118840741289496,0.5023381846839944,0.01938821465298081,0.7135444736345401,0.11623980272181693,0.0,0.38049618807734453,0.10620727364696397,0.1067943468827612,0.373887352777646,0.09086598198266921,0.5854114068461829,0.15660862842665954
images\O\O.736d1756-c0d0-11ed-8b4f-8cc84b59e01a.jpg,O,0.2628899273240885,1.0,0.6108333499921071,0.8612586918620834,0.8172417620065527,0.5954345350386053,1.0,0.3803965490989515,0.931253606050099,0.21883455221863915,0.3971811286652462,0.3554784952797304,0.43302104451201395,0.08258029361636395,0.6699998000947137,0.06653723882938346,0.8433180279412444,0.12915625019585608,0.28318203720030577,0.33640091562944363,0.30726269691532354,0.006468688282295238,0.5940137328038371,0.0,0.7916404434588578,0.09054467712043462,0.14307807266488223,0.33677917131037577,0.17665354414839313,0.005576874937095638,0.48583981244748176,0.007846040352434016,0.7018543627950068,0.09625648537061131,0.0,0.36231032376253064,0.10317008424284495,0.10798941621433898,0.36070082657389224,0.08298804291764164,0.5782336231040879,0.13551175671007512
images\O\O.74a9343c-c0d0-11ed-a3c1-8cc84b59e01a.jpg,O,0.24488890659748092,1.0,0.6161284214557144,0.85549322372406,0.8190686510789528,0.6016477402450363,1.0,0.39031270188923306,0.9669299095886267,0.20703310965416757,0.4054502815019691,0.3637049163561879,0.4378659375741572,0.08807430171983519,0.6814071889753202,0.06155690494487726,0.8629686425106584,0.12065602792184361,0.29526025224635644,0.3477309540803502,0.32454231027310293,0.008669398255749049,0.6226505507509246,0.0,0.8197738604961783,0.08849851668806948,0.15078787759115977,0.3484133711981804,0.20512144235071686,0.012900024271722292,0.5415768553090105,0.019028814207528267,0.7584343927811943,0.11322038219679974,0.0,0.36949663905068036,0.11735354651578946,0.09746789038400458,0.39779875932507225,0.07816827001678854,0.6174866547932908,0.14399469335163675
images\O\O.75dde88f-c0d0-11ed-b7f8-8cc84b59e01a.jpg,O,0.2323531084286848,1.0,0.612434501560947,0.8555221387399271,0.820158659026866,0.6037767772647759,1.0,0.3974925439476929,0.9634506997169945,0.23561591293625075,0.42257978104181637,0.3502925066674314,0.4544235296894665,0.06042413466777551,0.7067747855106061,0.0644557798743942,0.8787285962134561,0.15542499498150325,0.3046470049451746,0.3367293022855668,0.34453457527183795,0.0,0.651566365373549,0.019102549396346535,0.8332427892258354,0.1285681511857991,0.15724739714004604,0.34043546213185744,0.21834803915081907,0.0111787014998136,0.5514243440499647,0.031421883513521265,0.7556303354113773,0.1346910756789309,0.0,0.36761313125519773,0.11434844543695251,0.109909738751398,0.39031186394850753,0.09386775544148433,0.6017955987337892,0.158866608356514
images\O\O.771334a2-c0d0-11ed-b751-8cc84b59e01a.jpg,O,0.249048992106097,1.0,0.619566883883813,0.8581967281406636,0.8213225961872276,0.5994256260751851,1.0,0.3888300645047709,0.9509423375356375,0.22625500304103752,0.4184935217268252,0.36246812706501663,0.45976583688518435,0.08201745218652227,0.7031963663444888,0.06731904377753734,0.8719243578207513,0.13733789132755506,0.3030695535435155,0.3439643465065742,0.34906509923506995,0.0,0.6421566917014451,0.00532933222873094,0.8179355172062555,0.10615303862860256,0.1555349487691087,0.3432572464174984,0.22311545709882058,0.003202598303032235,0.5478894550468358,0.025093359308635786,0.7436083422944658,0.13181113617436394,0.0,0.36738087881094167,0.12971596117794218,0.10014123889586611,0.404378812886972,0.08686391329909646,0.6114012391563248,0.1560014214450561
images\P\P.842c58f4-c0d0-11ed-b1f2-8cc84b59e01a.jpg,P,0.8901601332806786,1.0,0.5010940803626585,0.8957690404906301,0.2848142700516021,0.7676486518761142,0.14330639722204458,0.6764924895724046,0.0,0.5958304545493317,0.7095442441615534,0.4657605960575586,0.6030152973465832,0.2723052449312077,0.5543766840563582,0.12231995871610499,0.5260967339772772,0.0,0.9059763356911495,0.5018588414920204,0.21266298303202996,0.4910382387812721,0.1640415111033169,0.6260574733232682,0.3215139250487375,0.6725664679239489,0.99431104582743,0.5880988936939703,0.2957669407746181,0.6379257401673533,0.32363681674368194,0.7462891408002593,0.5003813952936415,0.7687125224971638,1.0,0.702579177222208,0.4503556502872167,0.7427435451265385,0.4667849860133083,0.8237525269326237,0.6179797059465361,0.8421383607564165
images\P\P.85612f00-c0d0-11ed-b561-8cc84b59e01a.jpg,P,0.9440860699382595,1.0,0.5167220583172735,0.8781219853201859,0.2838139484005058,0.7353543238332894,0.12818475179929026,0.6358501383925425,0.0,0.5542825943104938,0.7025246366833217,0.45045862583727225,0.5938066450676764,0.262561003706248,0.5479269151944713,0.1172809205550009,0.5233002055872105,0.0,0.8956054527262023,0.48855208051700216,0.18928308297165214,0.4896238731606837,0.1495909168417429,0.626384740736221,0.3086169675403855,0.6662058140648062,0.9876074989463254,0.574641604869566,0.2784120559686246,0.6281077305201056,0.3055714455773011,0.7350505019688456,0.47889143772702264,0.749802905033575,1.0,0.6847290588570701,0.4432177133168392,0.730476341765933,0.4516689885044898,0.8097157771706484,0.5985367595723529,0.821215560981614
images\P\P.8697bb89-c0d0-11ed-a855-8cc84b59e01a.jpg,P,0.9112971368813065,1.0,0.5045849933992309,0.8795581092668999,0.2756078351160918,0.7423995254953816,0.12212389490902038,0.641898749503388,0.0,0.5622049013452812,0.6918048816382629,0.45205661242164535,0.5923250234939988,0.2612709903601712,0.5471934726905259,0.11702972735713928,0.5194022702654838,0.0,0.8886531001165502,0.4941153161692308,0.20657008819525555,0.4956409249434127,0.17340909615297073,0.6315750342618169,0.3263698388813676,0.6761967025999522,0.9840321875578776,0.5836558412685688,0.29684566173256316,0.640182699230986,0.337931318326691,0.7491349657028776,0.5106126773430548,0.7680711225269863,1.0,0.6978397454521968,0.458899065291179,0.7430044939624646,0.47983631838593266,0.8227282478738359,0.6286389195317289,0.834962193105187
images\P\P.87d1d417-c0d0-11ed-9d4a-8cc84b59e01a.jpg,P,0.8815717686339953,1.0,0.48713774933533016,0.8893901952597041,0.26934979359493577,0.760017559638983,0.12410204661247586,0.6651681252644188,0.0,0.5793394459500854,0.6931510959438952,0.4599406937628256,0.5818802062063204,0.26536303895535435,0.5352606781523493,0.11855197510912684,0.5143226971202022,0.0,0.8933316322572745,0.49646843648524464,0.2124603393903181,0.4953851816770941,0.15355780271407113,0.6320075367193236,0.28922289246613503,0.6779873834673197,0.9871489687440096,0.5797075360612618,0.2940510848527084,0.638587306665127,0.3128573782357576,0.7506134304491188,0.4733795487489718,0.7741092123784417,1.0,0.6898307995473383,0.453441056752898,0.7431883693714214,0.4604176056243216,0.8254129922223451,0.6015994389013443,0.8404452489310209
images\P\P.89096b64-c0d0-11ed-8167-8cc84b59e01a.jpg,P,0.8363610441693188,1.0,0.4662475395058776,0.8922556269577292,0.24480635352800037,0.7588258468692479,0.10495764927873687,0.6591309027889904,0.0,0.5831231095467218,0.6672551266316789,0.4598260513880367,0.5790695718674527,0.27046124368951896,0.5325534213022945,0.12004370243592642,0.5078518999350876,0.0,0.8797071322136168,0.5006624255928354,0.19225952858378031,0.4935438800443483,0.14093933715799462,0.631700196983886,0.2998386388901299,0.6745841271891584,0.9801163166567239,0.5926073992744965,0.2923480932320315,0.6457575268296358,0.31074891002409905,0.7490319802800831,0.4898052103344695,0.7641375227392601,1.0,0.7126127813478864,0.4526507635744377,0.7528185918343182,0.45043927539926365,0.8258509596236854,0.5983553781342555,0.8356308328220363
images\P\P.8a3f72a5-c0d0-11ed-9d04-8cc84b59e01a.jpg,P,0.9135102873955226,1.0,0.5130596730023314,0.8867938847020009,0.2815194651165158,0.7612279045039386,0.12681849186069002,0.6701297726861027,0.0,0.5833005158965378,0.6792728832194814,0.45723653958083005,0.5727886680851497,0.265611792410865,0.5212556120007737,0.11776804271233167,0.49220619076221406,0.0,0.8801933277001232,0.4950147866044832,0.22143097111792073,0.4976670500429288,0.16478412249177923,0.625775747396132,0.3002356785812455,0.6727541672070736,0.9795021989880582,0.5840126739261624,0.3067620155354434,0.6506030940929686,0.32645555702607226,0.7517820564902957,0.4874417166359555,0.7687360052479315,1.0,0.700169893208452,0.4665506938010934,0.7511348544760161,0.4712165443309884,0.8258046881950482,0.6117717124619504,0.836064737351531
images\P\P.8b7671e2-c0d0-11ed-b3a6-8cc84b59e01a.jpg,P,0.8857549388075877,1.0,0.4918266457938535,0.8879703764089592,0.26785037488671004,0.7619875152177827,0.11961389520918235,0.6723356075089851,0.0,0.5922734100449767,0.6622286587104911,0.45978569479894194,0.5643461506772045,0.26733716568054355,0.5305068417616823,0.12026819960555075,0.5127619928888776,0.0,0.8712690374633194,0.4956150140882432,0.23235940956135404,0.49612678448384623,0.17908176523155514,0.6318216373417701,0.31793625341454296,0.6782989295523141,0.9766423080092026,0.5843054922042897,0.31980149701168076,0.6506221363879966,0.34218758912670094,0.7572030119617973,0.5052763006952675,0.7739268834735687,1.0,0.7031800717945068,0.47277365462254645,0.7603016706402738,0.49050772906750495,0.8399834370137453,0.6415537992533955,0.8487471545846368
images\P\P.8cafa22f-c0d0-11ed-9517-8cc84b59e01a.jpg,P,0.8829925459891951,1.0,0.4847419101676094,0.8863152461588933,0.2604051673326104,0.7613657884620968,0.11294470875952105,0.6701892069809701,0.0,0.5909960809942305,0.6632916833559657,0.46424096836669376,0.5552498835819631,0.268428926362302,0.5131811269265963,0.11913682196931448,0.4908672899509253,0.0,0.8709879739353855,0.4954244318351721,0.21601326025862716,0.5011627438327556,0.15962720176629772,0.6372728955008358,0.3052484181801011,0.6851395444280388,0.9772100702415959,0.5803155659892878,0.30518784823647027,0.654387071918068,0.33601534438571984,0.7565366962040293,0.5133263645333672,0.7711119480054588,1.0,0.694753091368783,0.46644457687335344,0.7540889969243411,0.4878062282835585,0.8322584922987181,0.648872780323235,0.8422347737113284
images\P\P.8de6a0cc-c0d0-11ed-899b-8cc84b59e01a.jpg,P,0.0,1.0,0.28591888404047217,0.9063905062492976,0.5564855108389601,0.6637981694349337,0.762758950496778,0.5133800768840759,0.9585493752597881,0.4087793001507312,0.40425937543040447,0.15611876968320706,0.6459727988079604,0.04677300495602886,0.8421897644529978,0.015415420224406791,1.0,0.0,0.26366581350247925,0.10439316742318241,0.5873225620839526,0.17532949399091152,0.5290172671167147,0.4467653697375973,0.41935719176363156,0.5308128247648739,0.13865793176878963,0.13477876311177187,0.4529802349609721,0.28229118321006885,0.38038248229978977,0.5151117272665661,0.2681683543261507,0.5456049881139381,0.022131166390259933,0.2315581593461508,0.3005211711403181,0.3640094676708552,0.2590406267208452,0.5286350717324482,0.146011249304862,0.5339050882296674
images\P\P.8f1d4d3c-c0d0-11ed-8813-8cc84b59e01a.jpg,P,0.0,1.0,0.26830915003888484,0.9341492373313913,0.5388604099020863,0.6910028446729681,0.7543203790923516,0.5365063306928886,0.9530441960864338,0.4220306002979959,0.3833820186081751,0.15018341559786974,0.6272459006450306,0.04369230571681586,0.8351314245415934,0.011011356220652703,1.0,0.0,0.25391765257989124,0.10296909014948864,0.5766216102995185,0.18956950187726404,0.5140183264978625,0.46709686058717753,0.39776143684184284,0.5607761650983437,0.13172549420736895,0.13803795067980026,0.45031120710525735,0.28596048642394384,0.37940409840405165,0.5298190791661068,0.26491745777025727,0.5766692791370318,0.01106996749917373,0.23789959217029333,0.2877757211683027,0.37474931978700954,0.24862206879607132,0.5465546346431914,0.13863789515129615,0.5642587455464565
images\P\P.90528bd6-c0d0-11ed-b951-8cc84b59e01a.jpg,P,0.0,1.0,0.2648482079708859,0.9322681153774162,0.5378392277767746,0.6990396559491089,0.7530022366410752,0.5482119939565405,0.9438855572381958,0.4292611628912956,0.3919652692014576,0.17988292812241677,0.6325482755926737,0.050328279503734176,0.8336183244179844,0.015268512124981752,1.0,0.0,0.25610730289438843,0.13213126881304413,0.5779766650507112,0.1860428147045574,0.5221410910234793,0.4611079914632104,0.4102927397378634,0.5784391431327295,0.13479164262997534,0.161591790639086,0.4511705502199131,0.2997736837250208,0.37817549483678936,0.5403209266876773,0.2659132381937377,0.5988255197348329,0.025439658031393687,0.25566798229234117,0.3066001348296702,0.3911617538929176,0.26301072687471966,0.5611685335296472,0.15297579843636905,0.5830984641480809
images\P\P.918db7d6-c0d0-11ed-b038-8cc84b59e01a.jpg,P,0.0,1.0,0.26218942798480493,0.9258376087867848,0.5220758402168721,0.6928910778499281,0.7280515771494022,0.5413522035644857,0.9159505535590584,0.42343237448482285,0.4001810602025173,0.17575836786370472,0.6405412299589613,0.062200901635008084,0.838309737987881,0.019667752700748487,1.0,0.0,0.27505445560648917,0.12647340327872933,0.6044699862704349,0.19494156176413188,0.5281826207213899,0.46170140597625486,0.41581500849032305,0.5409845612453428,0.1644771886652312,0.15657517396327755,0.4734424196045185,0.32358392136099673,0.3850407760580393,0.5597445441568655,0.2739835995468493,0.5831198385041092,0.06282138811154708,0.2526596276721306,0.3271970430168031,0.4056037224785049,0.2757344316985398,0.5715046528758565,0.16554704439226042,0.5715353267815649
images\P\P.92c75817-c0d0-11ed-b411-8cc84b59e01a.jpg,P,0.0,1.0,0.30262179098250963,0.8982658364859911,0.5560130889528743,0.6594887507175611,0.7495028064764695,0.5114524473154571,0.9192617723901388,0.39197723515945415,0.3669554897499078,0.1359587998921065,0.6369146665422095,0.02679053096059812,0.836077581239231,0.004147589340673781,1.0,0.0,0.25281790620568,0.10037382337277902,0.6084636720122908,0.18027381438165258,0.543160112506703,0.4384146742099912,0.43021407895852243,0.5234020001798225,0.16947131755331257,0.14009255673054977,0.5045692751547063,0.28894627456133676,0.4311896545647985,0.5108563529224619,0.32465189309767756,0.5412705672017539,0.10436706407224355,0.2421409774046076,0.37734392933375116,0.3975158555056817,0.3243056673394336,0.545970592100258,0.21455662624667465,0.5404579076957127
images\P\P.93fe2ef2-c0d0-11ed-9b37-8cc84b59e01a.jpg,P,0.0,1.0,0.2838232853283813,0.9060557613769709,0.5379502118007029,0.6702356612504036,0.7368227729655226,0.5239875892248645,0.9215678303477572,0.4075033435304607,0.3598016458153425,0.1471977542406898,0.6307227683951496,0.048512790818827624,0.8329793298871118,0.012561084550754194,1.0,0.0,0.24733078194269714,0.11221964304929978,0.6003709218442176,0.2057069752109029,0.5308331789830198,0.46058946911739335,0.4216108880715672,0.5317272430691133,0.16213951183606312,0.15569322531552166,0.5009099853026429,0.3113189822002907,0.4264167554682107,0.5273708321163395,0.3185121752329086,0.549924930695403,0.09090880662752182,0.2612941299049122,0.3757089490307201,0.4075900276535163,0.3299041905508743,0.5625278627538393,0.22063403099675022,0.5673040298295867
images\P\P.95349beb-c0d0-11ed-82de-8cc84b59e01a.jpg,P,0.0,1.0,0.3044665426566251,0.8992493605017647,0.541008900557571,0.6677450445798537,0.7322473682638294,0.5217548495105616,0.9100330540657544,0.40694035291285385,0.3629024419040773,0.14188141359096443,0.6312444611561384,0.04924072610590448,0.8345189047349677,0.01462828287812061,1.0,0.0,0.25332852213569756,0.11182563454302778,0.6065053587795742,0.19307912764529392,0.5448128919865584,0.45252443363892575,0.4365652126702668,0.5357532042966114,0.17055466438814415,0.16155124790413863,0.4985473944851726,0.3193731173401637,0.42940934646265544,0.5397190716365625,0.3231545840645358,0.5669888756655503,0.10508736733446532,0.27635681236819787,0.3700689768318074,0.42735027829976413,0.3262935586061246,0.5777844225290528,0.2198922791183749,0.5759690726999118
images\P\P.96700c21-c0d0-11ed-91e4-8cc84b59e01a.jpg,P,0.0,1.0,0.2873886588614565,0.8990680886551267,0.5488370318873392,0.6567790814142813,0.7492133061812096,0.5037426477401591,0.9279246467045238,0.3833209049070957,0.37226152170836896,0.15123173793523392,0.638612780775312,0.027318857526110726,0.8374901101875835,0.004732362298185156,1.0,0.0,0.2520353633852382,0.11402897220592063,0.5970117078152589,0.19024670058376833,0.5440212623276589,0.44071375937095986,0.4305855138088236,0.5254294425740521,0.15900480494152244,0.15050632967246316,0.49056693388129763,0.29953139685215174,0.423704050055063,0.5176745458476555,0.3153532954762183,0.550012134262303,0.08464842716606887,0.24966090252436782,0.3640388578881636,0.39937210708155546,0.3170786447727035,0.5573769696113947,0.20641782688675472,0.5630205046970627
images\P\P.97a78515-c0d0-11ed-92be-8cc84b59e01a.jpg,P,0.0,1.0,0.29485698588809567,0.8935209714307544,0.5416894886784208,0.6584421365231589,0.7355282702645801,0.5101813543360445,0.9137034487396428,0.39507474907861234,0.3624851513357798,0.14300816667524802,0.6291249820889288,0.05272297249041242,0.8320688849701696,0.01732491143218271,1.0,0.0,0.25032940925425545,0.11293123350512639,0.6112954165954778,0.18525621967808317,0.5402948607879066,0.448017376399521,0.4282367830551642,0.5313628897108529,0.1651328294549973,0.1617494157762826,0.5030809418835342,0.30682914757316704,0.4245958751426648,0.5244668076222302,0.31301994087386065,0.5484095993728418,0.09575240875690393,0.27483926581307166,0.3673465071688246,0.4138625035501868,0.31700207994171503,0.5611055655302194,0.20633577858565388,0.5578082517136399
images\P\P.98e104ec-c0d0-11ed-b6e3-8cc84b59e01a.jpg,P,0.0,1.0,0.31095363669378095,0.8900285253627682,0.5454670391618384,0.6645446277233453,0.7292335919753716,0.522750423746331,0.9031651804046019,0.4150423746330977,0.35168085677054284,0.14488445161023605,0.6275115534425343,0.058190086402910415,0.8295601977674025,0.02233825292488321,1.0,0.0,0.2457649245317503,0.12151184422671463,0.61247202132432,0.17975526065566994,0.5598785197352024,0.43192484187027164,0.4546720531304073,0.5255359874323039,0.16918915839668838,0.17229939228574973,0.5069790625749164,0.2977973459010294,0.4450291120642388,0.5149092562735128,0.34045829248782944,0.5549997932944727,0.10879533257536737,0.2854516515771632,0.37560140801276043,0.41290462606970113,0.3309803158296998,0.553791392781843,0.2216741869865631,0.5560986398776303
images\P\P.9a158f68-c0d0-11ed-9e70-8cc84b59e01a.jpg,P,0.0,1.0,0.325484324957805,0.8905006093343715,0.5643846537544924,0.6464035627085659,0.7517348158316955,0.4999722836010169,0.9231062926124723,0.3966719853725638,0.3554902793942865,0.1243643350494759,0.6319573232226339,0.055740663197994866,0.8340547817630343,0.02491405784284546,1.0,0.0,0.24726377774651342,0.09865204491591698,0.6043873822790854,0.17469006669844814,0.5427554119290526,0.43329472936428814,0.4334123942282231,0.5247831511584176,0.16394145798901105,0.1559614562963557,0.5008957708342512,0.30693481358802854,0.4342214775623854,0.528759814803286,0.3302983234258521,0.5648359061258359,0.09741614405472966,0.2835118980104742,0.3615546147830136,0.4309593029453578,0.3167224924693195,0.5784523333370288,0.21471120035660302,0.5816806542093534
images\P\P.9b4ac447-c0d0-11ed-bb33-8cc84b59e01a.jpg,P,0.0,1.0,0.30927789583416865,0.8933100553163553,0.5480194435337986,0.6703613270126476,0.7339165135602375,0.5227646165857942,0.8992273530237243,0.3983307756508629,0.33206885897777577,0.15900211034691286,0.6224782250817812,0.06546051745954823,0.8283603421722323,0.026688536405037495,1.0,0.0,0.22667825479897263,0.13514007194646885,0.598982068269351,0.21270847183132136,0.5452812166123817,0.4572792471508246,0.43958683669931625,0.538909288218714,0.1528850439979528,0.18435568147223103,0.49892593579671557,0.32869595471970076,0.43646629575209256,0.531917184933904,0.3333183961207273,0.5652267017907919,0.10078349610964228,0.2917663334430962,0.37995457515029585,0.437097372110699,0.33782739028813885,0.5777102632445497,0.23451109323886726,0.5851405896959568
images\P\P.9c7f0b89-c0d0-11ed-a1de-8cc84b59e01a.jpg,P,0.0,1.0,0.31041150331742184,0.8880858601766791,0.5433396110433877,0.6550396989378526,0.7260982436635686,0.5110051903992682,0.8968885546927708,0.40583241859065367,0.34249171653659544,0.1515850058434822,0.6340873889531524,0.07674880292211264,0.8380959740003622,0.034477164183479146,1.0,0.0,0.23401380942440742,0.12739327852996069,0.6021033596320562,0.19335217723894538,0.546179457933384,0.4534216054858966,0.43995368410855173,0.5312491098545755,0.162973351063155,0.1828491836669822,0.5090065725663686,0.3140247288075209,0.44212624078958446,0.5329742890911621,0.3350735622294828,0.5583045769058813,0.11303983789437994,0.29903725999099223,0.3899380571083245,0.4289528752368045,0.3423646246233086,0.5756698950650131,0.23399420359386408,0.5764340268589643
images\P\P.9db64b54-c0d0-11ed-ba9e-8cc84b59e01a.jpg,P,0.0,1.0,0.31182187435115966,0.8747072556193556,0.5504994655928707,0.6399286269152524,0.7435563839075664,0.5018610215200789,0.9267459388831025,0.40776665491919534,0.3375968255413261,0.16523469514900715,0.6295754122577977,0.07575432953260829,0.8349530254794512,0.0351753834411647,1.0,0.0,0.2255930750767168,0.14408431202654573,0.5991978172919105,0.2121749586405393,0.5428894885975701,0.46105466521968524,0.4239383237458106,0.5397447659669313,0.14451751348675154,0.19484366884632293,0.498957108929236,0.3191034033808866,0.4334310787624343,0.5305118292375507,0.31840344318355246,0.557001211894911,0.08214461925895707,0.3002719464216613,0.37531275170137657,0.41445572265659536,0.3334907386063938,0.5652192328997186,0.22131392347815673,0.5733171747345202
images\P\P.9eed9cc9-c0d0-11ed-a5a7-8cc84b59e01a.jpg,P,0.0,1.0,0.31830658336859174,0.8772069279824313,0.5510714587282216,0.6512125114754528,0.7406563017203148,0.5077088041473636,0.9091506317419634,0.4001934258133457,0.34257114327037985,0.1475407756996958,0.6358504990165005,0.049173440115728204,0.8395350737732176,0.015837352128256696,1.0,0.0,0.24274611088133738,0.13041064529273247,0.6138173477590495,0.19609523684843566,0.5653249012029504,0.44229463235185823,0.45776656753570943,0.5302211469070689,0.1803316393462292,0.18817574257020686,0.5308862316630933,0.30892491576485837,0.46840724237779374,0.5158136239193437,0.3630282503985952,0.5554380963758024,0.13934815340011938,0.3051022194875689,0.41721048338735844,0.42913938604486757,0.37057411063413254,0.5730039257912539,0.26385948803693765,0.5877338251345553
images\P\P.a02694fb-c0d0-11ed-b5a8-8cc84b59e01a.jpg,P,0.0,1.0,0.3312560072516193,0.860918065319162,0.5594768609392583,0.6340330002107897,0.7418758848758273,0.4965456135302948,0.9033427908735994,0.3960478131970387,0.313084513246373,0.15191806612064385,0.6217159964798331,0.06054393362448495,0.8309407297083412,0.02535808202204235,1.0,0.0,0.20896298448277975,0.13897173093615475,0.6072514306573337,0.20428287818518878,0.5520337641733408,0.45017307999028605,0.44156023003705985,0.5223180616323458,0.1442136548897024,0.19717413554178967,0.51286035256377,0.31665142515482625,0.45295078086017715,0.5213747175778579,0.34686943783915325,0.5455806695418489,0.10009059807937731,0.3140738597519093,0.38542809361078384,0.4356818886757838,0.350054990817571,0.5713988021053323,0.24588370621132133,0.5760566134669778
images\P\P.a15be161-c0d0-11ed-9dce-8cc84b59e01a.jpg,P,0.0,1.0,0.32979920506714056,0.8445261277888441,0.5548052672209096,0.6072950641359625,0.7327345760650941,0.45693534689314697,0.9094041283560025,0.35630509658135073,0.33699670945121984,0.14652023017568197,0.6240567347306939,0.04399791284259845,0.8305727007451471,0.015754322374466695,1.0,0.0,0.2272217061419282,0.12274436424922332,0.6195237665713512,0.22118875071707328,0.539180724811019,0.4677605404932535,0.4146681864027355,0.5336213497002807,0.15608868667392173,0.17436705945379338,0.5361949822938252,0.3317202249113384,0.45047155942023553,0.55539521672451,0.338263026016304,0.5857983493186159,0.11024263843674918,0.2805964810959744,0.4269459513598553,0.41025184464922054,0.37692211274551723,0.5612839269525877,0.27223229001812205,0.570481819047479
images\P\P.a292a236-c0d0-11ed-996b-8cc84b59e01a.jpg,P,1.0,1.0,0.563935009224067,0.9030729728551725,0.35156911262132307,0.7775191883811579,0.15758226720419158,0.6965818837647912,0.0,0.6579544393993382,0.6829657222735839,0.4764926478500813,0.5439394185143335,0.27665349806115414,0.488456850529265,0.12889489847253863,0.4591996477373553,0.0,0.7523862129783314,0.5188382142868576,0.1287951283950484,0.5169524351741883,0.06496764818429152,0.6501278897077781,0.1631881931941944,0.7230559274607903,0.7390577214542008,0.6090554334841776,0.1372788071127739,0.6472332261573175,0.1331779869487411,0.7689472412785179,0.2565612221543408,0.8322486450733713,0.6887449561984469,0.7178305118469431,0.20959567288833142,0.7509973722709701,0.15637752175059635,0.8422574583450404,0.2151244062626339,0.8977788536147342
images\P\P.a3c9bf76-c0d0-11ed-b1be-8cc84b59e01a.jpg,P,0.0,1.0,0.3115258423621959,0.8845858918498,0.540697587479703,0.6726392510888645,0.7208418198351176,0.5304954216319082,0.8845756638341273,0.4111326143021035,0.32901952807256857,0.13366091968176033,0.6188070294700079,0.050321288244000735,0.8282997429661033,0.019596162713580043,1.0,0.0,0.22330000761915975,0.10823426910427368,0.6065368592874115,0.1945613249966245,0.5597179534224862,0.45644797100550866,0.4515940065458314,0.5389914937377027,0.14896288045063652,0.1688068899280997,0.5131155171427534,0.3218767275558911,0.456120167203766,0.5430026078398238,0.3482601613125652,0.5772675511186707,0.09380467370176995,0.2937789730494912,0.3877238484209707,0.43420235851980676,0.3560737164386101,0.5836967127291626,0.25306718651014715,0.5984644230695744
images\P\P.a4fd9860-c0d0-11ed-bc92-8cc84b59e01a.jpg,P,0.0,1.0,0.3154013256194316,0.8759929065879762,0.5362484359244261,0.665779923067478,0.7198973018899733,0.5099494966777308,0.8940598676304474,0.38944281288810967,0.3393984474558385,0.16038277049672,0.6185776706162055,0.07261528304203511,0.8272926287700444,0.0286019094241333,1.0,0.0,0.233203397522057,0.1338255511786457,0.6190930369748308,0.2183961722950328,0.5416678390469738,0.47608308390314796,0.4266769307059509,0.527664910758677,0.15921934622302353,0.18406196469799657,0.5282231019283071,0.33310936616217024,0.4473072167883898,0.5560433897813803,0.33677159410293905,0.5707551746279682,0.10350566963116554,0.29553803449684884,0.39489015337620276,0.4253961863852383,0.34821282345972676,0.5793292659606802,0.24309516096721495,0.584229436854744
images\P\P.a6329a19-c0d0-11ed-af19-8cc84b59e01a.jpg,P,0.0,1.0,0.3326329515265705,0.8525771609973942,0.5526411052947979,0.6223539639845421,0.7270916525040203,0.4710107263226101,0.8976023772266978,0.36895993672666133,0.34209836223010454,0.152379276427729,0.6358913586140552,0.057808010790031034,0.8350488958030937,0.02518735714163625,1.0,0.0,0.23347632341975286,0.12721056565308123,0.6318701849236406,0.2446430541506036,0.5391617469390153,0.4947514361587241,0.4149592043525924,0.5458521933566102,0.16137608008874507,0.1797591355544264,0.5459108665861235,0.3442896278029763,0.4513080411119614,0.5688621986863635,0.3372459610525867,0.5886075359292184,0.11407023848956221,0.2852785378762099,0.4249327687078049,0.4180220244671412,0.3709204643964941,0.570465397781393,0.26763380583076013,0.5747284234341324
images\P\P.a76c836c-c0d0-11ed-89d7-8cc84b59e01a.jpg,P,0.0,1.0,0.32979920506714056,0.8445261277888441,0.5548052672209096,0.6072950641359625,0.7327345760650941,0.45693534689314697,0.9094041283560025,0.35630509658135073,0.33699670945121984,0.14652023017568197,0.6240567347306939,0.04399791284259845,0.8305727007451471,0.015754322374466695,1.0,0.0,0.2272217061419282,0.12274436424922332,0.6195237665713512,0.22118875071707328,0.539180724811019,0.4677605404932535,0.4146681864027355,0.5336213497002807,0.15608868667392173,0.17436705945379338,0.5361949822938252,0.3317202249113384,0.45047155942023553,0.55539521672451,0.338263026016304,0.5857983493186159,0.11024263843674918,0.2805964810959744,0.4269459513598553,0.41025184464922054,0.37692211274551723,0.5612839269525877,0.27223229001812205,0.570481819047479
images\please\please.d0ece82c-c0e8-11ed-8629-8cc84b59e01a.jpg,please,0.9436556852531657,0.9975438768322038,1.0,0.691046965307774,0.9765417386026833,0.4231281735340743,0.9380907100895051,0.18683179631574676,0.9025715039095875,0.0,0.6047915647777693,0.4544588121637685,0.3728932935991185,0.23825148139637384,0.2320571810312826,0.11897745551530128,0.1205370821573145,0.03769628523356971,0.5052788269469863,0.6208751976422313,0.26969451007889883,0.37195916917832544,0.12012553694221353,0.22621983398223797,0.012741145241027393,0.1327570188034516,0.45009328358208955,0.8096936044566375,0.22597202008119685,0.5729020300686735,0.08990688582354708,0.42306105137276806,0.0,0.3139577452296177,0.42686040533613023,1.0,0.22729209509106657,0.8735223278787445,0.1112886392160791,0.7911839835564404,0.02719862737241546,0.7197642916266132
images\please\please.d2238d16-c0e8-11ed-ac14-8cc84b59e01a.jpg,please,0.9219757062887727,1.0,1.0,0.6927266157516792,0.9774157504658726,0.41875528087600555,0.9337834768042522,0.1846061055635587,0.8948385559702802,0.0,0.5861880075426119,0.42424807497768113,0.3609025278092258,0.21844571993751405,0.21989613210282627,0.1088193446898209,0.11065440099583161,0.04010972610141058,0.48246231926080924,0.5905284735271437,0.25398618911566384,0.351302485162318,0.1093383223413863,0.21139385072086306,0.007905521583431371,0.12607128781312138,0.432479218109656,0.7835197734440157,0.2153410150759894,0.5604784533428415,0.08510777402453011,0.4164291339739032,0.0,0.31079931885664636,0.420999082106243,0.9806466353690448,0.22757190321669127,0.8719744892278668,0.11332940565917515,0.7913592061250989,0.03394433907032322,0.7181175115726748
images\please\please.d359f62e-c0e8-11ed-a349-8cc84b59e01a.jpg,please,0.9246532697341255,1.0,1.0,0.6956809377528347,0.9783620904896231,0.41957000084721247,0.9406190084093512,0.18344546803764325,0.9050038734735939,0.0,0.6060048043342747,0.436757950717886,0.36298993119959816,0.2183023549469277,0.21786248583119242,0.10411903909227427,0.11040729012456653,0.03558697479998529,0.5008671858689139,0.6031150416669901,0.25880697013307385,0.35346616229958444,0.10876643205209696,0.21644557571126188,0.008091441863595353,0.13874336448667532,0.44513173993236155,0.7908671169156605,0.21628688282142813,0.5531052025259758,0.0842688263179803,0.40861834495184557,0.0,0.30543529001163483,0.42470039839052387,0.980874600063389,0.2224918770460762,0.859616216119517,0.10789692228493855,0.7764185999256749,0.027186448958921472,0.7022233758413479
images\please\please.d4943c57-c0e8-11ed-b9d7-8cc84b59e01a.jpg,please,0.9246586216535525,0.9983531035254276,1.0,0.6915616380743206,0.977019055224563,0.42200801711469543,0.9333069893383907,0.18733164183046241,0.893241480522727,0.0,0.5980821620625549,0.4337115318509141,0.36419961210822865,0.21351842863702325,0.2269878994432705,0.09812026521688798,0.1248068479214276,0.022580041044965016,0.4934934431534092,0.6027580913701845,0.25266173154196614,0.3521590026859423,0.10371378748398391,0.20677401231348952,0.001641024097413804,0.11438212883672537,0.4391399572757422,0.798921091638885,0.20959443890869786,0.5672701628876906,0.08136586945186197,0.4255513934719601,0.0,0.3189675955771696,0.4211338428504227,1.0,0.21743064557899006,0.8927835701189539,0.10629581712299715,0.8124754178043953,0.03142136253270898,0.7319226383479773
images\please\please.d5c83485-c0e8-11ed-ae00-8cc84b59e01a.jpg,please,0.9354209623577581,0.9970837445093538,1.0,0.6882200617515287,0.9766684494937385,0.4162715519846806,0.9359934342782317,0.18400836433056514,0.9021537780564726,0.0,0.6039833274930377,0.45065248755591675,0.3660015492152487,0.22949614717850642,0.22331163202449236,0.11384587539648192,0.11611884694122204,0.044790064490591336,0.5024778222459932,0.6194419565680684,0.2572696925545453,0.3695821046985114,0.10533686210139982,0.23041837886866695,0.0026589328857822615,0.14940775109830196,0.44704653178657716,0.8099028340836109,0.21542723299090757,0.5701823497289088,0.08427528079526382,0.42190787285360937,0.0,0.31422126168894127,0.4230167278360783,1.0,0.21866693716456723,0.8796380568750991,0.10518101842459564,0.8015682083594258,0.0242645838328323,0.7326882086633824
images\please\please.d6fc72d7-c0e8-11ed-a08b-8cc84b59e01a.jpg,please,0.9365750743665421,1.0,1.0,0.6990422530622551,0.9740720558235576,0.42647787978224416,0.9337673978460549,0.18927965525046977,0.8965909406824732,0.0,0.6011565766624518,0.45837189468686484,0.3769509236241849,0.2349569996365306,0.23631852773961506,0.11275017367456695,0.12532736087310528,0.03157364599167244,0.4991760672286986,0.6199735763521588,0.26755656372519004,0.3623290955720876,0.12061034802869383,0.2184953317430275,0.01484986871041484,0.12750682735339644,0.4443511499899246,0.8034859124218634,0.22214150566105137,0.5624632839917695,0.08943263747703045,0.4156484602778182,0.0,0.3086679814009556,0.4244333997215945,0.9899803264980046,0.22837119693110708,0.8688893617497844,0.11278366808800899,0.7844721531879252,0.02752838520624121,0.7113174051611296
images\please\please.d8312beb-c0e8-11ed-a82e-8cc84b59e01a.jpg,please,0.937866521535859,1.0,1.0,0.6947807295323619,0.9749093442040607,0.4256377725662863,0.9371771872604355,0.18433234117147942,0.8963960232824505,0.0,0.6175944049775864,0.4363154845371811,0.37342627486537133,0.21588389750313802,0.22794227603723963,0.10417632017892638,0.11559487231657639,0.03639938999919737,0.513821059569785,0.5968187419441651,0.2682942738372997,0.3489381305134623,0.11670188386533448,0.21125864263355235,0.010934842901274546,0.13039003224694645,0.45223534242772784,0.7825388281968217,0.2214321438425679,0.5532782821773062,0.08751080096010182,0.4099476535136087,0.0,0.30673415525613085,0.42140319921519664,0.9703514923908403,0.21714289102718404,0.8527752540939323,0.10519018677067461,0.7757666996487976,0.027499434356753834,0.7069702911263229
images\please\please.d9676088-c0e8-11ed-a647-8cc84b59e01a.jpg,please,0.9172826683213281,1.0,1.0,0.691055350283725,0.9823465316558904,0.4210069005078369,0.9412801293753353,0.1851432403705016,0.8965874107846752,0.0,0.5958755616706085,0.41321852170538714,0.35084273073083877,0.19066413873001412,0.21072202588106223,0.07877587690438832,0.1094320944356016,0.014367973657719064,0.48600488454840035,0.5898180251162738,0.24366912168056043,0.34007742684730585,0.09854789974910298,0.2012437223375119,0.0039339424405655824,0.12120809502117393,0.42841135271565306,0.7855067542868069,0.20299540172000852,0.56112214798693,0.07728310296969751,0.422587563901402,0.0,0.3228026072334419,0.40833228418209666,0.9808643771827706,0.2071436707703468,0.8668183006866764,0.10038897282098783,0.7899555994218646,0.02879320629610645,0.7177550994584198
images\please\please.daa189e5-c0e8-11ed-a358-8cc84b59e01a.jpg,please,0.9377562628531384,1.0,1.0,0.6899908973665257,0.970960787343358,0.42122872220970786,0.9356506064613157,0.18264777593917267,0.9024052746766811,0.0,0.6110335875565946,0.43943364733943663,0.37834928187508776,0.21952455061942686,0.23961523915022148,0.10294828931676242,0.1285257270515079,0.026739455831376706,0.5041976794375568,0.6087207535599569,0.2666736286384108,0.35499347638904033,0.12098787782221856,0.21256853893332722,0.018268312783459986,0.12798753865542858,0.44546986167996583,0.7992030153883386,0.21985987146073235,0.5657373868024462,0.08704956398333356,0.4176929489968816,0.0,0.31579233416748503,0.4223562391478101,0.9869346616865953,0.21782915210047202,0.8613716434679974,0.1030148614601629,0.7758489325171157,0.02295855481337804,0.7032958506279381
images\please\please.dbd71487-c0e8-11ed-963a-8cc84b59e01a.jpg,please,0.9356181741386592,1.0,1.0,0.6923435544884028,0.9779281785858749,0.4196799967976214,0.9378432717799962,0.18302835968509024,0.8916905602076262,0.0,0.6042680233281412,0.45402550722157076,0.3664922792017062,0.2249650257467098,0.22444415392282405,0.1059400672085404,0.11763034178006321,0.03169250539883762,0.4984622839617912,0.6219681791233903,0.25648645387075364,0.3616517233835062,0.10822898765134129,0.2169915171475641,0.006165762697470898,0.13058664953210075,0.44128464935902734,0.8107718629630422,0.21164425553089847,0.5722174332245399,0.08262155536336432,0.4263528841767299,0.0,0.32144530799773346,0.4195247662232115,0.9998202112879705,0.2168635881803886,0.881650025570717,0.10741887928677687,0.7971313865540128,0.03330476537399444,0.7185709661590023
images\please\please.dd0cb3a5-c0e8-11ed-b302-8cc84b59e01a.jpg,please,0.9368255241023077,1.0,1.0,0.6956451458992773,0.970780015726213,0.42688905664580573,0.9324065026337338,0.1878867280847152,0.8931209283643629,0.0,0.6082151709874302,0.4443873935091657,0.3739694929220946,0.2284020610329547,0.23099373244578117,0.1067063034831294,0.11864210882154742,0.02669881894376306,0.5025653107554426,0.6119626302790369,0.2653526599565199,0.36054323357230206,0.11829389081747459,0.21863684261107189,0.013596405901990039,0.13011043091454347,0.4434148517290328,0.7992452297098179,0.2185207595627728,0.5557025975494586,0.08744895083376299,0.4121305230314286,0.0,0.30962289671369636,0.4186898940218939,0.9850186960669153,0.2156671472309364,0.8577142882369461,0.10492032224682166,0.7749136849912234,0.028335107402045888,0.702646450260244
images\please\please.de42b0b0-c0e8-11ed-bc97-8cc84b59e01a.jpg,please,0.9424368556260385,1.0,1.0,0.6903503908330887,0.9751714140108474,0.4166506990422143,0.9376281022246838,0.1813066001326332,0.898497963987195,0.0,0.6059841167412751,0.45536301544850677,0.37445264270238116,0.22489957383429546,0.23416606674581905,0.10077575475903155,0.12264515448335157,0.019138726721241967,0.5029656539295715,0.6217718219671026,0.2678944487954071,0.3561782476109716,0.11913102326169087,0.20887453388126068,0.01225301379083477,0.12001470380396377,0.44732816861978464,0.8072823239076786,0.22115054243389334,0.5580083412152246,0.08825519855719112,0.40882078753682743,0.0,0.30356424556711564,0.4262819639564751,0.9922139145276845,0.22764029325020932,0.8647019014383093,0.11463458831837539,0.7784899791265777,0.03399169503528851,0.7057910836785058
images\please\please.df77ea6a-c0e8-11ed-8725-8cc84b59e01a.jpg,please,0.9319615210750992,1.0,1.0,0.6894719321266636,0.9773044194911649,0.421972000644401,0.9372206709827924,0.18703905109952584,0.897021239597291,0.0,0.5976586375135992,0.4401522631241548,0.36510529168111167,0.221749802635493,0.2251398786508724,0.10434549517601706,0.11592640063780317,0.02882257114647889,0.4920722229570091,0.6109522762260832,0.257012906009136,0.3595677165812256,0.11208749751779176,0.21647427108825554,0.008918081417903657,0.12606561793306384,0.4366954928256353,0.8017818622519407,0.21302412356404946,0.5649357637856016,0.08466770830378323,0.4176192860384916,0.0,0.3072799928875246,0.41782665768220884,0.9893309527040441,0.21866863745096832,0.871871831054645,0.10535946980400594,0.7874807064078456,0.024842897863440416,0.7091365227615923
images\please\please.e0ad23e9-c0e8-11ed-bdaf-8cc84b59e01a.jpg,please,0.9275786765509685,1.0,1.0,0.6873133837031224,0.9724339257885632,0.4144209299409544,0.9308756228987778,0.1814453815764617,0.8906799706695983,0.0,0.5888664685883963,0.4355366724906115,0.3684039736229765,0.22102581934169463,0.23202214525231374,0.10146633057398996,0.12611092165230836,0.02240570056233435,0.4858062065251064,0.6027591007546866,0.25901076356013547,0.3536880260201636,0.12056752656751131,0.21258170588758804,0.026021652054126865,0.12609695230463785,0.4346940954589086,0.7889219768945659,0.21251158089630598,0.5500461691820131,0.08366028596052162,0.40851570794344827,0.0,0.3051043496299021,0.4209871445241382,0.9742369016657629,0.23109767103680937,0.8568070511970076,0.11887056888849182,0.7773616504316347,0.03871987105663898,0.7079292220319138
images\please\please.e1e314cd-c0e8-11ed-b01b-8cc84b59e01a.jpg,please,0.9323214838345757,1.0,1.0,0.6898221341576601,0.9741391987486437,0.41749741899770443,0.9307104651103241,0.18207381417514024,0.8944680309356565,0.0,0.6011634891358663,0.45369952517527407,0.36398670799810073,0.23072716024662063,0.2238128979534502,0.10936476295125201,0.11617076505830615,0.030849826344786044,0.49682057919122763,0.6170460050999078,0.259604107878262,0.363221489347077,0.11469857049523828,0.22154513458237574,0.013186283368097294,0.13475505134276872,0.44042413250446105,0.7946010313382991,0.21483926027756053,0.563050341250178,0.08463756102593067,0.42051957427492015,0.0,0.3178313802725419,0.4196283097399324,0.9677451918973962,0.2181511036063554,0.8539101230081287,0.10627474234308847,0.7766663445602368,0.02764539590309598,0.7088918310156613
images\please\please.e3177385-c0e8-11ed-adc1-8cc84b59e01a.jpg,please,0.059714442765152496,1.0,0.0,0.6848025657391866,0.04218451519706982,0.39744332285288764,0.10805135611312824,0.1782923440212866,0.1515863936386436,0.0,0.3609356547632439,0.4289128967268964,0.5905309983825295,0.2084016269644269,0.7323685817870211,0.09300147881978099,0.8440244087939084,0.015085012437320893,0.4491274155025323,0.5829541066799051,0.6976722125833625,0.34282286470769013,0.8523374076216872,0.19644892818399354,0.9720278687098886,0.09606254383269111,0.5011443510928251,0.7630158467490918,0.7416904429558777,0.5412450848285698,0.8884744570964038,0.40433572623709974,1.0,0.30432200184392805,0.5234048004319523,0.9567097179210368,0.7214765957032437,0.8385220076226199,0.8371774419119259,0.7561001315965737,0.9322069354794841,0.6844213690771692
images\please\please.e44e7360-c0e8-11ed-a9cd-8cc84b59e01a.jpg,please,0.06790144337204507,1.0,0.0,0.6845956142276759,0.047769594961534816,0.39883356261921693,0.12366363088503494,0.18016364902273185,0.16084728582879498,0.0,0.37228032992226523,0.4413390698445757,0.596977311323033,0.20871528064525008,0.7376043965401614,0.08850502246867377,0.8494677074387673,0.00984955757559888,0.4639426252585985,0.5986241504169109,0.7051340370207503,0.3458101110039096,0.8579114852307936,0.19658662810098246,0.9768439819613415,0.09941976907588053,0.5182440563791383,0.7768340017201477,0.7501882743334163,0.5539526804963317,0.8927293206624497,0.41789886847584307,1.0,0.32144873765196486,0.5432982162784471,0.966596437374069,0.7388218057271412,0.8500369610187142,0.8532320160777446,0.7651424358822001,0.9462303649854673,0.6905429476294929
images\please\please.e584d3a7-c0e8-11ed-9e81-8cc84b59e01a.jpg,please,0.060756595270475104,1.0,0.0,0.6792693854276975,0.04078762187511114,0.39153006549720043,0.11518559227451093,0.178896423673781,0.15449826491504096,0.0,0.37503120443179144,0.4180975315182977,0.6004772542132334,0.1963303660208953,0.7418601736609192,0.0794156079781501,0.8530473646862367,0.0008445496756107922,0.4637114051563101,0.5791820019698305,0.7075579928225573,0.3350169347525628,0.8585999752735575,0.18758562468064308,0.976532573700888,0.08867031056134783,0.5118957898997563,0.7641043835123976,0.7467568560836364,0.542662044813307,0.889211988598739,0.4069218066159645,1.0,0.309235785209037,0.5290969259612405,0.9632605743745654,0.7181741046402726,0.8485145821986836,0.8320942450051739,0.763058878812339,0.9313895413922342,0.6906665984474288
images\please\please.e6ba97e1-c0e8-11ed-b2bb-8cc84b59e01a.jpg,please,0.059234043577512364,1.0,0.0,0.6868401623732359,0.03964866917813074,0.39882991521352396,0.11768626357534592,0.18176010807428536,0.1624429471054641,0.003107659319901717,0.36776984531360535,0.4250231372697891,0.596796345405211,0.19592227710005905,0.7353016498366478,0.07690049599499424,0.8437660059028766,0.0,0.45648467244651103,0.5821346896725962,0.7048314256637394,0.32962886117507223,0.8541555502954782,0.1785532890267162,0.9699068966301181,0.07718128492680507,0.5070113376956314,0.7573908359394125,0.7444959753721393,0.5331504387245245,0.8874939653984977,0.3966906177225596,1.0,0.295237780445309,0.5303573888262583,0.9467168639607079,0.7221870064498356,0.8271992842173057,0.8337234928875285,0.7424605880990001,0.9309377469840365,0.6676584821165594
images\please\please.e7ee53c6-c0e8-11ed-9f39-8cc84b59e01a.jpg,please,0.0642257916048431,1.0,0.0,0.6920403427879157,0.04752320772555151,0.4096067339487804,0.12299072687909053,0.2026470403262377,0.16815934946921726,0.03476338167097524,0.37777491621624765,0.4312673156555041,0.6003062240070981,0.2013197136151944,0.7399879039024868,0.08069782298559139,0.8505590291220194,0.0,0.4714256281081404,0.5958478837248561,0.711210656528985,0.3381085097861382,0.8619370039229239,0.18699219823177574,0.9760945888240699,0.0881689180466782,0.52290083692367,0.7786032286146483,0.7518374271201818,0.5475371634928884,0.893783636040389,0.40671806058038273,1.0,0.30872030478863727,0.5423157380530268,0.9705277199439941,0.7346232514243654,0.843220207142408,0.8497232685383495,0.754334334069266,0.9443027879178595,0.6802337551429772
images\please\please.e9270de5-c0e8-11ed-9068-8cc84b59e01a.jpg,please,0.06620598831100126,1.0,0.0,0.6835373792372533,0.044680260794314273,0.4070133986244406,0.12170224768573848,0.19668666212422883,0.16904322228100344,0.026282782537561583,0.36640167674297114,0.438490880815409,0.595214290585569,0.20175845402192125,0.7317893225823325,0.07967881449760783,0.8377146663364914,0.0,0.45692768830749203,0.6042890776981862,0.7052864678684958,0.3375456664437984,0.8531346896562226,0.18503527553333066,0.9670408505809076,0.08745491283455843,0.5078944110112567,0.7864988181042453,0.7522765208973793,0.5454051808641356,0.8926742805611302,0.40545690286559766,1.0,0.30952874278462633,0.5279235904705594,0.9755880346949117,0.7235247886359679,0.8467988406373338,0.8399320933663244,0.7589661375700465,0.9386675177066415,0.6842906090079296
images\please\please.ea5d0ccf-c0e8-11ed-b3be-8cc84b59e01a.jpg,please,0.06994827384263515,1.0,0.0,0.6914205604393792,0.041483870989270685,0.4051465421978856,0.11872372772706902,0.19547426234104667,0.1634921646600993,0.022268476521911232,0.3765651575727381,0.4159895103165048,0.5930241598962607,0.19811746466329105,0.7291769764707885,0.07926143391994195,0.8353258854696582,0.0,0.46808818774249245,0.5734455971367782,0.7022157055176236,0.3361574112252808,0.85055508597167,0.19008494004717058,0.9681267295860873,0.09047879797463344,0.52010899833586,0.7507103626857549,0.7488321487695141,0.5344361795121307,0.8903522924721939,0.39943098415002226,1.0,0.3016377760551533,0.5413033416612636,0.9409417624647458,0.7312790920008823,0.8291464762250333,0.8438958562679549,0.7456551928881265,0.9375415242481587,0.6739872342531048
images\please\please.eb908590-c0e8-11ed-9750-8cc84b59e01a.jpg,please,0.07318821305243618,1.0,0.0,0.6853855617066488,0.038317033961528,0.39319665124899145,0.11838780198668464,0.18266716461230806,0.16070480398974799,0.012017931368711439,0.3787096370417248,0.4049612827292747,0.5947380387955786,0.19169875353821,0.7307810615470094,0.07623128376777094,0.8364928381413623,0.0,0.47049767651974983,0.5650594605677646,0.7052357619214228,0.33115515400366935,0.8522926370027754,0.1840411750452012,0.9669000189420484,0.08453825527303131,0.5217708717902966,0.7456329900970062,0.7483961677806078,0.5378152435273723,0.889707676589659,0.404902368037748,1.0,0.3065764106906533,0.5421074410291424,0.9409049030337405,0.7282781478338652,0.8305523601824558,0.8395455373166675,0.7495632990097006,0.9341202883319313,0.6808161781740041
images\please\please.ecc559cc-c0e8-11ed-a337-8cc84b59e01a.jpg,please,0.10618844468869948,1.0,0.0,0.7175959609458646,0.014419703960583731,0.45229232483368736,0.07940141671782688,0.25690261484933574,0.12560057461768967,0.10712351033461431,0.36702244035124026,0.38276999675222256,0.5898219276475631,0.16546198468727322,0.7243490767681581,0.06168881319374624,0.8275026913464733,0.0,0.48633561220958244,0.5246092954809275,0.7197196130026383,0.2759358338629749,0.8618849686342916,0.13198656756542562,0.967937932941559,0.03949763564909707,0.5591402300209917,0.686802990441589,0.7809184839414878,0.4574368664697281,0.9067794104603376,0.31907066946172363,1.0,0.2196778018296331,0.5957446290463677,0.8633049321152355,0.7755900527138686,0.7237328617581198,0.877671476597025,0.6272735607606326,0.9623343669727005,0.540200802775995
images\please\please.edfdedac-c0e8-11ed-adc1-8cc84b59e01a.jpg,please,0.08824585247591106,1.0,0.0,0.7074878513654809,0.01506317448932376,0.4481219830218262,0.07170266480259234,0.26065076984878427,0.12173670457478253,0.12629863212912198,0.37725785649625065,0.3889630157926709,0.602830027362808,0.17001282369055748,0.7352109315285469,0.06436505004594813,0.8336455268411481,0.0,0.4889899126861257,0.5320308946162342,0.7250775940412875,0.280079088394196,0.8665354167632867,0.13925401005445714,0.9701381097818941,0.05195953019265292,0.5591782236089098,0.6953406413491371,0.7826795089068082,0.4594907814094157,0.9103566228156043,0.3239354136771893,1.0,0.2319552693465679,0.5952274575458723,0.8730806012161455,0.7815345830278368,0.7234020798373662,0.8842509674694483,0.6337663505220169,0.9656015976566192,0.561281634645427
images\please\please.ef325ebe-c0e8-11ed-9a08-8cc84b59e01a.jpg,please,0.09439500105018425,1.0,0.0,0.7086182891475091,0.01454896497699241,0.4206294544333267,0.07122706293861573,0.22411530729446488,0.1297794758688773,0.09240916759912692,0.36892772366285337,0.3402793206572599,0.6027080192942689,0.1397751188634353,0.7405003827621265,0.04849197276273498,0.8400108913388739,0.0,0.4806078109682917,0.4744101936420349,0.7209199978013474,0.24436215005810202,0.8695288949914037,0.12456053181877551,0.977686587891321,0.05558876954295309,0.5532030255498724,0.637709231289192,0.778679039305284,0.41947212650758964,0.9074807699798008,0.29578043220374356,1.0,0.20881286027638526,0.5919788492528767,0.826206913267058,0.7807271715971937,0.6959008104661762,0.8850224797671176,0.6086242138047206,0.9671814692896641,0.5354513309607775
images\please\please.f06a2371-c0e8-11ed-8f63-8cc84b59e01a.jpg,please,0.09105466920428781,1.0,0.0,0.7168381931598924,0.018430071279137306,0.4488406525302962,0.07438796949880781,0.26687337836080743,0.13054301932824644,0.14173200049919207,0.3805963169412162,0.3567687897793689,0.6072457001035677,0.15945691299356474,0.7378431433679659,0.06190047129220835,0.830409428388282,0.0,0.48944292776267706,0.4925487087978684,0.7237979833949327,0.26631505423486723,0.8634698070599379,0.14151834106188088,0.962454692523683,0.062411751138373564,0.5591327780049447,0.658763663259659,0.7829991517434852,0.43868856229414044,0.9109083769430651,0.3184727858642394,1.0,0.2338012496790208,0.59568241578842,0.8460070840844628,0.7835096915153985,0.7071317167960494,0.8863930968823555,0.619907048343878,0.9661717392358194,0.5465225456443857
images\please\please.f19dfb26-c0e8-11ed-89cc-8cc84b59e01a.jpg,please,0.09168086376340756,1.0,0.0,0.7034662563716623,0.022234459773135217,0.4313669831615376,0.08189533622900787,0.24668145835224906,0.13924274042938348,0.12340907161468107,0.3770251644026498,0.35893055392120066,0.6018697931372621,0.16057228024136516,0.7348939086412107,0.06231289823401172,0.8311515725123119,0.0,0.4835104892566065,0.49661680345534126,0.7165748460935263,0.27291446575060485,0.8579493527148342,0.14738890912029023,0.9601084197485554,0.06916517007105975,0.5506784681549789,0.6627158072290894,0.7752898085903653,0.4422024555421784,0.9074460125404143,0.3164205737945918,1.0,0.2296833663682435,0.5840944109479431,0.8488235758796098,0.7721884042055878,0.7135363589967658,0.8765301007507103,0.626314034980184,0.9565648819153221,0.554332238652451
images\please\please.f2d7c9e1-c0e8-11ed-8a5d-8cc84b59e01a.jpg,please,0.0798172431110447,1.0,0.0,0.7042638593312587,0.025035522870408604,0.4326205259109052,0.08541717212778914,0.25201872445974943,0.14900717170110409,0.12788187601266787,0.3755849736160452,0.35793289124875277,0.6054130802358944,0.15608994168863924,0.7407409787798271,0.05894231281049638,0.8386793043998014,0.0,0.48062501684870407,0.507072867332924,0.7204029192399436,0.27840343704431003,0.8646908470341192,0.15470462730940823,0.9699010287037647,0.08112226060523253,0.5487953645220476,0.6828338663595424,0.7788211030933596,0.4563363215122778,0.9087772330848384,0.32969397300094827,1.0,0.24582142599230855,0.5846320894660385,0.8752772917273406,0.7759441031856592,0.7334388649508342,0.8807738388855058,0.6463356129202434,0.9613062704315642,0.5765545542973055
images\please\please.f40c84f8-c0e8-11ed-97ee-8cc84b59e01a.jpg,please,0.908142899609788,1.0,1.0,0.6919069159241311,0.9816103675217213,0.41154225319738447,0.9382362569754622,0.20260001152933743,0.887390170571922,0.05194586757169533,0.593487561758475,0.3395039612030499,0.38657832649114027,0.13924630240284527,0.25626483990773385,0.04706158782326839,0.15801364424860678,0.0,0.4854628169766663,0.49663788467305936,0.2606988444156792,0.2807919049457209,0.11959639213856475,0.1671673658455784,0.02157567365184965,0.10829659877249041,0.4217547873401241,0.6852505478259537,0.207509228494128,0.4836655558125738,0.08418230462120842,0.3633915808108043,0.0,0.27721233755856795,0.3937186033647786,0.8916034316562039,0.22521250936019538,0.7624394618572303,0.12700684470165907,0.6835408492451568,0.058008564343582196,0.6166393148946635
images\Q\Q.9308d9fb-c0d0-11ed-b081-683e2670f3d6.jpg,Q,1.0,1.0,0.5608621934703729,0.9688003443679404,0.15884671836920605,0.8515414653129353,0.05077468709805787,0.6950950644108781,0.18454224287658255,0.5608736142879649,0.21106687749675204,0.5254608072077965,0.08045204736706885,0.366316838447051,0.09594619456288553,0.4380005236170371,0.13462584278678255,0.5362949507990857,0.4131853632482962,0.44926740620688455,0.2630536214605792,0.23404769928998329,0.1294700422173468,0.12151162939764953,0.0,0.033996078285020305,0.6481647327517945,0.42891300464731485,0.4829663663337529,0.22005846392184603,0.34356888543448855,0.10011740075135342,0.20397081337890333,0.0,0.9071526348762778,0.45009328530946535,0.7851073020854186,0.27199113212669707,0.6844607907100765,0.16814830156352958,0.5773969832711028,0.0785696195571818
images\Q\Q.94403627-c0d0-11ed-b6f7-683e2670f3d6.jpg,Q,1.0,1.0,0.6319506520836752,0.9674428261864507,0.26142843812042876,0.8210145487981988,0.07151168216029063,0.6781101614829833,0.00523629787658516,0.5185255103639015,0.36849790683231815,0.5261096913352832,0.18967156091423643,0.33871009323394813,0.10136337455313042,0.36562688069475413,0.09346307433399942,0.4282432914552596,0.48910941426700516,0.4633865548291737,0.2705608273563019,0.30334922022289323,0.2729777039832933,0.3923437999410652,0.3441441180540137,0.4867043283804271,0.642887895666612,0.42279916959053626,0.3911282511672507,0.17508649636564186,0.17480476103136372,0.0757741705399796,0.0,0.00613797781601424,0.8327473750937179,0.40659958745648156,0.7241388408902961,0.2006945766965859,0.5821548203994555,0.0861875540039203,0.4131581572401721,0.0
images\Q\Q.9577fb1c-c0d0-11ed-8047-683e2670f3d6.jpg,Q,1.0,1.0,0.6609044434116672,0.9844725635898359,0.28868094425023744,0.8486600071427656,0.08645481824243771,0.6972631841691354,0.04554515902523793,0.5350232307029719,0.431412157247065,0.5423966597263351,0.24218450059609206,0.3751592775443595,0.1645356165006365,0.43444646073735405,0.1623593121703813,0.5231348717951575,0.5463073233445817,0.4706369374584569,0.34409224777223224,0.2686479391004015,0.24018500323304168,0.2556929011941568,0.20523784325809777,0.28134612716685714,0.6938641036391926,0.4327415572454777,0.4453508607973489,0.1941573068764998,0.1953047646951848,0.07944014535138005,0.0,0.00739432244850885,0.8715143769322475,0.42215081932870263,0.7559871259269737,0.2147557168589883,0.6135931090747438,0.09200127254888087,0.4594730015761078,0.0
images\Q\Q.96ad9b92-c0d0-11ed-be9c-683e2670f3d6.jpg,Q,1.0,1.0,0.5674492587125265,0.9206397923912146,0.3007983530010824,0.7569840621232232,0.13910600266640244,0.6144033770587427,0.0,0.4944835801335907,0.7492183276915803,0.4453415993153548,0.5781709934042284,0.24427079303274604,0.37785092477509286,0.1265442106769567,0.20057749059672983,0.05655879846518974,0.8356017403104615,0.41429784397303343,0.6186326472510093,0.16944452279920946,0.3740817780364191,0.06136808454861574,0.17719473391786827,0.013918307868322244,0.8453709196580081,0.4089875474581872,0.6440029774409309,0.16479904849423851,0.39089259264368914,0.05118173506433817,0.18793057821802545,0.0,0.7837567679088557,0.42147554300499124,0.643212839367438,0.20899795067065785,0.46397754252008894,0.0998252933149526,0.29553421485986336,0.032690930650167135
images\Q\Q.97e5ad25-c0d0-11ed-96f6-683e2670f3d6.jpg,Q,1.0,1.0,0.5909491362949255,0.9683471882469212,0.31768615877285233,0.7880624615952543,0.1388065964279005,0.6443632931237105,0.0,0.509139453326698,0.8608875647186265,0.48254088134072576,0.7192364211587114,0.24912735072089942,0.5278813724474658,0.11418037555460542,0.3386226015263852,0.03112799557016591,0.9352931365336976,0.46155699556315666,0.7144697593494165,0.21027664267173202,0.43282342634322424,0.08231436635382132,0.19629025546849352,0.015587945991537521,0.9413245877232562,0.4631241428294397,0.7711823252531247,0.20095524138623902,0.5087192164064461,0.0680459081276708,0.2947974037055309,0.0,0.8753360803818948,0.4822543790171656,0.7583985420862002,0.2660893980705923,0.6003486773610777,0.1476550033060207,0.45429113681811717,0.07231394579995187
images\Q\Q.991bae72-c0d0-11ed-8a73-683e2670f3d6.jpg,Q,0.8594234442859823,1.0,0.8215451607068534,0.8490944764805708,0.6708853014131821,0.6287478756516551,0.4901005976959557,0.4885723340993099,0.32135722503397296,0.37823629165570016,1.0,0.47256743412917135,0.7029036229559894,0.217428846925397,0.42051867556116784,0.10233878310487365,0.1818618877886191,0.04320694007734674,0.9764976186970107,0.46307099399655954,0.6221591959715198,0.18481693201047167,0.28508832976625376,0.07113963998898362,0.0,0.01562506679140502,0.8638111875181128,0.4802468427130348,0.5667645680404462,0.18817253219880054,0.2743289284439128,0.06885911425589643,0.027532407977079246,0.0,0.672502086119589,0.514228782927781,0.5187233015355588,0.2695685840100002,0.36870323040913494,0.14421416973169243,0.22153245235544922,0.057243363758663034
images\Q\Q.9a545c6c-c0d0-11ed-a66d-683e2670f3d6.jpg,Q,1.0,1.0,0.6316092701970303,0.9270178714819735,0.3584394643783405,0.776100216521183,0.13049000454567658,0.6595160868126884,0.0,0.5286129925104387,0.8999421628843828,0.5027437722493443,0.5800689794303473,0.3619710657817737,0.3128480808034101,0.3750316872863967,0.15581937964752549,0.4277457568547089,0.966394808606133,0.46029505548484423,0.6352148605961436,0.23300831055340832,0.34476738180588284,0.13667925501603473,0.11236845412315986,0.08563313927975204,0.9832190326248318,0.4510690751857045,0.7471578334238864,0.19139445603073615,0.496177939932184,0.07280889976724784,0.2896315689967703,0.0,0.9153616646946361,0.46520330179310937,0.7877635159298183,0.25509069720293115,0.6401479824691265,0.1408898645835147,0.4940732804831618,0.05701439215152764
images\Q\Q.9b8df749-c0d0-11ed-a298-683e2670f3d6.jpg,Q,1.0,1.0,0.5962183486384544,0.9185317475879962,0.30212627122690305,0.7705638509347772,0.12845359922333804,0.6297946581685222,0.05829407583064101,0.47954527049636625,0.5398413917315211,0.5183871521420143,0.3372143220918944,0.37238369590849385,0.23110832152955718,0.4085236443349297,0.19528021368813628,0.477648314742369,0.6462418235640507,0.4574383126490711,0.444199969230606,0.22806913893131792,0.21121398522008075,0.11291126810562649,0.0,0.039988611644339006,0.7787746884598857,0.4361928665907103,0.5850820163502194,0.19887985641300412,0.36442766274622146,0.07526348305421846,0.15773260070345202,0.0,0.9220065491063613,0.43916219188156924,0.8095875177056642,0.2340490442898041,0.647843954079332,0.12073286818996959,0.4563366383906546,0.04442044423754806
images\Q\Q.9cc7dc7f-c0d0-11ed-965d-683e2670f3d6.jpg,Q,1.0,1.0,0.6300130573647406,0.9549030244945816,0.3425615078541167,0.7872081561713912,0.17700768074015633,0.6491477626276643,0.07231522799635288,0.5100074696390352,0.628006361516869,0.5216181951949693,0.42172803699077965,0.4069730191071279,0.222725493306814,0.3897133623037213,0.08378647251334219,0.4076273819677936,0.7246979397473068,0.4608810106038899,0.49789304034296256,0.247404026111353,0.23230219547574202,0.12668197349415583,0.0,0.05054866117893974,0.8438131196170313,0.440108134466349,0.6560592880311276,0.201551254811039,0.40594207697634166,0.07456712357876803,0.18288686657673092,0.0,0.9642975659496296,0.44374098578359883,0.8392173105377796,0.23605531333275703,0.6634301863984069,0.11743739192642018,0.4691785501462787,0.04046585283017959
images\Q\Q.9e005873-c0d0-11ed-8e2b-683e2670f3d6.jpg,Q,1.0,1.0,0.623569806304026,0.9340445904722117,0.30117764067751107,0.769954961392862,0.120820978482747,0.6328586558360413,0.03978303537705707,0.49615996532189544,0.5865070394981569,0.507033781311203,0.36456596722683254,0.38134476077395413,0.19790596438518718,0.4072753344128359,0.08585874452108637,0.4635539612562227,0.6937163223968065,0.4528597133507038,0.48479826816707444,0.22645655630297062,0.2248287694461719,0.10716392890779153,0.0,0.02816706009353246,0.8320194888322623,0.442331160193054,0.6392416947915781,0.2027307960310742,0.3853728088807844,0.07823017068391358,0.15662392536896766,0.0,0.9724274719994402,0.4619124576797814,0.8533261173628103,0.25794484066342815,0.675681869945459,0.1410125127019552,0.47601915468903616,0.06299803312743209
images\Q\Q.9f3aa318-c0d0-11ed-a1ef-683e2670f3d6.jpg,Q,0.19811075972196043,1.0,0.5100233173462905,0.9315743573556073,0.7613442263970046,0.8316983941983942,0.9145455328199794,0.7652721627331003,1.0,0.7346205949721575,0.5705105381838999,0.4341608189264439,0.6069709440732751,0.24545712533993783,0.5844203707970018,0.11332627152939653,0.55841350125546,0.0,0.32562109777694004,0.43895586473711473,0.7482875596605255,0.5557063018000518,0.8576094367767143,0.7650392142579643,0.8781401042066633,0.9155838735916861,0.14527061618763715,0.522170320998446,0.5777163428534196,0.6685423951048951,0.6682598441321502,0.8378807607323232,0.6950896275042294,0.9583034876003625,0.0,0.6388732072325822,0.35443006308715147,0.7156270740255115,0.4855819911896733,0.8315645942599068,0.541077624423175,0.917551668528231
images\Q\Q.a071a65d-c0d0-11ed-9bf5-683e2670f3d6.jpg,Q,1.0,1.0,0.6309460853284214,0.9213560477148436,0.3442992418227735,0.7557117471343693,0.1902308912690183,0.6097515152461296,0.11732347284107274,0.46635720241879525,0.5995599506791285,0.48249721821320735,0.39323522548558,0.3282852942395615,0.17724308479130452,0.2556686812527219,0.0,0.2107579649002298,0.6971723344706222,0.43918962930504046,0.49246310254792286,0.2233436996499282,0.24958853248315124,0.09423622389736538,0.031765154224376826,0.00602760846007712,0.8192456336806874,0.4295466400806624,0.6119164030559058,0.19794586511012216,0.37387519555062776,0.07545761536676789,0.1568906311055635,0.0,0.9596623757140273,0.44367655584918114,0.8514947455045793,0.2450898165877933,0.6936085839303985,0.1324763043444323,0.5161929037041741,0.05774407992166316
images\Q\Q.a1ab4ad3-c0d0-11ed-8133-683e2670f3d6.jpg,Q,1.0,1.0,0.6035044080788489,0.9107667432937461,0.31143887697691675,0.7466949380306742,0.1619622085380602,0.6082803870493716,0.07346907626064045,0.4677122569653694,0.5867652471620619,0.4843642439951264,0.37647228080835227,0.3402196773945471,0.1745718993006666,0.3332656292580214,0.020683135373883374,0.35939797321866157,0.6921596665167121,0.4391902628320436,0.49124810852812817,0.22189903500256034,0.23040500867594046,0.10180933335512726,0.0,0.020991568163042845,0.8277497181049642,0.4336555886543333,0.6199448771054492,0.1977469012657536,0.36703244860162537,0.07687851343287261,0.14111694700373328,0.0,0.9802804928635277,0.45371680635768064,0.8610593410959144,0.25074123904352896,0.7000680637754655,0.1360468733713173,0.5164061450196596,0.05593223018563868
images\Q\Q.a2e4d087-c0d0-11ed-ae23-683e2670f3d6.jpg,Q,1.0,1.0,0.5866105042074704,0.9018453010417502,0.3094530469802162,0.7418550791059887,0.14736843632080773,0.602776068643943,0.05088707530947734,0.4624238168314188,0.6459574850764075,0.48892092191797104,0.43400584687172056,0.3416620401539267,0.23507368784435223,0.33632918481158575,0.08817012931725335,0.3756663050428676,0.7278876634777935,0.4393428625631891,0.5054896918244604,0.2064966703866602,0.23382917880534385,0.0867322884614817,0.0,0.01881767532694396,0.8347413836242628,0.4264896990883914,0.6396877993874637,0.18172897320397166,0.38484483887741805,0.06261422611746718,0.1581730375231079,0.0,0.9564588641171637,0.435380385213871,0.84224760073017,0.23138941087162965,0.6658101601543888,0.11833336061388211,0.4732985363964501,0.04692558501347972
images\Q\Q.a41cab65-c0d0-11ed-98f8-683e2670f3d6.jpg,Q,1.0,1.0,0.5797204267972074,0.9056445045352801,0.2747518452532451,0.747634602219698,0.10872134580419207,0.6055431895036433,0.03597196038058777,0.4624209757688442,0.606259611090875,0.47885215038507045,0.39978556503688983,0.3304034977718025,0.1989177664015314,0.3157987635275662,0.036886776205796605,0.33969129736192605,0.7092097301960091,0.43138805395032226,0.504666665650628,0.21094653113461703,0.23865453110068993,0.08933998049733162,0.0,0.012663428532170305,0.8382052387970306,0.4220481169008734,0.6513511536357166,0.1889982900542637,0.4060387750840899,0.06862267224573688,0.18272579300548814,0.0,0.9806840886818879,0.436795957608987,0.8714670430073932,0.23724363373108964,0.699466427287954,0.12353455043525274,0.5065915509271607,0.048347717750605354
images\Q\Q.a55707a8-c0d0-11ed-9410-683e2670f3d6.jpg,Q,0.9989864600700473,1.0,0.5644376076307143,0.9060920557414133,0.2930760955403131,0.7271991256122738,0.11816837955532464,0.5946667603178744,0.0,0.46706984941368357,0.876994422380444,0.4399189523861354,0.6693758632228791,0.2601885230981142,0.4591706464013033,0.14887405422780245,0.2664854029868114,0.06993707764802141,0.979251151488829,0.4210846043044347,0.6936155878364832,0.21034311461218883,0.41740020152212576,0.09959001681700455,0.17872285074874103,0.02860499287830821,1.0,0.4267240512654575,0.7316390849161171,0.2023697151296475,0.45345109419695584,0.08167412972068439,0.22443257513629056,0.0,0.9226919175841951,0.45009440631523695,0.7332881718222558,0.2477466741980825,0.5436361365710777,0.13218921583109325,0.36754886022154093,0.04458798338834895
images\Q\Q.a690858f-c0d0-11ed-8185-683e2670f3d6.jpg,Q,0.8585603127145685,1.0,0.480928549945151,0.9293685737915637,0.2731494109116068,0.7351866075065034,0.11747664497099639,0.6012786899752567,0.0,0.4791164888723,0.9337389789928162,0.47120962188396603,0.669012469437396,0.2866595231261253,0.4027793193542209,0.18565651557832613,0.19827501389169486,0.13435575966391702,1.0,0.45946589082295175,0.7122243063168608,0.22033889652152308,0.4185074840083571,0.09457750817120446,0.16885088110284827,0.023413719908922694,0.9604323914758389,0.4704237000665949,0.7040352966345159,0.2148870779818231,0.42389224456525737,0.07811767895817001,0.1888080032968922,0.0,0.8088401248869495,0.49833229148821995,0.6383138371084547,0.2676703360035578,0.4714744944280911,0.14852589316001266,0.31648799747060863,0.07306378474534544
images\Q\Q.a7c8c30a-c0d0-11ed-a83c-683e2670f3d6.jpg,Q,0.9115348290203689,1.0,0.5402899887461267,0.9488239119043262,0.2862306530477455,0.7544046037579788,0.12529788414258172,0.6076749045751076,0.02909410231059806,0.47554634193737516,0.906007541353478,0.5006871920957269,0.5466777266835832,0.380630788365042,0.26123168184698203,0.37575110165266584,0.06737121559176702,0.4067247109848591,0.9947577152290515,0.4536951557732302,0.6277692129532796,0.21737304662359616,0.2775965617359465,0.10714134454912032,0.0,0.05780939491940129,1.0,0.4476320869020495,0.7122392419059007,0.18611155016972883,0.38652616500035203,0.05971498621325183,0.12577096174193225,0.0,0.900809469442282,0.4625900373893399,0.7038762094342761,0.22598834555423392,0.5025029580103669,0.11082104023028755,0.306249215646863,0.04677861231210175
images\Q\Q.a90137ab-c0d0-11ed-b324-683e2670f3d6.jpg,Q,0.8829152801871825,1.0,0.48874079195845327,0.9459778373095193,0.2640913303274938,0.7504866316779367,0.11550840324894072,0.60430165046458,0.0,0.47043973976124387,0.9192240653739224,0.5056510734919825,0.5883454095096201,0.3773205879130963,0.308407227459462,0.3551120867614274,0.1143114178686252,0.37459015810372276,1.0,0.4693178051282343,0.684032215026591,0.24463296689538805,0.3862088763496953,0.1334294124425766,0.13710352860314892,0.07977857227202434,0.9789138506642412,0.46343582878190565,0.723940873723873,0.20955166718120682,0.4531083549579546,0.0745413597802226,0.2252445245635805,0.0,0.8527704552454369,0.4733303646500961,0.6693833776115031,0.2475309897808059,0.5014940023829956,0.1304741973529399,0.3415585778578969,0.05875005157257221
images\Q\Q.aa3af46f-c0d0-11ed-a6d2-683e2670f3d6.jpg,Q,0.7866230177866447,1.0,0.5478388911072753,0.9025398926257076,0.3480810168834356,0.6851765184602885,0.18756604576334054,0.5419366072382513,0.0641734161436857,0.41770558969069,0.9945501155905916,0.49502137770544974,0.7294040874506607,0.25446560849693484,0.4478605935256569,0.12026281377269472,0.17448744378756134,0.045335752560628474,1.0,0.4937928358110947,0.6818533790590713,0.22792345201702896,0.3251933700419219,0.1017711725672112,0.0,0.028143701455438645,0.8958732160406646,0.5045235370057541,0.6575948565641971,0.22026558572921429,0.34052999472194195,0.08642610569443297,0.05766754659202927,0.0,0.6917304074040732,0.5249130265001735,0.536001547931528,0.29492110285115913,0.37775207022768115,0.17426456360388795,0.21378040066175566,0.08427420624486819
images\Q\Q.ab723829-c0d0-11ed-8dd8-683e2670f3d6.jpg,Q,0.8383183950709717,1.0,0.6518747271403903,0.8974475376940328,0.44006455982296305,0.6964356701621186,0.24680935878119917,0.5693479302031197,0.11077869389091906,0.45005257423821626,1.0,0.47816452819539434,0.718688537144291,0.24351166062684773,0.45351634627777615,0.12148244427469938,0.19951426288675125,0.04943579362678125,0.9920842081079945,0.4716713723436442,0.6305967202488583,0.21496038955136199,0.2960616935363939,0.09152340469409934,0.0,0.015508247032438645,0.8980471713368608,0.48589205932273527,0.6371880853554431,0.21034335387007447,0.36813492059422115,0.08549832915679062,0.13504777201261248,0.0,0.7199866394943794,0.5147906595590819,0.5630297578938264,0.29143141673665257,0.4258548347560494,0.1735449146804911,0.2930419047404154,0.08153172159939652
images\Q\Q.acab65f4-c0d0-11ed-907d-683e2670f3d6.jpg,Q,0.7973428444654493,1.0,0.4142490178044721,0.9024422086770622,0.239131417846633,0.7103812623004715,0.10432880047192987,0.5734853886784467,0.0,0.4561507687391604,0.968219535788298,0.4793515274365824,0.723394698949208,0.2370805731713705,0.4553766173713031,0.10518766995609273,0.1934477230574119,0.039368352283659765,1.0,0.4777985456193673,0.6758579654314775,0.21550544425413837,0.33970721988089553,0.08779980116568395,0.04787470058124215,0.021793599240670855,0.9250335332008439,0.49381610536902665,0.6777310645792497,0.21884935628903676,0.36833649823281306,0.07724926384713605,0.10162438394962454,0.0,0.7542670041803874,0.5183350560902814,0.6176531689512311,0.290352587412477,0.44795698230093006,0.16419071353723722,0.2881135215726009,0.08105091069222717
images\Q\Q.ade37cdc-c0d0-11ed-b791-683e2670f3d6.jpg,Q,0.4852972534305423,1.0,0.7209239670589086,0.8973991870631927,0.9204758157651346,0.7135005994677895,1.0,0.6298020294177852,0.9925440635560017,0.6690505015059801,0.6501009490359326,0.0,0.8923280375474559,0.05015586162528877,0.9530719226971874,0.3476252302833582,0.9662099181401064,0.5465637336608474,0.39098374794446733,0.005756060473140919,0.8083496105782104,0.26352428575606046,0.8608434378198294,0.6776576892709887,0.8294386773622814,0.8683656461093079,0.18604422701294349,0.14852063046466063,0.5970466041204292,0.47691551890516715,0.6284457791146384,0.8148983828990847,0.5662375169001336,0.9315045179401702,0.0,0.381335789689154,0.3656434864462161,0.6533853846828669,0.44449774363708944,0.8827973214024623,0.40141147944138794,0.9445430885750212
images\Q\Q.af1c5c90-c0d0-11ed-ad53-683e2670f3d6.jpg,Q,0.7793807474900869,1.0,0.4446477816797435,0.9367129788265007,0.25788071848899013,0.7373885485892675,0.11141265660592255,0.5945638166749075,0.0,0.46443949929847006,0.9516116700413397,0.49416445885943494,0.7780954716105627,0.26779276293897875,0.5891721109634691,0.13053792029233807,0.4068817625284738,0.04082348780558903,1.0,0.49253727238777034,0.7401402862144605,0.252844482553602,0.48010524761663714,0.12568716109448572,0.25965868345566523,0.04670880429707029,0.948764289631317,0.49859089006577495,0.7432770184763351,0.23680169445194588,0.49645494547793806,0.09187814774094158,0.29072347190584663,0.0,0.8036355511262971,0.5084238593882087,0.6718552265249303,0.27016410465693785,0.5378022705222306,0.1478523173588374,0.4066273438159116,0.06714172334914961
images\Q\Q.b0563c08-c0d0-11ed-8e46-683e2670f3d6.jpg,Q,0.8302045911654733,1.0,0.4026204244109206,0.9061612308969669,0.17547134953278298,0.7233325549414908,0.04520108694432664,0.5815700163462287,0.0,0.4564087595028671,0.8576010932272419,0.5248888196985029,0.56895125430174,0.3845974416854778,0.3057135633927443,0.32503775200435897,0.10446094457646046,0.30731792117485274,0.9813745223301538,0.48932124231338053,0.7067052916357196,0.25644223035209257,0.4134520953896118,0.12293505617394462,0.1533895205462546,0.045284502218416754,1.0,0.4846750214057757,0.785259682608068,0.23731844010274772,0.5252973352211997,0.0930829506240108,0.3072027638843076,0.0,0.8980032297175904,0.4956207674943567,0.7614938079626974,0.2870903712929089,0.6126784740594139,0.16558599932539372,0.4625598092387276,0.07276562621623725
images\Q\Q.b18e6024-c0d0-11ed-ba22-683e2670f3d6.jpg,Q,0.8985381628701479,1.0,0.4942440344040052,0.9132165265644193,0.23669408154369073,0.7093703900809716,0.09586445204279212,0.5656592914650068,0.0,0.44451720275693535,0.8248369662028006,0.4671764987362458,0.6434494664019313,0.2651631695025689,0.4205960599622593,0.13924494761652295,0.20131252525340296,0.05518535479667326,0.9499624185917181,0.4555795036573383,0.7101130193873724,0.22531917380219224,0.4375782946005871,0.09011427708695,0.17891501967412068,0.0063433489009927955,1.0,0.46366712929918447,0.7845803264586149,0.22431398887374646,0.5190292990162215,0.08791230012293953,0.2734500022447469,0.0,0.9576481424357097,0.48604678925174416,0.8208981594523397,0.2792094250633131,0.6698397250691889,0.15858924000696206,0.5114018661812221,0.0678715510093732
images\Q\Q.b2c4fc94-c0d0-11ed-a243-683e2670f3d6.jpg,Q,0.8808826571330524,1.0,0.4461847975203304,0.8928127768278362,0.21657363678800046,0.7183975917265817,0.06708097522470223,0.5997357903627861,0.0,0.48710085288724997,0.8281080472760328,0.4524772872417132,0.6495231739897811,0.2431537257164047,0.40314880315997786,0.11886137492017058,0.1592403911613822,0.04276050143177932,0.9459359429251193,0.4420440967429596,0.7002609803127484,0.19902711110195506,0.3758278972341476,0.07073118600770482,0.06951523283358998,0.0038987659916359368,1.0,0.4488702849137842,0.7585072211421792,0.19936754496199088,0.4370179928212582,0.06887450814775138,0.14406858242436682,0.0,0.9747911880112318,0.47273799468490557,0.8360293902032128,0.26168419480439215,0.6439049248641404,0.1435621433427412,0.4429738599646056,0.06658752394882676
images\Q\Q.b3fc6d0a-c0d0-11ed-aac8-683e2670f3d6.jpg,Q,0.8802989528386462,1.0,0.4696386404119453,0.8973128351623126,0.22503213512104397,0.7087983574256984,0.08661797549345084,0.5737193212903391,0.0,0.44962563844236003,0.7964952563983628,0.46228340783155963,0.6106888319668395,0.2711237223182233,0.36210174426965874,0.15089059919529163,0.1118371080538128,0.0711459123747824,0.916845285140712,0.4465952929023701,0.6620215735737293,0.22059160731251634,0.3575491506321899,0.08649173930509414,0.05627585849284763,0.005366422873612324,0.9873679502755336,0.4533553533511449,0.7556215700087868,0.21854553106289096,0.466754277829744,0.08246692214988491,0.18613901736410582,0.0,1.0,0.4769826624241999,0.8892258929877176,0.27542502247699696,0.7217554263083845,0.15574435524495145,0.5294040915007314,0.07058478450776971
images\Q\Q.b5352c52-c0d0-11ed-b831-683e2670f3d6.jpg,Q,0.8819144961171584,1.0,0.44996067163058295,0.8973909057199495,0.20731940829729414,0.7220186529275646,0.06541099259298842,0.593988777786296,0.0,0.4723311778630648,0.8158703633309813,0.46753495663765415,0.6127238508849592,0.26145546656569907,0.35574827738503384,0.13636335189447218,0.1084790992892556,0.061183959713097674,0.9487237407736212,0.45236478505012134,0.673902034104558,0.21643753386664663,0.35230891735860714,0.08469021568783909,0.05787362861793673,0.010718679577584152,1.0,0.45652474357831013,0.756816681219985,0.20771369430289338,0.4477147241933636,0.07388470189788818,0.16238183778251958,0.0,0.9595972353957753,0.4783584631022396,0.8236915068939008,0.25887051897653496,0.6370025912598316,0.13936917161204457,0.4262875436144128,0.06109816855433292
images\Q\Q.b66bce27-c0d0-11ed-959c-683e2670f3d6.jpg,Q,0.9013799889640474,1.0,0.4774525920054503,0.9005458449236106,0.22450740307868436,0.7147770717127843,0.08063751184632807,0.5780286652465523,0.0,0.4573338219104652,0.702698199688057,0.4688744752176999,0.493289761390827,0.29572081991133226,0.2401845593990767,0.21505803878904378,0.015306404399204554,0.18312210826492328,0.8269227755503336,0.4419719106897207,0.5938546734949905,0.22192436160238152,0.296184183285893,0.09457877526887373,0.009241166907648542,0.018698114548440864,0.9313362493102529,0.44473481965401024,0.7349433067112284,0.2038835541397269,0.46070565761658067,0.07470527517997348,0.1963187097338257,0.0,1.0,0.46520116423668234,0.8730510779849241,0.26205391027705444,0.688848821470784,0.14867107988843745,0.47796314915609606,0.07079260719745975
images\R\R.0050db3b-c0d1-11ed-99a8-683e2670f3d6.jpg,R,0.22270883627305604,1.0,0.04423714226809065,0.8399763194841513,0.0005623146706286232,0.6004817513869575,0.013746755122083431,0.40965649921612446,0.0,0.25633182429952284,0.37321601435823615,0.41831555072910187,0.5111287485751045,0.25278403169589914,0.6080125502354409,0.14907703594591853,0.698710477355989,0.059820677460805036,0.5112332787820619,0.4382968786375943,0.680834572477651,0.23778303905666423,0.7880804990015919,0.10893037290385302,0.8844676788881621,0.0,0.6049811742336758,0.49516582312168617,0.7717126386109795,0.30748250027017876,0.8699958229233504,0.1897526304939725,0.9567232548310102,0.08424626784310682,0.6725341303520602,0.5894506015584198,0.8215582603033524,0.4531590922183273,0.9154590260181056,0.36813585208199534,1.0,0.2883862161687363
images\R\R.01855817-c0d1-11ed-be2a-683e2670f3d6.jpg,R,0.22325390327490405,1.0,0.054588940982866915,0.8404150421907459,0.009794850895775737,0.5881033374936764,0.016266212057981372,0.3916621389592029,0.0,0.2416384825651674,0.36295204376057333,0.40759849928141656,0.5046568426480385,0.2440076318194645,0.6062780382476679,0.14920422323961097,0.7032173028699825,0.07153871388773064,0.5013557896317075,0.42612793733559273,0.6721346986279744,0.2208678878139386,0.7797652629848422,0.0995164361630686,0.8761032235851508,0.0,0.5983117798068729,0.4817099337667765,0.7663978747941431,0.28671221984956313,0.8619281135738468,0.16517708600959452,0.9470489393755821,0.05925259834250808,0.6697943450497871,0.5741741438187082,0.8150867750237727,0.4437558117278621,0.9103877513473249,0.3582654411203818,1.0,0.28126656942040196
images\R\R.02ba9a35-c0d1-11ed-9a3f-683e2670f3d6.jpg,R,0.22029331746353756,1.0,0.04887541617865206,0.8434175492970475,0.0029259425193872805,0.5977106078453076,0.014518574995306274,0.4047140507074471,0.0,0.2517915386540826,0.36983345499223363,0.41373181057827224,0.5139638063239338,0.24767306173746795,0.6142344386417269,0.14458610466482597,0.7069522085840314,0.05758671644763376,0.5084723013022099,0.4359510736322088,0.6804454820011224,0.2326259300760222,0.790121133856865,0.1062713834109079,0.8879144600030277,0.0,0.6030888081370702,0.49430329557046776,0.7724780395980823,0.302908036301504,0.8758981154208938,0.18617968532034446,0.9668581134432983,0.08133746862491355,0.6719254773349775,0.5892049381559064,0.8187039271819897,0.45567969452457974,0.9132497472334603,0.37299745126357414,1.0,0.29568641720240496
images\R\R.03ee730d-c0d1-11ed-8cde-683e2670f3d6.jpg,R,0.2170918285959519,1.0,0.04918691447396181,0.8332798569998543,0.005420981836407254,0.5889583553844102,0.014301578006502214,0.39794366094232575,0.0,0.2453723590325087,0.37533748632507574,0.40676345883026377,0.51703429871695,0.24244761494761613,0.6164006467222892,0.14320400445973636,0.7103285172213994,0.05958015066086781,0.5080271162299096,0.4283943192945301,0.6779425915615297,0.22460772024220033,0.7849638096923952,0.10165384263054197,0.883797877672335,0.0,0.5998958493067084,0.48610699095474713,0.7703427813380894,0.2943295467975666,0.8724886766995756,0.17738297582505835,0.9623752533012785,0.07541515750283243,0.6656721579056243,0.5811372042920928,0.8139551637440322,0.452553835083734,0.9107403858721437,0.36746025229121565,1.0,0.28892218766300987
images\R\R.052282d8-c0d1-11ed-aac3-683e2670f3d6.jpg,R,0.21504932615511843,1.0,0.03914213839384828,0.8425776683830088,0.0,0.595515093213638,0.014959405890747086,0.40337192972468894,0.003452789591533382,0.2518589418564766,0.370414128417197,0.42015438878165434,0.5098755477130376,0.25346593214361696,0.6081609964766442,0.1494604690520494,0.699628764250443,0.06117948552189072,0.5059205416839643,0.4398944143217522,0.676633689025271,0.2375019237087271,0.7876057770159017,0.10829792664000089,0.8880816652622213,0.0,0.5992498528840099,0.496313474548429,0.76620648729933,0.3051009277703456,0.8670591410406981,0.18771368846001507,0.9568708738400946,0.08355119284414124,0.6665353008222814,0.5901639265174624,0.8157406268750583,0.4551268103968557,0.9116792351454117,0.3725559250470012,1.0,0.2958779806630487
images\R\R.e237b430-c0d0-11ed-8c9d-683e2670f3d6.jpg,R,0.11955028078952783,1.0,0.0,0.7750551181850943,0.017795780833129573,0.4940407593816781,0.05521139626081328,0.27407664227829953,0.05953224353673024,0.09353082889847707,0.3751336312690805,0.3649648286411945,0.5485667375503723,0.20585487183555068,0.6680757914191389,0.10848678931261288,0.7737386794580313,0.0281290655324843,0.4930274257815684,0.4235667266497502,0.6890479450089873,0.2327902175582577,0.817145117431179,0.10593535433840501,0.926903339589566,0.0,0.5685357660636327,0.51974495157235,0.7665978728048802,0.33917566784285796,0.8901517245676921,0.22104197062997685,0.9966984265945177,0.11744681811875343,0.6102558899875768,0.6565880825882983,0.7914263583652937,0.5549837504965167,0.9036650352585165,0.4910689377646542,1.0,0.432830978722494
images\R\R.e36c2975-c0d0-11ed-a1d9-683e2670f3d6.jpg,R,0.1316036616596954,1.0,0.0,0.7843887868693004,0.012432319115132182,0.5038682593701299,0.0547720831084023,0.2866048679515145,0.06204948201230024,0.11003561302193202,0.3823951757380106,0.380747885439389,0.5553195966061842,0.21835825526139574,0.6743534848504628,0.11906075296445766,0.7776853310152958,0.03760869278767428,0.49930312973459035,0.43539494757470887,0.6930292240128824,0.24163459338505786,0.8206405677553713,0.10910695526031765,0.9298261241496455,0.0,0.5739642357732879,0.5287617377429753,0.7713443875259071,0.34447932276562127,0.8910021954292989,0.22482711572854563,0.9945955119251204,0.1216248186706628,0.6155614393845733,0.6636881339040042,0.794383340845966,0.5607266110609997,0.904672371148112,0.49569870640758884,1.0,0.4376346868198278
images\R\R.e4a3bf07-c0d0-11ed-8ef3-683e2670f3d6.jpg,R,0.12466114976199194,1.0,0.0,0.7825191695091608,0.02091873550591969,0.4962729804636412,0.0604268033687294,0.28109920586762244,0.067140046381057,0.10720694691800126,0.3875450750640791,0.383762269132701,0.5559260832417918,0.22269588567845,0.6735730501647748,0.12166069830177277,0.7766831197363603,0.04020067998085359,0.5039800805565727,0.4398945715498426,0.6990718906383498,0.2457196258688422,0.8261294275601123,0.11097308475858463,0.9331093372391066,0.0,0.5786131575735384,0.5327537253254365,0.7769100451605029,0.3463315963163494,0.8974031490296595,0.22297094588059616,0.999887513731234,0.11572950093052281,0.6189324545343586,0.6665435620819808,0.7969083852068839,0.5562367205677883,0.9069410472354449,0.4874279314548744,1.0,0.42552059686523774
images\R\R.e5d847fb-c0d0-11ed-8099-683e2670f3d6.jpg,R,0.13542084230206727,1.0,0.0,0.7893353464626442,0.007598717166396911,0.5058379561627426,0.04659200524392833,0.2894800327044384,0.06305612112784448,0.11238110177830384,0.3793005573438029,0.3816826029500544,0.5461179307574862,0.21962688181243434,0.6644720915476351,0.12041846707452143,0.7712010873624111,0.03952014080021296,0.4978605391845056,0.436832125931102,0.6896426338900238,0.24296682258317528,0.8187092903113758,0.10905005014997457,0.9292716541877037,0.0,0.5743236475253743,0.5250024956148482,0.7659254037865977,0.3417994096088302,0.8866906111689479,0.21978939387457277,0.9900758970024418,0.11490523793904996,0.6189248731603273,0.6518067657306923,0.7932968592295746,0.541742129306124,0.9049639920972558,0.47273362520143175,1.0,0.4120765179280217
images\R\R.e70c87db-c0d0-11ed-8eeb-683e2670f3d6.jpg,R,0.13517632771416094,1.0,0.004442084857458757,0.7997969680318143,0.0,0.5400110503436042,0.02423826200182814,0.3337300278007826,0.022986693228255944,0.16386386845265632,0.3726452160726839,0.38564703923776755,0.5412966958746734,0.21216539083050692,0.6582099014980671,0.10460398813656342,0.7636663922835011,0.02117359233279871,0.49340303315165596,0.43819136275708487,0.683962141617432,0.2356968321343027,0.8086534605562022,0.10482565851181065,0.9136403340006202,0.0,0.5779520137938424,0.5287685924142287,0.7700303769764923,0.330037632693093,0.8873076679541569,0.20387371242687138,0.9865613132725144,0.09503235181109221,0.6328156583491226,0.6633469391694268,0.8081550248649596,0.5405686945937159,0.9132717838315255,0.4612453833751441,1.0,0.3879053627341638
images\R\R.e840a455-c0d0-11ed-8b70-683e2670f3d6.jpg,R,0.15021237520528777,1.0,0.011782505308346979,0.8053055579760455,0.0,0.5453953378551211,0.019028636558620762,0.3433141536826897,0.012999147854303748,0.18035074305920581,0.3714392335813179,0.38641945811630907,0.5257181042527111,0.2239468291736822,0.6322003625131933,0.1182603953800185,0.7264277573029547,0.029000250169356222,0.4938229768565163,0.42548635452651934,0.673020703586368,0.23412815979356813,0.7877074470591056,0.10670622528172162,0.8867604991209923,0.0,0.5762496828216189,0.5028884722522832,0.7596201132833066,0.31477292211862523,0.8723116291025526,0.19309167160915114,0.9710766377355902,0.08608664854578521,0.6272527930294317,0.6217723233987053,0.798859728222553,0.508410468884835,0.9054721639293587,0.4331586832659188,1.0,0.36317113551589697
images\R\R.e975836b-c0d0-11ed-8509-683e2670f3d6.jpg,R,0.17798817699585945,1.0,0.018238355754360877,0.8204067612872032,0.0,0.5621631984107819,0.022342110514325622,0.36463027133371856,0.021604004190431847,0.20277106776410372,0.36917704574554766,0.3967403417508035,0.5176538570264563,0.23183079771845252,0.6213533265709962,0.1246548403302375,0.7156359645476162,0.03431154439279109,0.4922593411709929,0.43111943447552004,0.6646004123917056,0.23537640145696556,0.7743086618886875,0.1057913533212585,0.8691658213745281,0.0,0.5769788150389943,0.5022691590451456,0.7538482963899097,0.3134518811116541,0.8640017792706653,0.1859671211912791,0.9598749521924939,0.07548156901374786,0.6320692751550626,0.6135860753079124,0.8014641568418777,0.4955405794552979,0.9083018773799824,0.41955116731448344,1.0,0.3503849571232177
images\R\R.eaa9e53f-c0d0-11ed-8681-683e2670f3d6.jpg,R,0.16521281001537866,1.0,0.019323707528170222,0.817070368664388,0.0,0.5628016061266132,0.017910768110744615,0.3658482315818474,0.009068709254981077,0.20572793351643148,0.36157098974334434,0.39559854152855384,0.5120457228852886,0.22839493882857365,0.6163351542020342,0.1226772830588296,0.7127034233947548,0.03326895840687393,0.4860592394532463,0.4303295228542648,0.6617427178200458,0.23117019948514408,0.773700556702274,0.10432800755925578,0.8728296515074012,0.0,0.5713270256568667,0.5016081175903365,0.7473813488267734,0.3158550654762417,0.8550133555923085,0.1978213329430301,0.9494648336574599,0.0943989509164952,0.6277501301582389,0.6119580237453616,0.7958526291757073,0.49125476758301834,0.9041293672413933,0.415131910304867,1.0,0.3444670208094775
images\R\R.ebddb1b8-c0d0-11ed-beb1-683e2670f3d6.jpg,R,0.2895975980943965,1.0,0.09509529041248356,0.8676535976773991,0.04030059036199341,0.6375237215087606,0.0434786436538645,0.4493718341049181,0.0,0.3041342024681025,0.3994191791277941,0.4516279808697354,0.5299937225155309,0.2637473348115987,0.6213624475391892,0.1441153705689578,0.7047156070221015,0.04432785910174553,0.5283879067721896,0.4733980050199023,0.6739327969284961,0.26068811991967383,0.7669785889869254,0.11752451585841589,0.8501421545162058,0.0,0.6245982389465292,0.5370983085195938,0.7697698788031913,0.3333817692879237,0.8568557460276381,0.19813671726286483,0.9356535319961296,0.0829700636739059,0.700219609583872,0.6372539332416925,0.8395437296611346,0.4878064906116589,0.9237062464860624,0.38783177417995507,1.0,0.29735631716250555
images\R\R.ed118c0b-c0d0-11ed-b0c3-683e2670f3d6.jpg,R,0.3086879799528316,1.0,0.1145279773553995,0.8650839669652229,0.05039487617407645,0.6371204196363766,0.04008690444383855,0.4561773235589712,0.0,0.31334589115932393,0.39476918647567194,0.4424409658242522,0.526905327904283,0.26005397827456567,0.6283612589878386,0.14931457354106514,0.724245620060625,0.05830242158620032,0.5356900465542755,0.46467324485069067,0.694135358287197,0.2520984327960901,0.8051581714860636,0.11272093478400706,0.9031388636469433,0.0,0.6371438261504296,0.5239108884015596,0.780317489128143,0.3208634790348327,0.8747623095395778,0.18710529641289914,0.9579395948397161,0.07519686422356275,0.7133690688871059,0.6193468683522256,0.8393664299900132,0.46961965663211513,0.9236722682271079,0.37515014874591296,1.0,0.29235266718461234
images\R\R.ee454059-c0d0-11ed-8482-683e2670f3d6.jpg,R,0.291672979200202,1.0,0.10062336268661427,0.8526193517571935,0.03977724647287189,0.6230604260206345,0.03463371524161222,0.44534137698381615,0.0,0.3045182782296174,0.38534111353091566,0.4369753153440699,0.5207149733295459,0.26764580339179544,0.621235362812865,0.16216950128900506,0.7161312849162011,0.07239827175581204,0.5249293785310735,0.4587131257757901,0.6842261622952371,0.2542401957852096,0.7904897736956727,0.11559963622089581,0.8839306568191143,0.0,0.6245482593188776,0.5155234764605621,0.7757630274910835,0.3261461603765642,0.8693455480857242,0.2001647344193586,0.9484313354164694,0.09099962732731384,0.7001451882713127,0.6081724795103384,0.8363511188965691,0.4680689934293584,0.9235500899536029,0.37908915725636155,1.0,0.2977749567115055
images\R\R.ef790a5f-c0d0-11ed-8cb5-683e2670f3d6.jpg,R,0.26940373346317353,1.0,0.08674869990719447,0.8494253035139941,0.0320823482939974,0.6247969487173519,0.033975652572399644,0.44092172665431634,0.0,0.2924272616093253,0.37595366327228374,0.4336728333111722,0.5131944552180532,0.265244142018025,0.6141034560808701,0.15836721074078777,0.7083416372994666,0.06601733272710807,0.5125191985708029,0.45290143546800365,0.6712070963407255,0.25009165969377023,0.7749670924264249,0.11512618849381058,0.8672359905627165,0.0,0.6118606890839939,0.5107877295150667,0.7666790380844749,0.315693499201852,0.864147909648075,0.19166934943624966,0.9480308959253483,0.08564944493746977,0.6856927934303396,0.6066279349249589,0.8283113730722368,0.46393355242554246,0.9191446298300741,0.3761133109693667,1.0,0.29852070126406266
images\R\R.f0ac961f-c0d0-11ed-8fc3-683e2670f3d6.jpg,R,0.25024436352699814,1.0,0.06935229840953855,0.8474194139351485,0.017452946345845304,0.6175439590433067,0.021758995700713657,0.4353666405606213,0.0,0.28755828292653024,0.37019811248320683,0.433073983356061,0.5168800794693661,0.2610489986400554,0.6213632401668793,0.1540724153680012,0.7183619349056142,0.06119123904956658,0.5078721456609512,0.45765677616732453,0.6766293786025469,0.25159138133641434,0.7888233672398915,0.11494004935923319,0.8899379513564414,0.0,0.6067925302933198,0.5189840793369915,0.7645616593725596,0.322542782994214,0.8663887466667303,0.19629013978614715,0.9580028905907809,0.08760695022955596,0.6804604258390013,0.6165202274639158,0.8213944295857099,0.47258064179077097,0.9142855892552452,0.3850198976361297,1.0,0.30688147770278257
images\R\R.f1e0aedc-c0d0-11ed-8a31-683e2670f3d6.jpg,R,0.26407695144860266,1.0,0.08341401529714405,0.8492594664283873,0.028163084621900484,0.6144478814797405,0.028220714596050998,0.4283886925032667,0.0,0.2828873361150443,0.3743717356038371,0.4289542463707807,0.5188770399057291,0.25968792168364285,0.6205060341513273,0.15202404705665248,0.7122709257366479,0.059530053197410664,0.5093270694435328,0.45119469811611346,0.6762422287445027,0.2494283062924065,0.7840161410813025,0.115331674161097,0.8795830481138003,0.0,0.6073833960034882,0.509990724824762,0.7683114847356757,0.3163165274625292,0.8682270128684801,0.1920785275217471,0.9559578062632647,0.08340726006824747,0.6792100747353319,0.6053065203265431,0.8216967670951992,0.46475398980579974,0.9144724298203664,0.37927295571442377,1.0,0.3026493582088285
images\R\R.f314e260-c0d0-11ed-872b-683e2670f3d6.jpg,R,0.24904843894375772,1.0,0.06712528838896467,0.8436033522278266,0.015361207115738271,0.6092368380829731,0.019542534534159675,0.42756096575158226,0.0,0.2804289844407309,0.3745266700154094,0.4270327376016212,0.5149916251424566,0.25866779652670246,0.6175623753348493,0.15241728258440618,0.7126666694672878,0.06134624309923581,0.5121723998382841,0.45233356515905615,0.6786259192288849,0.24912298795946441,0.7914161360989868,0.11318739927311718,0.8919116259986465,0.0,0.6090980979581271,0.5135144175622619,0.7692008087393783,0.3215099891799177,0.8711754267096442,0.19726882352859193,0.9600179319773126,0.08976417423816911,0.6786951345808501,0.6105200097190263,0.8225306372953521,0.4681966699791264,0.9157565147949815,0.3817498335639976,1.0,0.30413119013007794
images\R\R.f44909ba-c0d0-11ed-ad90-683e2670f3d6.jpg,R,0.23285208334677907,1.0,0.057869103211077806,0.8359567761574332,0.007802441668461062,0.6088894220661977,0.01656534933601505,0.423897006981115,0.0,0.27386021073131583,0.370318412764908,0.41887672168916185,0.5114838368494681,0.24885933964119505,0.610513533456819,0.14101768114172905,0.697978327615715,0.04885166937113841,0.5051853625059968,0.43966853208569845,0.675442286671818,0.2413546351699187,0.7872259782290462,0.11120722333651603,0.8840400121803752,0.0,0.6010105721666693,0.4979579075222666,0.7634914572113473,0.30814585018512713,0.8638242662096484,0.18633026920075552,0.9498386804358885,0.08076537134981085,0.6706350673157391,0.593986882435105,0.8211722222515584,0.4602084863587287,0.9153956773749531,0.37397781374386113,1.0,0.29827201443507406
images\R\R.f57ce516-c0d0-11ed-95ed-683e2670f3d6.jpg,R,0.21806368205691576,1.0,0.05522834169395134,0.8363355226437871,0.007394701410126142,0.6036326668360261,0.010701300941303853,0.42373471824835385,0.0,0.2734297785780113,0.3687450884130162,0.4153780825423198,0.5109448899418808,0.25637971988940955,0.6059930608288118,0.1499343114148867,0.6919654398339125,0.05830499344504874,0.49976570753456484,0.43833455099047447,0.6701166042644987,0.24024661265708241,0.777398224203549,0.110448610850994,0.8713193385535026,0.0,0.5937109533161631,0.4978789123416659,0.7568259809278615,0.3063035081505766,0.8589454524811562,0.18364154893405552,0.9483528023218393,0.07586359396759054,0.6630207765692502,0.5952567927652623,0.81354354843208,0.45581040336592576,0.9123981559630251,0.3710232214015914,1.0,0.295345289243019
images\R\R.f6b09d9a-c0d0-11ed-9498-683e2670f3d6.jpg,R,0.22999400331864533,1.0,0.05831471579182284,0.8369623509517489,0.008222357265738077,0.6058394884868937,0.013760256372176361,0.42158871266986286,0.0,0.2699081757546332,0.37269515103689604,0.41438459848584147,0.5140944087970593,0.2493234100135318,0.6125858862043415,0.14718855169129036,0.705243042203953,0.059859752956965925,0.5088292503184985,0.4346264540223413,0.6759881479245622,0.2341705172913509,0.7848889249242789,0.1074605814797106,0.8828901114162524,0.0,0.6048191001124679,0.4919346873748124,0.7742104971626145,0.3009106273549116,0.878114441084412,0.18302289883272074,0.9690757484412241,0.07803883977278392,0.6742955103561161,0.5869000455982883,0.8215353109805096,0.4512668293682514,0.9149892148040161,0.36488530276709613,1.0,0.285867576663276
images\R\R.f7e46656-c0d0-11ed-8a4f-683e2670f3d6.jpg,R,0.2223292942657072,1.0,0.04960752202394398,0.8370818241915811,0.0007883845880796411,0.6090946546121544,0.010018070928393946,0.4263910485004795,0.0,0.27449185761771305,0.3672676191551841,0.4249331942905559,0.510794152763884,0.25936792953510673,0.6120066797896028,0.15338078788838092,0.7048400238794411,0.061102084710570666,0.5030906127980896,0.4463387212409568,0.6744982090419182,0.24698117335965214,0.7849886249959663,0.11537625347994898,0.8840040014198587,0.0,0.5982618832488947,0.5042543831063026,0.7611112007486528,0.31273940652321675,0.8612370518571106,0.1919979795346412,0.9488362806157024,0.0841817115296878,0.667356562005873,0.5995328255789052,0.8149871728677918,0.4586218936508971,0.9115948401045533,0.37257986424707407,1.0,0.2952232753884973
images\R\R.f91901fa-c0d0-11ed-9053-683e2670f3d6.jpg,R,0.2349618670441498,1.0,0.05602062170355314,0.8400415954024851,0.0,0.6124749662722568,0.005287067787761993,0.43186410231963007,0.0011183390741542933,0.2787522128889994,0.36545539663910004,0.42355040982809683,0.5078822644216786,0.25529517953888514,0.6079963403551946,0.1490324664813349,0.69943603787502,0.057624016074060244,0.5040533363610971,0.44381750965917116,0.6726621324259915,0.24462763142575294,0.781815070282376,0.11301060429761374,0.8790959657105762,0.0,0.6023995027227247,0.5001507470235369,0.7644749524546484,0.309300330003624,0.8620701429178509,0.1881107333520586,0.9469022398457815,0.08022646489913536,0.6736724840044808,0.5945617220627815,0.8213870366462251,0.4578050062067481,0.9150560074575136,0.37134227632925026,1.0,0.29300465875067144
images\R\R.fa4ceef8-c0d0-11ed-a9ae-683e2670f3d6.jpg,R,0.24552265981936308,1.0,0.07306936540515711,0.8393210046557741,0.02135508883388038,0.5938363902156983,0.019878001011864904,0.40775418642642625,0.0,0.25894323472988334,0.36893331696850457,0.40269245305327156,0.5102910063519029,0.24008959352360568,0.6091540153173177,0.14212378659300168,0.70210381215445,0.058484332182204175,0.5029592390192607,0.418937430104727,0.6612784252822022,0.21974105630964805,0.765094225362325,0.0997222300057659,0.8604262389775384,0.0,0.6012948468207472,0.47251402917302543,0.7611399318429187,0.27977131417123596,0.8628035949153992,0.16405492706288016,0.9541724034708019,0.06259700478608202,0.6766560983898872,0.564669060049394,0.8175945403042643,0.4296272350825348,0.9117798006974496,0.3467092582176566,1.0,0.2703226237087955
images\R\R.fb80a189-c0d0-11ed-b42e-683e2670f3d6.jpg,R,0.2310291195832702,1.0,0.056923439259769955,0.8428269693845561,0.008449136892683269,0.6027067459651463,0.01507911477509987,0.41647127797549116,0.0,0.26726775360532284,0.3761755568920639,0.41620369763013837,0.5138165625983027,0.25067256987058883,0.6102929072153522,0.15198224334113983,0.7028933776010979,0.06756867405456829,0.5124684412889808,0.43392733304954284,0.6737790914676981,0.23143958225799813,0.7774958071125063,0.10606631559280921,0.8719225672695623,0.0,0.6097676757304752,0.4890583840861396,0.7741704276337772,0.29886281746044313,0.8740291978179057,0.18028649870552635,0.9609275042010369,0.07384335398730904,0.6822646971097192,0.5820397267468609,0.8272359214328674,0.4513680073429656,0.9179852462516646,0.36519831480929416,1.0,0.2846792496531408
images\R\R.fcb4b214-c0d0-11ed-95ff-683e2670f3d6.jpg,R,0.2403479082943554,1.0,0.06095964814231625,0.8452904825056536,0.010659443123753089,0.6077417551704863,0.0185524623928651,0.4144552128658432,0.0,0.26321574838245343,0.3784212357022333,0.416999355173409,0.52127065021554,0.24873683402930763,0.6229875855469627,0.1496098159778165,0.7194374341639873,0.0651777200539243,0.5147664995512712,0.4338671419751057,0.6799863252392107,0.23153087860819752,0.7849335319821348,0.10728644914272771,0.8795329271084649,0.0,0.6116581861071588,0.48845454429209734,0.7782352030058145,0.3036089738671694,0.8752420800858005,0.18681567093019433,0.9600218944274733,0.08129884150418133,0.6805355372023225,0.5789985642104801,0.8240744492813037,0.4491447827500667,0.9145146436982247,0.3642624042350311,1.0,0.28586277067189836
images\R\R.fde8532d-c0d0-11ed-b14a-683e2670f3d6.jpg,R,0.2281211336360829,1.0,0.052661928567777246,0.8409073598267353,0.004711639124267664,0.6037201970517926,0.0124924724738786,0.4143663019294063,0.0,0.2588696251559426,0.3741563871864362,0.4199367099087455,0.5131347798097308,0.2547258225748536,0.6118876105543709,0.15315061934686025,0.7061336921887033,0.06578327992926346,0.5139094552377659,0.43663208530395375,0.6812173209778698,0.23527138145834034,0.7903879569556419,0.10801988306140861,0.890840585179179,0.0,0.6100751859075568,0.4912631950946158,0.775976666643116,0.3023024384520657,0.874629338172007,0.18710434822512878,0.9613726217900738,0.08388775636200721,0.6799933836733829,0.5840970990543387,0.823565593272958,0.450749825311211,0.9158529596217057,0.36743663776239394,1.0,0.2900174523207234
images\R\R.ff1c9684-c0d0-11ed-b00c-683e2670f3d6.jpg,R,0.21508431977662357,1.0,0.04611280709889519,0.83484791444488,0.0,0.5933027317356425,0.012169903288458801,0.4080651828701409,0.00338661056725727,0.25718545595142234,0.36975015005815015,0.41552943926859043,0.5129516209193965,0.25558210196962194,0.6122643088042717,0.15401142555347774,0.7036603366131063,0.06983983733623654,0.508537288929996,0.4383474190757005,0.6787852324465264,0.23669347520586748,0.7875459644139491,0.10596806874167236,0.8823881265500112,0.0,0.605886525235993,0.4959749331600626,0.7702869877730705,0.30610786530785417,0.8715198372295727,0.18290918357906186,0.9596154182355826,0.07829672507377297,0.6760567132394995,0.5902938401723937,0.8198573760761105,0.4577336629326849,0.9152764608088072,0.371936951464705,1.0,0.2950270707957922
images\S\S.0b74e106-c0d1-11ed-939d-8cc84b59e01a.jpg,S,0.8852349709432764,1.0,0.5323033062283169,0.9531152305105643,0.2190915259431123,0.8367323709416149,0.006304378755212153,0.7112000170579009,0.0,0.5553999231140202,0.3775871975309993,0.47941481365811073,0.18379307891828,0.3996293042195101,0.21473575345014392,0.5592112978491367,0.3230762916835389,0.7175641192071337,0.5197407877600604,0.3868728791290938,0.2564307837107242,0.2334314162635797,0.27983047508563796,0.47012985954198283,0.4214114125616977,0.6561694727540797,0.7223744979370273,0.32650797801788445,0.489790200606306,0.1319905253394491,0.4637111072198571,0.3354646302543195,0.5670441487091372,0.5184297449655675,0.9491047683670231,0.3054602842523591,0.9609509920873781,0.07646360866165089,0.9567314742867149,0.01926570753601757,1.0,0.0
images\S\S.0ca9afef-c0d1-11ed-958f-8cc84b59e01a.jpg,S,0.8334405930985274,1.0,0.48654429106488745,0.9517685023759075,0.18915710725562798,0.8252268269538788,0.0,0.7072374496554071,0.015107914239017714,0.5629807753445777,0.3433201549505289,0.4471232656056884,0.1507883922839517,0.36384569408775386,0.18426822740408216,0.5477179842906098,0.29261898769844485,0.7176236807158182,0.480289862803449,0.3699439677019491,0.25732176635574977,0.248910449451334,0.2956973473608156,0.49237329754888215,0.4317285212650297,0.6717487127347068,0.6710261577386666,0.31951611057250073,0.4825427139898335,0.13149090239673872,0.4693406521728223,0.3328701822548443,0.5703434363493617,0.5119991352629243,0.8842191352653471,0.30467599912557397,0.9221405017538754,0.07860629574613548,0.9375032514629272,0.021546062691015756,1.0,0.0
images\S\S.0ddd43ea-c0d1-11ed-8dd2-8cc84b59e01a.jpg,S,0.8636193649922009,1.0,0.49710522370777455,0.9384876670676889,0.18986884715634908,0.8150152927163575,0.0,0.6919903275813567,0.01414477696386728,0.5421719847012982,0.3358056021376479,0.45477186619022825,0.14741624760694017,0.350549460415507,0.181251682462787,0.5271536992811525,0.28930568891377245,0.6966942593955936,0.4872656708815326,0.3816693900271139,0.25911941845489067,0.24726107749307188,0.3043472420505816,0.47486338307207027,0.43839513065045554,0.648883122946257,0.6862941006742747,0.3262047129099256,0.4775034911942383,0.1538761499464306,0.4811311630526067,0.33912810567835616,0.5882886619873828,0.5017312791414531,0.9035269793150436,0.3019928414525387,0.881186291414107,0.09127088159068192,0.9124179052189794,0.03354850873570236,1.0,0.0
images\S\S.0f11bd28-c0d1-11ed-bccb-8cc84b59e01a.jpg,S,1.0,1.0,0.581658665912482,0.9411450411835581,0.23647722064651994,0.818636300788117,0.0,0.6873335045199861,0.021277810680341642,0.5222585445184058,0.3738944713627611,0.4191811352308715,0.14706419607443347,0.3079196871234717,0.18647681704616562,0.5088365233307656,0.3077357033543375,0.6923449937780236,0.539162837196885,0.32420579269296357,0.2709237634806255,0.1696035053759193,0.3087784870846392,0.43491417623007483,0.4582738521082737,0.6307596078508833,0.7555631824396176,0.25522349734331484,0.5148086949268631,0.058491187179436535,0.5101015189424595,0.28066117552557596,0.6431724422873916,0.46719372403394765,0.998975751989675,0.21836569419479723,0.9060857851058315,0.0,0.8826231511740436,0.02391609220376479,0.9596982623958374,0.07476247851936714
images\S\S.104a28d4-c0d1-11ed-b9a3-8cc84b59e01a.jpg,S,1.0,1.0,0.5641570405389742,0.934907838306112,0.22684519431749428,0.809888511457752,0.0,0.6829746557830244,0.02208769803262078,0.517440614318391,0.364829720774857,0.4051945923312393,0.1534171604605601,0.3023243313905842,0.19257383786129662,0.4980474076807052,0.31404046575369265,0.6740793286665768,0.530189238005544,0.3148428204656891,0.2769745752838926,0.16665085127716459,0.31640605198775945,0.42597103726614516,0.4594748102120994,0.6182026727787064,0.7411203807704518,0.24566265707833793,0.5134436739985018,0.059008766592057844,0.5120157255161084,0.279235632271623,0.6413071672223423,0.4630324671144966,0.9799583265522825,0.20482776377249462,0.8457107148902389,0.0,0.7970537483128894,0.0400515338384083,0.853322981670264,0.10265426474696593
images\S\S.117ece8e-c0d1-11ed-85d2-8cc84b59e01a.jpg,S,0.9106271178408094,1.0,0.5153464696011081,0.9337715088631534,0.2048244225147616,0.8060001054855319,0.0,0.6824162250644362,0.03384129199868163,0.5280327801027758,0.362118734799477,0.403827987838213,0.16120632643345376,0.2919157341145579,0.19086633018174926,0.4893717010110504,0.30303488069003104,0.6712240206347386,0.516069739838134,0.32006900143416106,0.2925304979847526,0.17415598151918746,0.3266994965651396,0.42938233167872647,0.46317622805146796,0.6248065966988082,0.7122356536144124,0.2587594838283416,0.5061706853133596,0.059048210993803196,0.5001459465630931,0.27167672411206606,0.6214517751625876,0.46284398468754334,0.9254595431818721,0.2342603111317871,0.8914620722042347,0.00291348512511879,0.9027069586890444,0.0,1.0,0.0347805379825292
images\S\S.12b33be4-c0d1-11ed-bb92-8cc84b59e01a.jpg,S,0.9772265751581991,1.0,0.5878226824903662,0.9615650372580493,0.22693960376275302,0.8340974513145233,0.0,0.7150162748544399,0.03845903216114155,0.5577178663490683,0.3876028946885008,0.3952244858430402,0.1654916049256764,0.2990366275232206,0.19643822279123432,0.5215525915791107,0.31685357279018755,0.710172281989413,0.5473594945883077,0.29895935716557215,0.28362356783361,0.15099795525462473,0.31991833588730256,0.4439051545853604,0.4808702936470003,0.6496675314078247,0.7541074577769469,0.22391026473167955,0.5050493107231621,0.031803792360468625,0.5021882951053722,0.28854983800698797,0.6519373849497546,0.490321286712864,1.0,0.17801854076474988,0.8311063134296716,0.0,0.7774269612464039,0.13706902887301356,0.8588248163840101,0.2818688711727992
images\S\S.13e81e00-c0d1-11ed-88e5-8cc84b59e01a.jpg,S,0.055943237918343644,0.9575597944490594,0.0,0.4759884994719877,0.10786232499367608,0.1937246940755073,0.3052440439361029,0.18525652384556843,0.41626714138622706,0.3141002332267749,0.6981684977334833,0.0,0.7374243059423472,0.14551629975530136,0.6284153621973276,0.265952270965059,0.5208154947324418,0.3326938460703286,0.8866331924454985,0.26211637165920826,0.8608025024909713,0.374847255411486,0.7332433931364387,0.46117649950886147,0.6191468111410252,0.5277695551483504,0.9716165839905658,0.5459652382508299,0.9331849636775407,0.6107786209813961,0.816155626626257,0.6946265657280578,0.689892178646883,0.759889603944677,1.0,0.7968694145157804,0.9740909290640242,0.8804592426736372,0.8686922608281544,0.9538386136271219,0.7594125464199487,1.0
images\S\S.151c825c-c0d1-11ed-9907-8cc84b59e01a.jpg,S,0.0,0.9524557813365452,0.011182116383360486,0.4745460006776882,0.21170996180768847,0.21475614321416575,0.46396678021575133,0.21036004776370285,0.6017783826175209,0.34026558078719354,0.6665638816791021,0.0,0.8126858931246556,0.17434935271896507,0.7162290616054368,0.3145538725147116,0.6002444987775061,0.3678880344624684,0.8429708422460866,0.2349190941863327,0.9127713584371502,0.41898839002683624,0.7818412918858941,0.5184201479569969,0.650396491066204,0.5553773376914506,0.9387241631319152,0.5128531414104497,0.9816425607544256,0.6530034066903709,0.8554962451106315,0.7368655982472833,0.722850802329901,0.7696008002047862,0.9741279260336568,0.7776857095084985,1.0,0.907381129588884,0.8836949422502143,0.9755228285739792,0.7726683387437084,1.0
images\S\S.1653cc43-c0d1-11ed-a565-8cc84b59e01a.jpg,S,0.0,1.0,0.09510828290681902,0.42639242146694606,0.30484115780763893,0.15101167178432898,0.5414862305609638,0.11561743607314963,0.6854336149145643,0.21569628760822868,0.61593212309699,0.0,0.8750011949410974,0.056840645220806264,0.8155356150866359,0.20437538162825125,0.7033200243449332,0.28163835479237226,0.7456304987206164,0.28534207069841816,0.9564292610802905,0.32195861502440226,0.8806158248439407,0.4296601476873877,0.757515117332594,0.5069297101162785,0.8230663994247288,0.5964421264875265,0.9994142133198225,0.5810413674042251,0.9206033337263362,0.6569030235939607,0.7968722284005103,0.7213394437781966,0.8560653616847713,0.8873977016644483,1.0,0.8341970761235795,0.9254213362309327,0.8734279112469964,0.8204385911803788,0.9188801105239344
images\S\S.178a9375-c0d1-11ed-9f07-8cc84b59e01a.jpg,S,0.0,0.9018464412120522,0.06571425532706901,0.48339672026947816,0.29796648745805615,0.1592668602504196,0.5683093236337338,0.08873671360348111,0.7822477120325022,0.155841417228954,0.29983036336274055,0.05490602892962776,0.8645587054437939,0.0,0.8359278698637057,0.166230178777644,0.6940201755925317,0.23608423141903287,0.35716701498013814,0.3585162110152853,0.9654712335614654,0.2831519672436702,0.8975708458965482,0.4310016834890648,0.711633138171434,0.4805819105627071,0.4131471052757526,0.6837888847746928,1.0,0.5744700307465367,0.9238017750692639,0.7013918142155635,0.745606730160756,0.7516066602005496,0.4576998548250722,1.0,0.8908140963259576,0.9147666826070945,0.8719248706454169,0.9657885439793404,0.7594722652074726,0.9794553370700894
images\S\S.18c0f1bd-c0d1-11ed-b9e1-8cc84b59e01a.jpg,S,0.0,0.8697955508711476,0.04805189135661658,0.4773056313692851,0.2547326051169661,0.18767908866657398,0.5137124943427568,0.11448013604661678,0.7282677590464776,0.16844957222906626,0.2678109908837567,0.10335342464687872,0.8014270344109587,0.0,0.8431212620059272,0.15858055307344593,0.7354664801088843,0.25262015166203033,0.3542746654421049,0.3879608661790172,0.9475494121164195,0.27609042938498024,0.9360779873421429,0.43224942657595594,0.7717540686561374,0.5040365746822224,0.42752511981750935,0.6966744808555613,1.0,0.5702625548022259,0.9577824601423387,0.7054632556484335,0.7877722867751199,0.7689259104048631,0.4811378256403115,0.9891197709998629,0.9001285900354051,0.9057484362709304,0.9156439420941442,0.9714547128698816,0.8244367485675225,1.0
images\S\S.19f7bc50-c0d1-11ed-8227-8cc84b59e01a.jpg,S,0.0,0.8028633873489254,0.08434424628356957,0.3750066430763644,0.3397121914378206,0.0918045474072073,0.6103506413329949,0.05294476503438899,0.8079359408672071,0.1189603364053871,0.38019937261243303,0.014624732616176334,0.8806945136492834,0.0,0.851608111538353,0.16386587185948565,0.7204881839919023,0.2162564936071462,0.4436286107951192,0.3357333291998636,0.96977132631988,0.31418263588412704,0.912605517793217,0.4533041554657018,0.7594418903941594,0.48645532088273197,0.4917857773348668,0.6599160093711663,1.0,0.622621778661553,0.9657668470693187,0.7284288238654733,0.8332586443372684,0.757222684777169,0.520364503192824,0.9434557947555127,0.8940685446509621,0.9267335107772843,0.9448257239348461,0.9886979127454063,0.9108249948031083,1.0
images\S\S.1b2fe8e6-c0d1-11ed-ab32-8cc84b59e01a.jpg,S,0.0,0.9724525356082849,0.05136795567820822,0.6048137569915506,0.3012722356228755,0.28457986753131875,0.5811140229533495,0.1701044935977023,0.7954796777355291,0.1842092642819462,0.3212623647093989,0.14911030353409674,0.8704952835107086,0.0,0.8047811368233732,0.15818977230946304,0.6282814183529477,0.23853909673339835,0.39674899379244666,0.41164624929618243,0.9820126931605692,0.2605164111609038,0.8681924411047082,0.3890192912623601,0.6717167742966974,0.4585737858369701,0.4688258478906136,0.7044800986143896,1.0,0.5592072660616944,0.8702155612865554,0.656140930477921,0.687046998060574,0.7128437604906563,0.5249032024858019,1.0,0.9006719172511591,0.89764138962453,0.7840433207977366,0.9520866748016433,0.6257750404915993,0.9862016230877032
images\S\S.1c64d551-c0d1-11ed-823d-8cc84b59e01a.jpg,S,0.0,1.0,0.037842023120292084,0.6386637955339726,0.2834564551053518,0.2974560458499371,0.5716606606920817,0.1636804258027152,0.8010842709450057,0.1673956850759184,0.2945796915955852,0.1772670055892118,0.8421441541360347,0.0,0.7972581309716275,0.15934956040550297,0.6389492565609252,0.24412259380467902,0.35922420699502094,0.43266977607115253,0.977298236157956,0.2594186253074321,0.8712233835124191,0.39406889785729216,0.6814881280786924,0.47045069406198714,0.43813657651247767,0.7050432641370004,1.0,0.5517391084988835,0.869361498398988,0.6565396915440224,0.6904265340120654,0.7139954151758781,0.5100940246326495,0.9789108265699334,0.9141558978123698,0.8450287897616052,0.7938380765120535,0.9197880483377999,0.6408903226937609,0.9726152788182737
images\S\S.1d9c3f94-c0d1-11ed-876a-8cc84b59e01a.jpg,S,0.0,0.9791360609080608,0.04718109365327896,0.6087832894466778,0.29150584422677783,0.2807085700016483,0.5855224529366785,0.16269516013202376,0.8104637375741908,0.1976745387185396,0.30291153096894,0.17775914422593686,0.8550657930670357,0.0,0.7982359219677384,0.15152865237951305,0.6278248233987547,0.2296650137498546,0.37951004533372173,0.4322057838764485,0.9850036867785749,0.25888171442250385,0.8775784692131231,0.3846595367132121,0.6721867831263882,0.45259769627619895,0.4521094290499945,0.7067798033656266,1.0,0.5644653275959559,0.8756508757237009,0.6633025969552258,0.6852725712777191,0.7126210775412753,0.5054522220806176,0.9799880443857792,0.8738382095910862,0.8850774442651451,0.7565372046025561,0.959023052957263,0.5976603748680043,1.0
images\S\S.1ed62efb-c0d1-11ed-b11f-8cc84b59e01a.jpg,S,0.0,1.0,0.039984438476466336,0.6552640891552561,0.2682493257481848,0.3187315812828392,0.5386230905950684,0.1657240591076344,0.7680402498863284,0.1430514125848272,0.28582910923978305,0.1802463631123722,0.8535070370796398,0.0,0.8259860888199929,0.15542348447147294,0.6681776262853885,0.24004421133978932,0.3536304846021693,0.4177676354336002,0.9819204324345308,0.25407912939775956,0.8900166775462229,0.3807964802090924,0.6958110330973512,0.45103268909098454,0.42960765380348237,0.677893517082257,1.0,0.540249135949014,0.8824808128298653,0.6341939539324001,0.698060774999265,0.6801704096395441,0.4970710826533254,0.9400254262273546,0.9172624734088328,0.8164544747721075,0.8095545813587676,0.8879799671110765,0.6481902593197171,0.9308682187990622
images\S\S.200b65df-c0d1-11ed-8d77-8cc84b59e01a.jpg,S,0.006290562087264862,1.0,0.0,0.633076381307082,0.18361632296864033,0.32211466503165553,0.45778266051074384,0.16317821241316852,0.6983969190491548,0.15011901695716226,0.2243043973916088,0.1273591607348129,0.84298223072293,0.0,0.8443381664341236,0.1333897837637014,0.6729152617790662,0.1985638189969754,0.3128831139265394,0.33132527832037556,0.9846690616586843,0.19999673301681584,0.9081885616423,0.3166827356653515,0.7051797020114828,0.37695705588592604,0.4242488630111707,0.5506097482219634,1.0,0.432187685904639,0.8756274781354936,0.5224608892728227,0.6701889031269995,0.5630147872776077,0.5331165997782075,0.7707212207272609,0.9217886209709548,0.6676004160465097,0.7992473539247458,0.7416769804566027,0.6192024780061433,0.7846871939577525
images\S\S.2140802e-c0d1-11ed-8834-8cc84b59e01a.jpg,S,1.0,0.9579783240561913,0.6881998384817156,1.0,0.3518618741049507,0.9481434329654648,0.11444403304106364,0.9038838927632509,0.049529778413009554,0.8215835519326566,0.23083327276657614,0.5706138167785237,0.0,0.5609166459724769,0.08605075317491981,0.7390576534704608,0.22750620822258455,0.8610593906979889,0.40551258348464625,0.4709271033158779,0.1734871073909432,0.49936652283752947,0.3149107453953408,0.7142976428143086,0.5007316360292455,0.8294910819789935,0.6330340763652709,0.40467713991477244,0.4066402169298487,0.3880346737023297,0.4978730930439521,0.5746391529732581,0.6581895041812897,0.6951975382408746,0.8791055293342221,0.36558879759347357,0.8497674080557635,0.17750012018896236,0.8534737816645867,0.08454471155914182,0.8900418581278041,0.0
images\S\S.22746123-c0d1-11ed-918c-8cc84b59e01a.jpg,S,1.0,0.9983607834630092,0.6386068455770626,1.0,0.31340768499397653,0.9367454142420877,0.08701019679047549,0.8988291746934298,0.041803400716238295,0.8349719133308178,0.22933416873156773,0.5074387279801889,0.0,0.5325643426863902,0.08126926949234639,0.743274705498632,0.21092648525981827,0.8672960260074766,0.41937113145009486,0.4276823647493587,0.17281783416918822,0.496063512384258,0.30649768728036164,0.7388940406152944,0.4720800715812073,0.8499543983097585,0.6545731812202233,0.37981624886759624,0.4320214475709974,0.38428628389763836,0.5025468381668611,0.5999360659719729,0.6309153364685123,0.7302537806627446,0.905627704046171,0.3572224063943194,0.8583409368577153,0.15035572373778036,0.8180752899614299,0.06987981624886759,0.8089866808172899,0.0
images\S\S.23ac25db-c0d1-11ed-b8c4-8cc84b59e01a.jpg,S,1.0,0.9859621394141402,0.6283420518965755,1.0,0.30797402866755774,0.9415767525550903,0.09821720744803429,0.8836913964994573,0.053890514817716735,0.7793566122189719,0.19862913075540398,0.5361086149721601,0.0,0.4990361717088673,0.058876227128174405,0.6999029161276069,0.17878191685486472,0.8464077905027755,0.36971931603447483,0.41755454860248087,0.15060434622298013,0.42285613529710425,0.25426729501774437,0.6754806926307605,0.4164965202562566,0.812001436076537,0.6006901875835369,0.342438398477249,0.3870071323224409,0.28525451057619383,0.4358070816241877,0.5070238163521532,0.5616395699866341,0.6580858969211454,0.8598599460754943,0.30603045926832323,0.7791529358897543,0.13217724923363222,0.7482163432732636,0.06767999286210478,0.7647027814905286,0.0
images\S\S.24e09126-c0d1-11ed-ba67-8cc84b59e01a.jpg,S,1.0,1.0,0.6008650526277579,0.9958765847030947,0.2845565209135827,0.9416000782268902,0.07655017682200663,0.9002504003145579,0.019345570095650026,0.7972863190823689,0.18891738579867282,0.4940556227846545,0.0,0.5030199457940463,0.09070319731604717,0.7332640458733046,0.2230224626076953,0.861070528390461,0.3756361194375762,0.3816585173446262,0.1660747469134682,0.41468998675176455,0.2790693843131725,0.6953561860925297,0.4317101263931801,0.8015524902020408,0.6095979515732481,0.31606923079779464,0.4008334997075072,0.278929199300744,0.4577379348474081,0.5213442647435614,0.5906706670929569,0.6366200042166604,0.8635344576039048,0.2922294209848584,0.7628365237617224,0.10806574524522027,0.7316049965305749,0.07261567863271279,0.7623255339912909,0.0
images\S\S.2616ccf7-c0d1-11ed-b5e9-8cc84b59e01a.jpg,S,1.0,0.9961868971475502,0.6136330011241911,1.0,0.2869890901042061,0.9499781346549719,0.07055318355768615,0.9080414694933995,0.027549962429883678,0.813913114585074,0.2061565479761648,0.5376457245250954,0.0,0.5606629999253379,0.10878266998293326,0.7575780308390249,0.25640031687043846,0.8741181866340524,0.38545541388288607,0.45133769692143055,0.17276807297339802,0.5042717417969402,0.30669155808223486,0.7376425247185059,0.4631955568240728,0.854927879914814,0.6108635884412188,0.3993020866294304,0.4215189394160031,0.3973022075110127,0.4778915883713209,0.6079813842363306,0.593796562188736,0.7480262526353962,0.8632409904531131,0.38372613922002935,0.836996371134501,0.17333210081523961,0.801573867508548,0.08018501992768437,0.7957525381671608,0.0
images\S\S.274c1156-c0d1-11ed-83b1-8cc84b59e01a.jpg,S,1.0,0.9932548040156971,0.6244028828592829,1.0,0.28580940218518397,0.9422191312056349,0.06943447589834177,0.9021860923207922,0.029964933334395333,0.8141362248918691,0.19528507190185698,0.4682707876333092,0.0,0.5758465485227638,0.10745320781667748,0.779860204400762,0.23752525569873878,0.8877705824160523,0.39575713111192334,0.3820321538626408,0.17870694952459254,0.5054643195352977,0.3090993675492186,0.7531232754278032,0.4547645323702169,0.8637572473039264,0.6459196024342231,0.3449764054830552,0.453056186610003,0.4016119943107799,0.5140023287310362,0.6281364887947004,0.6195350856931131,0.764720055230051,0.9165152578492898,0.3518623010431452,0.9005486707441585,0.16913547036305593,0.8991462401200768,0.08060554764576075,0.91300092128541,0.0
images\S\S.2881b923-c0d1-11ed-9644-8cc84b59e01a.jpg,S,1.0,1.0,0.6123614424806236,0.9954499860289884,0.28407235338705483,0.9367073355255299,0.07311585548342345,0.8953282114369783,0.04894762015310903,0.8341230619333041,0.23101450815751715,0.5477339434643193,0.0,0.5618039813401299,0.06307006821938728,0.7508350579251646,0.19119301415573264,0.874221077149415,0.41748391012606184,0.4667467417419549,0.16153226505707324,0.5018799407088964,0.27294887321934536,0.7426532734236042,0.4257180656908786,0.857189254058778,0.6509637142225815,0.42325101804874654,0.41879683265132595,0.3957514967333455,0.46572052707098566,0.6086956822822297,0.5778215667243786,0.7398057492703739,0.8993206031500072,0.41730286417856854,0.8602957012555835,0.2064358062312443,0.8328043230785153,0.10202093193399311,0.838219918718516,0.0
images\S\S.29bc54c2-c0d1-11ed-9959-8cc84b59e01a.jpg,S,1.0,1.0,0.6110175867220325,0.9967319924221665,0.25703722735657614,0.9218112657787133,0.025825757447548305,0.874378721223399,0.005029700959569463,0.8222159544963099,0.15563425895298155,0.4425901148025724,0.0,0.5546555254016791,0.11680715838511706,0.7637751430398242,0.27325098195480163,0.8742847053347138,0.3701208808284575,0.3478324178249539,0.14483729474336862,0.48160479771487885,0.2793637948302945,0.7372813891726564,0.461890922629808,0.8474821513128402,0.6401517587491288,0.30964247591989386,0.4334524653873433,0.39714528015397205,0.48713666133828937,0.6169429625476625,0.6206698985659537,0.7319836320630869,0.93109531231009,0.3153965540501548,0.8877222187178355,0.16013581091952508,0.8733149840225607,0.08332521204213593,0.9032085651997988,0.0
images\S\S.2af19b57-c0d1-11ed-80ca-8cc84b59e01a.jpg,S,1.0,0.9956633677956229,0.641566172051107,1.0,0.278213220655016,0.9322588022025837,0.043324530209830826,0.8866810688175362,0.0,0.8279662383555969,0.1819841743398983,0.5242285604660959,0.0005988660844981331,0.582093302582795,0.11412297777427052,0.7870535646018486,0.26499980193751893,0.9002772692076175,0.38438625115757385,0.43915577816795187,0.13809446426282238,0.5092116073551062,0.280723155749785,0.7556944797779066,0.4538331952094456,0.8576828385026768,0.6451069677757022,0.3922212398361269,0.43887682665852373,0.4098628320244892,0.4997656000716144,0.6178487968782365,0.6193441854937791,0.724212017454962,0.9300359101314105,0.37854823260863824,0.9062852555115174,0.1958400582758846,0.9168889281201624,0.10253469514288852,0.9619274005874502,0.0
images\S\S.2c25c57e-c0d1-11ed-8a01-8cc84b59e01a.jpg,S,1.0,0.9964136009371696,0.5865042744845474,1.0,0.23950964736605293,0.95090162642841,0.007636432077308325,0.91273250097503,0.0009395925785419993,0.8361799930268424,0.17057148990856985,0.505142168994261,0.0,0.5780451772201628,0.11497025358706744,0.7735652442993723,0.258173867268947,0.8787765031682235,0.362260139218506,0.41978444529529324,0.1538729153249167,0.5044052816321467,0.2890474972135713,0.7396463225862572,0.4512379389544202,0.8450928720496876,0.6031149184951227,0.3779957661953012,0.4003684849768116,0.39373955897986557,0.45616734452610125,0.6156011211240331,0.5839428186601028,0.749916757039645,0.8664722783429057,0.37847597290878354,0.7889595666404934,0.19076612756600436,0.7423048985269424,0.09613795444061086,0.7360244794010135,0.0
images\S\S.2d5db5fa-c0d1-11ed-b6ab-8cc84b59e01a.jpg,S,0.006887846724010702,1.0,0.0,0.6426744128888219,0.2068968345935967,0.3194421745328382,0.5033656361646193,0.1650377220796321,0.7450644291151335,0.16560952973546858,0.2150369198142935,0.11722561110105115,0.8268055363850004,0.0,0.7905804986769642,0.14197047186945813,0.6124976326593501,0.20713343705137152,0.30426684842136276,0.33064221016053047,0.9570814960808252,0.19128751673724284,0.8548537527387144,0.31228554587044377,0.661980134668246,0.3734269512568635,0.42213812144252455,0.5622398558759013,1.0,0.4202899707626049,0.8674849194604853,0.5223179342996784,0.6771689209456238,0.5750124675916142,0.5474814527107879,0.7974099339921376,0.9551623005950184,0.674965370135171,0.8302277033960237,0.75039062319472,0.6590216275961835,0.802718376116674
images\S\S.2e909f14-c0d1-11ed-a61b-8cc84b59e01a.jpg,S,0.02589325461636008,1.0,0.0,0.6653790655415814,0.19680635933530594,0.3344757438072324,0.4840725220373353,0.1628119972214495,0.7218879153811262,0.1503882324807348,0.22030770116572834,0.1293945590515187,0.8289433032761446,0.0,0.7908373555478474,0.1460959575994495,0.6034940253087052,0.2077743289914415,0.30743083359196277,0.3264748035249199,0.952726984202773,0.1843294957451412,0.8494046373547053,0.31804601852258546,0.6643777375517318,0.37559764050957445,0.42789609977432536,0.5418328021877018,1.0,0.4012390415627557,0.8671057749965945,0.5102581058679798,0.6804231786284541,0.5645232134229367,0.5586575095458841,0.766575322632335,0.9747590533179232,0.634735297514759,0.8553094635908253,0.7169599761838529,0.6811313083934969,0.7790800199769322
images\sorry\sorry.6c571ed3-c0f5-11ed-a554-8cc84b59e01a.jpg,sorry,0.9170800968215786,1.0,1.0,0.59926129154198,0.8935264729983347,0.26514375673126434,0.7203963491769788,0.06313971317619228,0.5411253809234301,0.0,0.7121831302371071,0.07980187720929365,0.3872387346733782,0.015405229242816053,0.43239066978328433,0.15192214056409614,0.556647043052372,0.24542948123957414,0.5112715573395967,0.2125147977626146,0.24408213974178394,0.20319667970096983,0.2954757436267309,0.33092282555207386,0.42406492030345483,0.389228732575197,0.3294539247857955,0.3960578708540986,0.10957717971278279,0.3797089034436591,0.16809834716049196,0.4982014528382407,0.2878059188043064,0.5437264486769776,0.16647873814747544,0.5912861854881071,0.0,0.5417020784536798,0.07535732222629211,0.6533919349795515,0.17439514834772693,0.7123511991956447
images\sorry\sorry.6d99533b-c0f5-11ed-9bce-8cc84b59e01a.jpg,sorry,0.9167966611529382,1.0,1.0,0.6029765634501902,0.9135016688348766,0.257273469521811,0.7112253427439531,0.09050237013521856,0.5188045608933417,0.08956529816183018,0.6969085348983688,0.040130389510952096,0.38807989804507914,0.0,0.4550084177561676,0.13790815360385256,0.581481525085502,0.21471161943587858,0.48950429423295405,0.1859867198529423,0.23618023710994296,0.17666988432344277,0.3038942423725122,0.30346352270295485,0.43243058294433095,0.36601743898127037,0.3105188104474361,0.3753332481449721,0.10111314523866988,0.3517550598550874,0.17254339853660547,0.46846465427124695,0.29450631037385433,0.5208293240919357,0.15792269792028443,0.5729984712281442,0.0,0.5067142284577366,0.08564294291819471,0.6150794689378088,0.19013937861654473,0.6771243077804172
images\sorry\sorry.6ed5e3db-c0f5-11ed-b768-8cc84b59e01a.jpg,sorry,0.9351480178306047,1.0,1.0,0.6156606206061742,0.9040457106743667,0.2769913652149776,0.7329407405731563,0.06500133805031368,0.562504102900941,0.02056162232495835,0.6848519599163732,0.08379583694424192,0.42686896641759353,0.0,0.4842328066661153,0.1294006780451608,0.5967885922107747,0.22091434933129878,0.47684777041408793,0.2139873849513443,0.27113378776476926,0.17309088625774985,0.33462388498451373,0.2916311805092166,0.4536497366911166,0.3680505479029487,0.2985832613509884,0.3877849212444017,0.13341725195205364,0.33794665838753224,0.19526693056278263,0.44179381466931716,0.30799703144685814,0.5091577957502326,0.14558965501510795,0.5690610873540043,0.0,0.47789177091581947,0.0747067329856175,0.5735865379679874,0.17779719559998414,0.6456802901949567
images\sorry\sorry.700f714c-c0f5-11ed-8e19-8cc84b59e01a.jpg,sorry,0.9004735487887587,1.0,1.0,0.6283176029194807,0.9359250442495176,0.30192785855143534,0.7821540229089942,0.07941058499006111,0.6259806700662728,0.0,0.6759799933531736,0.10342110631604778,0.3814721968663672,0.03474126861016201,0.4488043983343835,0.17093606885180954,0.5726135712556336,0.2596282057473088,0.4668583519178801,0.2360187878005442,0.23396641096936896,0.22128144152809548,0.30945450908976074,0.3403657826295628,0.4384770045369854,0.408691821531663,0.2890252925280347,0.4160195959203746,0.10007722048365437,0.38462709704632203,0.18222379954855716,0.4902330834403435,0.30694841491235064,0.555046757616283,0.13985479240697826,0.6056473778975284,0.0,0.5330176081426943,0.09242472318674726,0.6312884288080922,0.19797354502924153,0.7039635321143864
images\sorry\sorry.7147622c-c0f5-11ed-9c25-8cc84b59e01a.jpg,sorry,0.8894358845519088,1.0,1.0,0.7452134621811296,0.9015508879234042,0.5067502367160521,0.7315849205352231,0.35555795365935167,0.5254912492726378,0.3307908404812298,0.6702352538584492,0.3762023783001003,0.31589757584420947,0.18561497437896848,0.124861927513569,0.08077134621811295,0.0,0.0,0.47688034872958873,0.46734676116742785,0.2545832846018675,0.45487739500946867,0.3143674078181154,0.5439278851509413,0.4287906943836805,0.582057619471984,0.31144676863455156,0.6027647042441796,0.13670656149333427,0.5787227080316364,0.19462553297784632,0.6564080427759831,0.2945304524734648,0.688596552300323,0.15792496364993625,0.747472359919795,0.02822598693852327,0.6928268073966805,0.10956060822644899,0.7630343516765066,0.20356685451744297,0.8070151498273366
images\sorry\sorry.72884150-c0f5-11ed-b12c-8cc84b59e01a.jpg,sorry,0.8690426808532841,1.0,1.0,0.5420311723974062,0.9098722530974637,0.25348164850797866,0.7223422572011429,0.15929510281893958,0.5336736661100119,0.19218650772022372,0.6579492779337883,0.0,0.4823828573521908,0.02433188663981496,0.5263928734375769,0.22203489579091185,0.6367748116248461,0.3383272532195412,0.41662297179636426,0.11542703587869331,0.29621310712896765,0.2045618919248291,0.34793759595449025,0.3900034233173844,0.4698442489101568,0.4629617268217223,0.22232542064561345,0.327152173500339,0.12157214205020402,0.4057604816895388,0.20908744758928277,0.5695181451131379,0.3497404025157884,0.6243236804764963,0.05859824389175316,0.5577710835626262,0.0,0.6362673225065052,0.10640888111652635,0.7669290393461035,0.22776751344056678,0.8215778002460624
images\sorry\sorry.73c5d69e-c0f5-11ed-b6b0-8cc84b59e01a.jpg,sorry,0.8704950708799462,1.0,1.0,0.547403738280806,0.9069026291742118,0.2461901808351331,0.7048345762371189,0.15388592905964743,0.5034960740121753,0.22313296003242084,0.6684102680540538,0.0,0.48687013438994114,0.03472143284290226,0.5301939078793338,0.22639543044099258,0.6389044083846221,0.33895405729987793,0.41120009231049826,0.11814269616831159,0.29494134747272094,0.20703991815715211,0.34807422806276367,0.39048947558305613,0.46901028629282154,0.4652260562719001,0.20942534853726943,0.32855937313123024,0.11778037918026044,0.40874596592846657,0.20857817638377346,0.5710725564522905,0.3483310596910204,0.6294084432561197,0.042992497910916645,0.5547484666821523,0.0,0.6559221158550749,0.1060651347342444,0.7868743791360044,0.2245966533722179,0.8404404242385304
images\sorry\sorry.74fb87eb-c0f5-11ed-9c96-8cc84b59e01a.jpg,sorry,0.8859320030989898,1.0,1.0,0.5273999959997794,0.9045003180383515,0.2579002841974921,0.7029092219063611,0.17753039713099328,0.5023415762040992,0.2356802708513015,0.6587976040105993,0.0,0.4945304186349372,0.02989558818092392,0.5375338009954148,0.21708106325864032,0.6361735464441504,0.3323262070817239,0.40043477802128896,0.11991206787768295,0.30462497098465274,0.20900304198595196,0.36092793341392315,0.380634325893125,0.4762857943874521,0.4567821619252941,0.1959715393357671,0.3332371664134204,0.12907609105242057,0.4093056041272579,0.2219538407275994,0.5532589979204914,0.3589748614046141,0.6195820496766792,0.023818208675362728,0.5619491741665752,0.0,0.6425008894429936,0.10279270833019315,0.7567684035907435,0.21476971611685725,0.8193385210941937
images\sorry\sorry.76344667-c0f5-11ed-8d75-8cc84b59e01a.jpg,sorry,0.8605745738041267,1.0,1.0,0.5495864338004078,0.9791141591719517,0.23971429643706435,0.8135171067842093,0.08253810120061003,0.6191361224128126,0.10203195030609472,0.6278398537168076,0.0,0.49006723183824613,0.0012236964959746527,0.5478000796371394,0.16282555615072392,0.6362829476419176,0.27202625261144336,0.3635309357660477,0.1326903240407459,0.3187116876029295,0.18379102539170228,0.38758669066161855,0.3359382374448853,0.48614691939965166,0.41959995587414123,0.164272361982683,0.35114232522804995,0.15763889970243591,0.40046320779071604,0.24909407192701857,0.51934259294009,0.3685546007502501,0.6027444464536116,0.0,0.5834126575253354,0.03203059133912742,0.629343354907239,0.13547619524297855,0.7212553579369114,0.23015392806111742,0.789546947980389
images\sorry\sorry.776a6c35-c0f5-11ed-b6d9-8cc84b59e01a.jpg,sorry,0.0,1.0,0.1190055160788824,0.54899452177323,0.3528720070823093,0.2876272340135323,0.5926037366197033,0.30643773615590325,0.760240916941516,0.4611350172399547,0.49809249416163226,0.0,0.7942101284617892,0.10935272462106856,0.7401878897273368,0.280516162539526,0.6221049918245153,0.3299670939167682,0.6307770234284518,0.1929104374843437,0.9128446020722384,0.2791928369922607,0.8470712906775016,0.4377748457978184,0.7304442437089315,0.47266985191606786,0.7404022126102306,0.4488539266308446,1.0,0.5226978529075784,0.9124648708382824,0.6603046927563336,0.7931101951078389,0.6831625513296864,0.8075380511613822,0.7442053685835432,0.9964376061356844,0.8129100964886625,0.8930702589670474,0.9155668463014428,0.7828001702998042,0.9402529663345456
images\sorry\sorry.789f719f-c0f5-11ed-8d87-8cc84b59e01a.jpg,sorry,0.06087958330968942,1.0,0.0,0.5541888488904663,0.10660590928503803,0.21893502791439212,0.32318959827255106,0.08569690209400192,0.5069669891198194,0.11732213377500605,0.4530349820356062,0.0,0.7209441237168823,0.04013024838457075,0.6560460712781748,0.2090886556586501,0.5242280387899495,0.29572298557239995,0.6759360748322278,0.16340595018787993,0.8598456226909855,0.26900629270958326,0.7635531868506014,0.4059254001250655,0.6161286806101025,0.4624628887874844,0.8421604759444373,0.3903688305249934,0.9481675721039695,0.5158010670001747,0.8357445143640485,0.627796650272947,0.6873710162500859,0.66995780448095,0.9522539863631884,0.6458055175288862,1.0,0.7897209687505281,0.8673143604645953,0.8733187986952627,0.7261034737134477,0.8967381568050837
images\sorry\sorry.79d37c51-c0f5-11ed-b787-8cc84b59e01a.jpg,sorry,0.12017151977685435,1.0,0.0,0.5802003129681444,0.07577239202553165,0.26215088804154507,0.2953669297037006,0.13916676126941305,0.4808633416031415,0.17586761848159252,0.39487857885287725,0.0,0.6405995574297524,0.04508377351434734,0.5912751692600463,0.21436425841463605,0.4687970395698235,0.30870100412467977,0.643929455386619,0.15360369685273356,0.8093717656003815,0.2600412467974188,0.7200270728175288,0.4053605255015615,0.5821380933440863,0.4784389211280209,0.8344126568351906,0.3723463929642268,0.931560561878162,0.500789654688846,0.8225543818629703,0.6165439056910786,0.6832319201410482,0.6699621811609204,0.9648998283776746,0.6198499934334565,1.0,0.7823958757654476,0.8757543727800986,0.8737882501163057,0.743898910568141,0.9068096169813042
images\sorry\sorry.7b08d266-c0f5-11ed-aefa-8cc84b59e01a.jpg,sorry,0.10856648480101694,1.0,0.0,0.5747707683691831,0.08100612477051489,0.25489474841131243,0.30258078946571954,0.1264797466494791,0.47549169055329626,0.16427797421206286,0.43777234633263035,0.0,0.7000981055805023,0.017409563827519285,0.6494087459390269,0.17502184341886234,0.5308508462990427,0.26470357569310743,0.6735785948239525,0.14848719826533982,0.8443206908286415,0.2245845884324323,0.7575020503254315,0.3603020853699353,0.6214261406711484,0.43650220312004656,0.8498814834390546,0.36053294628231086,0.9351595193786204,0.46264968679133156,0.8329857684162039,0.5760973901670925,0.6953773742989954,0.6355854975163121,0.9683707313184164,0.5980667331634462,1.0,0.7404195482858301,0.884631823560546,0.8270890427225239,0.754706521105249,0.8614403732656436
images\sorry\sorry.7c441632-c0f5-11ed-ac7b-8cc84b59e01a.jpg,sorry,0.11569232750012351,1.0,0.0,0.580990283318103,0.068424314738823,0.2520399897529399,0.2863283115529892,0.11011766093920096,0.45803547234327957,0.13023106683584876,0.45678913462992377,0.013448447073333664,0.6953950628558425,0.0,0.6383127955841469,0.15081367447231192,0.5222589178644733,0.23920986208527673,0.700307804244884,0.1767645180795611,0.864250992204588,0.21176183341535715,0.7772888075130585,0.3414461354764036,0.6422554146449547,0.425603120874343,0.8758782376709878,0.3972013946052178,0.9511285906128688,0.46977854661074114,0.8500225313904937,0.573464484050145,0.7084834802240264,0.6415265934697387,0.987101714631331,0.6400911311039241,1.0,0.762583373434879,0.8840890955555523,0.8383061981058233,0.753428738676292,0.8781217073262656
images\sorry\sorry.7d7df53d-c0f5-11ed-aa82-8cc84b59e01a.jpg,sorry,0.09622818186923009,1.0,0.0,0.5644229038210541,0.08611152003375255,0.2292576173545164,0.3032509602936958,0.09322370493721589,0.4809807971613855,0.12012635582159413,0.506688288135156,0.0,0.7152492058890931,0.01748447274854854,0.6450897159412547,0.16184796795535353,0.521923228104469,0.25314483100049506,0.7361821666896844,0.17650771861919978,0.8680971539490039,0.24309262343039742,0.7744770553927454,0.3556449435168099,0.6405929159084734,0.42940388856384176,0.8913187325185571,0.40615464242315136,0.9521818510182679,0.49465941311490164,0.8495446288053202,0.5851433457851388,0.7127541875786333,0.6425199153877312,0.9817176167415121,0.6507836761330393,1.0,0.7670130293892614,0.8837357890950702,0.8361936855844098,0.7540396076568531,0.8691913452450606
images\sorry\sorry.7eb2ac0e-c0f5-11ed-9535-8cc84b59e01a.jpg,sorry,0.09775121799025607,1.0,0.0,0.5537241972092024,0.0987764597883217,0.23881039677316823,0.32168517651858786,0.10026435129847747,0.4914238186094511,0.11843878286484284,0.45838208294333643,0.0,0.6716203770369837,0.015042954288042188,0.6110426116591068,0.17269347336565538,0.49575878392972855,0.2718828482789186,0.7001733986128111,0.16468347233600594,0.8324295905632755,0.22523189495785154,0.7377135982912136,0.3540595047833931,0.6106698646410829,0.44172687877444855,0.8728865169078648,0.3881649632683759,0.9377557479540164,0.4549953665775796,0.8371800525595795,0.560780653334945,0.7015961372309022,0.6347397001481799,0.9794966640266878,0.6253570197468853,1.0,0.723726032671224,0.8879508963928289,0.7977074631676493,0.7598481712146303,0.838328811829329
images\sorry\sorry.7fe71d1d-c0f5-11ed-82ca-8cc84b59e01a.jpg,sorry,0.02164223857351749,1.0,0.0,0.5609014486561078,0.16276088097830504,0.258962146890426,0.40877009670434916,0.1854797295811868,0.585976954094906,0.25821862480545255,0.41977463720309377,0.0,0.7056715596075006,0.0974340878100146,0.6302667698609293,0.2834763913417727,0.49098233957600046,0.3649622404648507,0.6393455706889242,0.15825915493275325,0.8316932816580984,0.3232359388925185,0.7262183964519527,0.4678602854921874,0.5882622139855562,0.5166694945684556,0.8127653841338088,0.38553903096355163,0.9298532849970236,0.5500237036419053,0.8100466497621382,0.6712042746601021,0.6726279170745745,0.7049694220200915,0.9396657706729619,0.6357164559644959,1.0,0.8014288701902886,0.8730776468486332,0.8974046625993735,0.7478716183315772,0.9168895635767753
images\sorry\sorry.811bec68-c0f5-11ed-a443-8cc84b59e01a.jpg,sorry,0.10967511933718563,1.0,0.0,0.6065997007907673,0.06688110633746773,0.283053074018665,0.27958446377918167,0.16576761416257035,0.46201421238861046,0.21006425874474602,0.41336071199491353,0.0,0.6653113012770938,0.02376291230319869,0.617137816378634,0.20414846477167486,0.5030927314144877,0.316199187860654,0.6399062706585616,0.14085174894920566,0.8052617838891641,0.26831659186435847,0.6996520589436571,0.4164969722875258,0.5575562439208563,0.48057904110564936,0.8137364434220332,0.34845166346085343,0.9088202145472766,0.4810782930825675,0.799230712008949,0.6057761629977916,0.6708469185671958,0.6527862078791765,0.9419454943808713,0.5836933817767329,1.0,0.7199333190852746,0.8871395146790704,0.8164918429863931,0.7695897551780619,0.8444106290517917
images\sorry\sorry.82507dc2-c0f5-11ed-a323-8cc84b59e01a.jpg,sorry,0.11100844736009498,1.0,0.0,0.6020755174171338,0.06572533340053142,0.2890756817428553,0.2791954708486279,0.19259642995407236,0.4688088858276425,0.2571703110769462,0.3950582803448382,0.023773754118587467,0.6397426313092708,0.0,0.6052504108883308,0.16839765710513782,0.501398560280888,0.29436195664586134,0.6201690871979236,0.14577808229097908,0.7747750963872626,0.26450258047086284,0.6755375147345816,0.41245811782989783,0.5473326557525766,0.4835136738496503,0.7954462093276551,0.338267004230691,0.8912741878130661,0.4685188125099222,0.7849227081950872,0.5949838877237545,0.6658420900846416,0.6486342861439994,0.929867591760394,0.5609188871527923,1.0,0.7051723609706916,0.8938515146169849,0.809899092866314,0.7870863467477524,0.8472756745013829
images\sorry\sorry.84bc7d72-c0f5-11ed-b9f0-8cc84b59e01a.jpg,sorry,0.7947917920780159,1.0,0.987616256320732,0.6036636150890935,1.0,0.2629995310416558,0.8227226553094149,0.08553811678497772,0.6261305833132675,0.06368534674504452,0.5891678455333493,0.047049666534455234,0.44084095834336623,0.0,0.48256192812424753,0.14206166027325864,0.5687970292559595,0.24597066054246483,0.34187635444257164,0.17629160139803543,0.26582854261979294,0.17631570941573071,0.32469938899590656,0.30870201858728163,0.4243314320972791,0.3938773671059875,0.15452120455092705,0.36751180575366543,0.12331259029617145,0.35849598113605013,0.19142073501083554,0.46870865403215206,0.2957523176017337,0.5584461578994799,0.006859499157235733,0.5669918761720371,0.0,0.5645730383966102,0.08462745304599086,0.6584186632792989,0.17196792980977607,0.7363570144860486
images\sorry\sorry.85f21c8a-c0f5-11ed-821a-8cc84b59e01a.jpg,sorry,0.7933223213090803,1.0,0.990998261687398,0.5941365724317692,1.0,0.2732682267822151,0.7927958735963551,0.12738488564501432,0.5777478980909616,0.13390504429562877,0.591950156048862,0.06979124746008789,0.44961407389935826,0.0,0.49485160755097557,0.13536730994658647,0.5768140449151584,0.23769465349183774,0.3408024334897642,0.1915381587186013,0.29961196662972167,0.18808508445173536,0.36281822544236025,0.3169437496504708,0.45564899838146905,0.39223425638281423,0.1536059080446682,0.3805229724291374,0.15756276890793894,0.3945189436597324,0.23815548100832482,0.49910685011420697,0.34172704425488054,0.5749648277684631,0.0,0.5791493090013499,0.03386604123889709,0.5838201155557212,0.12983701563298314,0.6699698774372465,0.2109214239819115,0.7348293365469916
images\sorry\sorry.872daba2-c0f5-11ed-832c-8cc84b59e01a.jpg,sorry,0.7519330169661742,1.0,0.9699592303840927,0.5999573574061724,1.0,0.2637561333521866,0.8093199371158234,0.09622529540851717,0.6047919990541099,0.09341956860837064,0.5775925490716993,0.06392603569730661,0.4433881842558925,0.0,0.490626126711324,0.13264184786057764,0.5664582691670474,0.2288153709293302,0.3282749620841112,0.19105886125346958,0.27334180936518804,0.17231950102598304,0.33263255234144296,0.2981535645534274,0.4236237517680701,0.384207543619588,0.14313229762257523,0.3803624731813713,0.1250344855773652,0.37006033426003965,0.19622840910915543,0.47743616693183755,0.2945323755709279,0.5667467931767396,0.0,0.5796113845705066,0.0010768988233302048,0.5699522247075419,0.08580413067880753,0.6600778477848676,0.16845310472375774,0.7341384581640527
images\sorry\sorry.88677e53-c0f5-11ed-8383-8cc84b59e01a.jpg,sorry,0.8065211113818277,1.0,1.0,0.5758036653364327,0.9991280669933313,0.2367270690846147,0.7997441728254691,0.09438258670144019,0.5884664206153689,0.12252924181292876,0.6016033189853542,0.009560791383138619,0.45550096104388316,0.0,0.5219904587442962,0.14114808176715546,0.6202263641860003,0.23444823831744882,0.35497862842945277,0.15390872412089432,0.28332897178832367,0.17826774149878682,0.3561784293023634,0.31180120773980946,0.4617845938198411,0.3912392002860254,0.16609364989126216,0.36695192066267174,0.12594224412018612,0.3768297466384498,0.21062352045865407,0.48798797582669085,0.3247613934083519,0.5690342825472456,0.014213748793055217,0.5849936188110277,0.0,0.5827211518769257,0.09909618259532983,0.676926708313133,0.19491293453772135,0.7487761191957504
images\sorry\sorry.89a151f8-c0f5-11ed-95bb-8cc84b59e01a.jpg,sorry,0.7835514222020666,1.0,0.9875155362134344,0.5908689954567234,1.0,0.24264041149270016,0.7923167498572249,0.08273208523117599,0.5830006813516193,0.08649313312897249,0.56683897684066,0.010974293252050824,0.43109234556213716,0.0,0.4953022018608911,0.1492890666943766,0.590385298093171,0.24328351315933797,0.32343070462929546,0.14997315598967806,0.2784280549285536,0.19429925587248806,0.34811665445329804,0.33408669749398173,0.45371807037105366,0.4085785374921344,0.14383501735719362,0.3560006465654099,0.13436775788276784,0.397062745709288,0.2203790284822617,0.5127979540823101,0.3355994828489759,0.5886862599077489,0.0,0.5707521518505049,0.015059193800067767,0.6016429688898125,0.11735160757086754,0.7056383967486997,0.21299735176927242,0.7744017826732016
images\sorry\sorry.8ad80aba-c0f5-11ed-82ba-8cc84b59e01a.jpg,sorry,0.7455203931306515,1.0,0.9667319700840042,0.6224720328589272,1.0,0.2946857645478125,0.8418115597486676,0.11174186325974161,0.6735522599505527,0.06822597157166717,0.5880935661316777,0.0582824746006665,0.4519987488810656,0.0,0.4860168742686659,0.1351274950248728,0.5584413995111422,0.23996612295969105,0.3423419175593247,0.17932588293725651,0.2696971147599281,0.17285680981443086,0.32272965644979523,0.30440288900876994,0.41449577495408185,0.39145269208721084,0.15771405165652683,0.36398334529015663,0.12184120363688325,0.3640250158517069,0.18659956599562397,0.4761019329509402,0.2846795879369963,0.5643573667358548,0.015992078646286434,0.5597741680810255,0.0,0.5602235344069322,0.08303923999923694,0.6572055721424412,0.16978648553996617,0.7338861627832332
images\sorry\sorry.8c0d8b1f-c0f5-11ed-91b7-8cc84b59e01a.jpg,sorry,0.7499655543448113,1.0,0.9655971545550467,0.6037226421203087,1.0,0.26921438207942266,0.8067237199436926,0.07540378902237921,0.6079688719200818,0.028738815769205953,0.5776563356082455,0.036833487271207534,0.41747054851513143,0.0,0.47585296615763845,0.13943632581198112,0.5815584977161541,0.24048835410089917,0.3319481922956132,0.18518290318886813,0.25180259599725296,0.19236092260422194,0.3164204866568504,0.3218262592631559,0.42479713038013256,0.40639366283594835,0.14614958731766736,0.39079255820333864,0.10999370085198586,0.3898061545311502,0.18255118012793278,0.5014662364543874,0.2958689316738502,0.5865172510202623,0.0,0.5970078894855879,0.0022966168430799848,0.5966835446128235,0.08931731409509015,0.7024943748252578,0.177559707900844,0.7791955433386946
images\sorry\sorry.8d4202f3-c0f5-11ed-9fd4-8cc84b59e01a.jpg,sorry,0.7573751046508789,1.0,0.9577580227553733,0.5875906401337618,1.0,0.262004060215948,0.8262450762030722,0.07494303857782707,0.6214212271473355,0.04354653798727645,0.5867482189605134,0.02732993153078227,0.43473877848191245,0.0,0.4845454166864121,0.1401444466584076,0.5691033268568261,0.23626471683892264,0.3382273325837243,0.15552244236716942,0.2714995627280599,0.1702818760161369,0.32982905467407087,0.30135292401967156,0.42193475242079204,0.38014594830299725,0.15245855968797883,0.3541068535636625,0.12802482326028236,0.36203322677432304,0.19323434760318972,0.4753201823920621,0.29242866148833296,0.5586591468926064,0.0,0.5612396653642787,0.0033707276233803348,0.5754590845166004,0.08376414312650156,0.6810795669488026,0.16282815140953785,0.7597865354460318
images\sorry\sorry.8e7a86cc-c0f5-11ed-b27f-8cc84b59e01a.jpg,sorry,0.7816824805920007,1.0,0.9778689789803423,0.5874818541119313,1.0,0.26720273490061847,0.8113562446088891,0.10375604998251715,0.6091611204430926,0.10703178196139053,0.5869047986561947,0.0762186837966015,0.47100340491215326,0.0,0.5314452263131612,0.13303736997476626,0.6097480365006582,0.23588084822622252,0.33124910337313296,0.20644256156611598,0.2929542833794888,0.16827097426504417,0.35685985381577157,0.29283809808359934,0.4417538475507332,0.3804888266795704,0.14410677804512645,0.39601228886630013,0.1322398874109048,0.3646584675939608,0.20404122213646889,0.4679631030902948,0.3017587506242339,0.5596900936712123,0.0,0.5917453935695628,0.001656149271348799,0.5778170374868878,0.08458564489036183,0.6676090079381832,0.16665982657647432,0.7466368538250612
images\sorry\sorry.8fb3e11f-c0f5-11ed-9a47-8cc84b59e01a.jpg,sorry,0.8025493847403389,1.0,0.9917772689495103,0.5809169776827405,1.0,0.27028974268438494,0.8011827469891433,0.1281446722479065,0.5883548211882296,0.1548865547558785,0.5943103660146022,0.040834128060524666,0.46597366486508496,0.0,0.524207557335889,0.14339793447928045,0.6046828520591911,0.2389912409513847,0.3414849269926771,0.1697333786520327,0.2898551778446897,0.16229979199596972,0.35324368325416117,0.29449564797490313,0.4464015508193646,0.3795232076839395,0.15010801491776543,0.3714829884382318,0.13041192548679426,0.36237194992503713,0.20989941633406603,0.47420189040574534,0.3191079153011802,0.5639890135153122,0.0,0.5814394626874209,0.007903885264961939,0.5844880251936769,0.10237385595441778,0.677690550281207,0.19394694726065298,0.7541339563554526
images\T\T.20d64b4c-c0d1-11ed-a774-683e2670f3d6.jpg,T,0.7285882759449552,0.9873679837023535,0.4720126494801995,1.0,0.20842196983354366,0.9836835382223523,0.08163722132083409,0.9606023366008355,0.0,0.9610157574158003,0.0725557358331831,0.5883040055425195,0.02361561805179977,0.31710149738751037,0.0632109698936362,0.14383899888242352,0.09151756204555014,0.0,0.3792947388979028,0.5341876332534672,0.320353344149991,0.5045303601400476,0.3354947869719368,0.6740785149017069,0.3566026681088877,0.7804642684822817,0.689792906075356,0.5415109035873792,0.6777852893455922,0.6810285724300896,0.6319898894297218,0.8480750673226415,0.6035154137371552,0.9184540329664438,1.0,0.5920758261199477,0.9860254792380265,0.7143226084482183,0.88504371732468,0.8502207832107849,0.7934694429421308,0.9066803030240547
images\T\T.220c29b4-c0d1-11ed-ab5e-683e2670f3d6.jpg,T,0.704134095655508,0.9555178314536524,0.4471423579201629,0.9581163731456588,0.17383135555275284,0.9422514543235456,0.04631248150178577,0.9611393109840748,0.0,1.0,0.09169404432488339,0.5708290692748724,0.07310060607287112,0.32173290986339637,0.10136931054558122,0.14500979335394062,0.12060383953361552,0.0,0.4007583228863972,0.5165532846531643,0.3064836534510666,0.5560163593049445,0.29607297592946413,0.7290334148397623,0.31946158496855437,0.8128698721201877,0.7034597578238185,0.5323264563157696,0.6326683793739355,0.7032535115569964,0.5759387154840037,0.8608389569973199,0.5498101121041472,0.913329079760262,1.0,0.5875084407386747,0.9339662086638317,0.7270608509103416,0.8369078177293029,0.8553265255193413,0.7609486841919817,0.9027495837300306
images\T\T.2340f7aa-c0d1-11ed-9482-683e2670f3d6.jpg,T,0.7012993122231104,0.9864676793230254,0.4606878605183729,1.0,0.191806402199994,0.9758762388586442,0.0589042680636387,0.9701017982798237,0.0,0.9903024521134627,0.12407895112804748,0.574151421711095,0.09594937114654338,0.31373915528997187,0.12703557637292295,0.13926187149990957,0.15103285007523104,0.0,0.4306139117841988,0.5250767191874701,0.3082845440803728,0.554997334143374,0.2933881705720138,0.7563196095772547,0.3278979283064548,0.8594136381111496,0.7209670551455036,0.5446777530441129,0.6195842535401102,0.7010593813630517,0.5532840666995141,0.869445275052592,0.5421725916484136,0.9264315861029501,1.0,0.6050186662700843,0.9111298036884466,0.7322702076414895,0.8105630794340841,0.8694969573373287,0.7542767401229203,0.9193790637174013
images\T\T.2476a80e-c0d1-11ed-8669-683e2670f3d6.jpg,T,0.6154300476586844,1.0,0.2877261965067159,0.986837190627567,0.030950250343846214,0.9490918199331804,0.059060468582981675,0.93758218928307,0.2522957174130863,0.9344175258554746,0.06539214833030957,0.5508262823983862,0.016048636107683187,0.30455078453546097,0.0011336325111522213,0.13986329105841994,0.0,0.0,0.42550494625287594,0.4992233841786474,0.44489497162571384,0.6705781091338615,0.37532980598072974,0.8538704936329781,0.34025637649691187,0.948265230572019,0.7355668274133764,0.539288656743174,0.7142502218542628,0.782550516863921,0.6078449750102466,0.919618482105912,0.5520448156768581,0.9795715045227895,1.0,0.6169517122997529,0.9546465171670196,0.8100784474068399,0.8398558114659044,0.9336685366838934,0.75863148835386,0.9907746635381021
images\T\T.25ad09a4-c0d1-11ed-8164-683e2670f3d6.jpg,T,0.5878725412072215,0.9937621207900913,0.3239836207868591,1.0,0.04058781729806551,0.9815782281214349,0.005483449381768704,0.9785683788934812,0.16351440218974733,0.9687343060101351,0.045038295605294563,0.5948106426220153,0.008506687068791333,0.34124985432841876,0.0,0.15686725882926558,0.0015089701997304437,0.0,0.4006671555306331,0.5171328070169021,0.37060731888384635,0.7334379904167697,0.31296072212624043,0.9276674622207614,0.30469468326382537,0.9846408588012548,0.7174071139544933,0.5451628934896431,0.6709854695402181,0.8175802474039103,0.5409400869209213,0.9513645050484675,0.471812754506289,0.9752316504759998,1.0,0.6145090985293833,0.9525756547258237,0.8314076813212713,0.8268922100359383,0.951734236505847,0.7363562683182096,0.9838465240801003
images\T\T.26e51b25-c0d1-11ed-abf1-683e2670f3d6.jpg,T,0.5793094814551609,1.0,0.28851192256572983,0.9894670116563654,0.011204040831105044,0.9548712510888954,0.0,0.951483490272535,0.15114585418254955,0.952377421495831,0.037482486658375704,0.5755431513668229,0.023558021354095217,0.31647783838719046,0.03783106681269551,0.14599519849006512,0.053288535161242684,0.0,0.3972067110300506,0.5195464491641432,0.3727191425977692,0.6824485626581491,0.3105894153073915,0.8640794167669141,0.2912608331590433,0.951842566474468,0.7170968445624869,0.5561029991288837,0.6544723583433972,0.8065834093831667,0.5497641274289102,0.9412950595262787,0.4924762909272457,0.9891431949226366,1.0,0.6266022317169287,0.932481148560364,0.8259286721699092,0.8046864165435391,0.9415050607707305,0.7104955610378842,0.9840432758120048
images\T\T.281c9a26-c0d1-11ed-ac19-683e2670f3d6.jpg,T,0.0,0.13712961731497492,0.15497323723097547,0.37796941973087683,0.313751099486382,0.5610870392018237,0.4077126825531743,0.7729990176794368,0.4612600003615725,1.0,0.5161922546335727,0.08697853594569938,0.7222882811655901,0.07267725519568245,0.8762022818639659,0.03866563068013449,1.0,0.0,0.4627867187881457,0.001132118615791328,0.5436378831725166,0.6531237093917779,0.44762245456179905,0.7856543864929756,0.38739359057269523,0.7356554364793257,0.3682467621113612,0.010426597787562095,0.4155615099551294,0.6644304290710887,0.3384413749377035,0.6880210557262756,0.29799251829677725,0.5677420860195485,0.2599099684535132,0.07539835315474232,0.3122491501979182,0.5553153809000483,0.2663112247897506,0.5962536487025669,0.23756749412195613,0.5044041094132443
images\T\T.29542a3f-c0d1-11ed-93a5-683e2670f3d6.jpg,T,0.8856918893035157,0.9882936209896479,0.5775827043393931,0.971799489695862,0.30209877603140095,0.9405535318637576,0.11835717101460491,0.9188549138157648,0.0,0.9207372601299335,0.33464754976529115,0.5628118988905162,0.29356745370515924,0.303873752926008,0.2874835848906022,0.13539984603252095,0.27152616381009503,0.0,0.570760306753956,0.5319571185966845,0.2891916027192853,0.5402393902220219,0.15712554807722537,0.6980534484125493,0.10917317426497795,0.8248948514777122,0.791741537300691,0.5794171246051715,0.5202081181936246,0.764346045038617,0.4713337170579287,0.9098948619091133,0.48878300857817947,0.9870572391836803,1.0,0.6712849086835154,0.7857707301972715,0.8203647547994876,0.6896041872737254,0.9382729668156271,0.6490259159207818,1.0
images\T\T.2a8cd48e-c0d1-11ed-aea0-683e2670f3d6.jpg,T,0.0,0.10744946213473751,0.18361905328468173,0.283079843612285,0.3499808633090905,0.49767438247192025,0.4320512408042206,0.7518785735270853,0.4588835827527576,1.0,0.5073479733318602,0.14222849668919071,0.7141128618594975,0.2048075945219101,0.8716746015895745,0.18558540870980136,1.0,0.15862787859612645,0.42585435233000213,0.0023927094397613504,0.4740155303124577,0.9505800978553187,0.3858785486345114,0.9487841533141992,0.3444531519844794,0.7404256310877082,0.30574141701960533,0.0,0.3421479471080681,0.8966982304684852,0.2821897048548616,0.767859160658998,0.26702725392582916,0.5305155201247486,0.17635356045646394,0.05021017424122579,0.23295817730075838,0.7594592533164591,0.19569315188735426,0.6662883624488689,0.17728785893056706,0.44153257700739
images\T\T.2bc35de0-c0d1-11ed-8e9f-683e2670f3d6.jpg,T,0.9077296717860068,0.8978793464667955,0.6044842525266967,0.87609778230718,0.3511454298780506,0.8410936002793432,0.16390915578641263,0.8439639229045198,0.0,0.8658200936287009,0.3586393537636316,0.5166677155571435,0.33825404179512475,0.27900216003767886,0.31640642843117306,0.12482591801601352,0.3014909541976355,0.0,0.5973204587533124,0.49545915011449826,0.2758321622068946,0.4911776468582008,0.1029578827536826,0.6428028011466065,0.04785403562557728,0.7818613170545531,0.8099711158397792,0.5452268039562795,0.47885446927357733,0.7259881055819921,0.3869730005178861,0.8890113158364867,0.37726248873612667,1.0,1.0,0.63470875018271,0.7261275589532888,0.7750865842171082,0.6093507797062228,0.9027206527211602,0.5475046256775379,0.9861272392119923
images\T\T.2cfc3636-c0d1-11ed-8d8e-683e2670f3d6.jpg,T,0.8777712833855924,0.9526756449396173,0.5660601991532542,0.9436543261810275,0.2903638096991458,0.9020622808401304,0.11876712690306969,0.8699993401361176,0.0,0.843432859365479,0.29033033640021705,0.545987099661098,0.27364550617743294,0.2861427553647449,0.2643399290752293,0.1289505483571967,0.2600975102946487,0.0,0.5493026288770287,0.514202023513837,0.2280703222513111,0.46560330633046604,0.06113994606936569,0.6316402669561819,0.016413825244918336,0.7723567554080485,0.7826202125940712,0.5539797009373161,0.46576035564092677,0.7181218727349399,0.3609458009355787,0.8952076870018156,0.34277977723519565,1.0,1.0,0.6422586625177725,0.7502447734984168,0.7770943718766014,0.6291158478690061,0.9128843062716969,0.5684329410734759,0.9905165187643636
images\T\T.2e354f6e-c0d1-11ed-81b5-683e2670f3d6.jpg,T,0.732415245931385,1.0,0.4278439020125459,0.987521590964486,0.15332700289241247,0.9564861342914017,0.01811981741407849,0.9397131523838385,0.0,0.9260565061359297,0.11660373810570403,0.5699451764139475,0.12130507925945637,0.3055941265540846,0.1652217325401432,0.13833545159729163,0.1914345456810006,0.0,0.43635703825568484,0.5337829178972952,0.2712491009999067,0.5736510075950945,0.21812925409619657,0.7316109309456,0.22846762506812973,0.8072515487449474,0.7317498210673234,0.5715772196416088,0.5794525267236776,0.7637200936559125,0.4843155057523863,0.9028593799391609,0.4512590164548675,0.9378004328997802,1.0,0.6515880446488833,0.8656410751017652,0.8105756903706183,0.7375523397594131,0.9295829256366225,0.6583327811255255,0.9640395168046428
images\T\T.2f6e0115-c0d1-11ed-b1f8-683e2670f3d6.jpg,T,0.6308962508933151,0.9939185950837189,0.3335353485930842,0.9773159795566024,0.0785568771183802,0.9520189469815465,0.04027072268827822,0.91698435022079,0.17780382353726126,0.8977624350998149,0.061331832860358156,0.5615312485442382,0.006376639474300693,0.31320564259721345,0.0004140386149388987,0.14226212029801427,0.0,0.0,0.3955510679749842,0.5033579335055145,0.4069425046037239,0.43368685065876883,0.39685953378584754,0.5845647947272199,0.38632063862027655,0.7272396011805567,0.7173943664060114,0.5194269721268227,0.6937863812802653,0.6866697513337279,0.5843689858759826,0.8719955576221619,0.49151313506925604,1.0,1.0,0.591187207186455,0.9869323927206303,0.7488904772669659,0.8763963146485898,0.8899099663992304,0.7656845389010963,0.9791227675579526
images\T\T.30a62451-c0d1-11ed-a6e1-683e2670f3d6.jpg,T,0.0,0.20448960513275058,0.16033223164948462,0.445891704859084,0.3340126739221186,0.6138213234909066,0.45903759113108805,0.8189732753287005,0.5618296035223131,1.0,0.5435645068237733,0.1355265122936591,0.7263863111361226,0.09073131610132838,0.875353330141734,0.04996935555508145,1.0,0.0,0.5122497117840853,0.06720152213673242,0.6207892387969758,0.5686159184314699,0.5725478748133063,0.8498393106163606,0.5003130095672198,0.9762607376777329,0.43050363898333177,0.10279223260297406,0.5060855649542627,0.6542264120203805,0.41792559663742057,0.8442607609519949,0.32456291508775303,0.8846183311966268,0.3380775150071613,0.20985868643944522,0.4226517116186845,0.6122488561670005,0.38422319756735557,0.758933922430764,0.32959264934922017,0.7972268716870543
images\T\T.31deb6e1-c0d1-11ed-8e89-683e2670f3d6.jpg,T,0.5919298378255774,1.0,0.2885033833591653,0.9883252896799231,0.0023460477072543757,0.9529484612183451,0.0,0.9186098959410176,0.16278834158696556,0.8870027533671507,0.06605904812308623,0.5788006592852244,0.013193966657845991,0.31458396236342223,0.0251691679582656,0.14806209379638408,0.03136506256379239,0.0,0.414884512153631,0.5314527382704286,0.41650247608966845,0.519515752147251,0.39677768117037765,0.6831462414978486,0.3842089744074396,0.7867208597570036,0.7309893017805164,0.559255559744683,0.7132219408006654,0.7462608512647669,0.5819778475031188,0.9133865887171699,0.474091407401807,0.9933542695698201,1.0,0.6353594315383481,0.9736029939893396,0.8020158750890336,0.8416051109514989,0.9300421597777847,0.7175337390844139,0.9863693255757509
images\T\T.331696a8-c0d1-11ed-9852-683e2670f3d6.jpg,T,0.5943165333100098,1.0,0.27356386492021223,0.9799980232984785,0.0,0.939162707830737,0.003353017640476887,0.8882874176167916,0.1898967629468554,0.868614282685529,0.09435121709940977,0.5626005464354048,0.04296793709868594,0.3027018484767011,0.04519976354703574,0.1417401910098676,0.022964438559929065,0.0,0.4377644638941752,0.5314891420932852,0.43288309753383175,0.5165929489126968,0.4057852560719251,0.6882968578008387,0.3639731939547663,0.8091844124306883,0.7418772073215971,0.5649115660769854,0.7049480195556252,0.7264904864067869,0.6011085240690418,0.8832914218716547,0.510571015812792,0.9690594056178483,1.0,0.6417317157065104,0.9695830706915948,0.7734913894829569,0.8650061676825498,0.8930049018546833,0.7679239791655985,0.9558741806011519
images\T\T.344d8391-c0d1-11ed-aa8e-683e2670f3d6.jpg,T,0.7284250166056421,1.0,0.4400484857301267,0.9818186078488699,0.1923681292440453,0.9479952327166007,0.07212029346698359,0.8968537101148738,0.0,0.836391967404392,0.19327389153908228,0.5959208094157042,0.16683249435957118,0.3207603689212743,0.1742607744542096,0.14610509431520627,0.1804007449208693,0.0,0.47210355058819653,0.5634865605956761,0.35371904625975065,0.4346426321454,0.274139937529849,0.5659381009362557,0.24160351490665158,0.6995466500940729,0.7473111897324982,0.5909876403172012,0.6096318899690943,0.7097583394175841,0.4881410326788057,0.8709941798882628,0.41258639050980694,0.9751360502375387,1.0,0.6670871057019415,0.871972901238973,0.7816829703285602,0.7353959553596425,0.9033067436930151,0.6367056052962392,0.9750199568750436
images\T\T.35824776-c0d1-11ed-9d0d-683e2670f3d6.jpg,T,0.0,0.19647421789709218,0.17713946358716415,0.4003637711693476,0.34629607710319255,0.575030101502573,0.4510962172652461,0.7980967884581801,0.5209434453145325,1.0,0.5179151949260399,0.08093704266907138,0.7306480268323611,0.0550048152191563,0.880805416161763,0.03481408556281895,1.0,0.00470390231896461,0.4545431373330302,0.0,0.5620461726149598,0.6548024024011757,0.48800345834632214,0.8889200939146455,0.42203998485874805,0.9369175652863039,0.3516954217635574,0.023642572869125102,0.43446369263727325,0.6969465485142265,0.36904809339761724,0.8199041653943526,0.3147040951695656,0.7759253339760434,0.24112502314548961,0.11418860748764026,0.3264347566735185,0.6000957937554318,0.29206487651441815,0.6966851071347965,0.25700195008074556,0.6520858630680351
images\T\T.36b700d9-c0d1-11ed-b3f5-683e2670f3d6.jpg,T,0.0,0.16952485575038476,0.1718145666868475,0.4292155505194405,0.3417709920320354,0.6061830301317477,0.4532667730909428,0.7915704657670638,0.5222466294323241,1.0,0.5075178254702957,0.09838063215003025,0.7196486881453592,0.0776219314992441,0.8759611130492357,0.04550359212434645,1.0,0.011093577337245815,0.44331417383481025,0.0,0.5328763928144915,0.8129618012710639,0.4366580006047545,0.9824777883085531,0.3698057358408818,0.929129524004354,0.33738410082698206,0.019040535339160274,0.4062166050626101,0.8135808374311714,0.33183522875967447,0.8591175394169944,0.2887173803745619,0.733096676656779,0.2234465061571651,0.10874224504963227,0.29577731923312245,0.6908579533730376,0.25216079794815544,0.7404145472906378,0.2181646259740939,0.6388541859437996
images\T\T.37ec0298-c0d1-11ed-9dc0-683e2670f3d6.jpg,T,0.8323302074814046,0.8917909705635184,0.5869766052312128,0.8918429470902824,0.3437570407596257,0.8562963065108821,0.16536034588395063,0.8508111918191068,0.0,0.8771436670977713,0.3162011152408292,0.5071609599003748,0.24150328488722544,0.2770468210387191,0.1786412135813561,0.12390222791017501,0.13559290517663763,0.0,0.5692429558313683,0.47611081925878823,0.2213343655390398,0.4463945660132386,0.06563731212890257,0.6117547036767824,0.034206896295247195,0.7541608403013259,0.7991463229066301,0.5185173006256012,0.46677040375337764,0.6933143601331554,0.3615585603705528,0.8808639665568176,0.3533887224501952,1.0,1.0,0.605882151711526,0.7527187597912077,0.7256816814300333,0.6397941952065036,0.8637920641920713,0.5841381428416916,0.9552195703291466
images\T\T.39208c8e-c0d1-11ed-8cae-683e2670f3d6.jpg,T,0.9659870267731385,0.8921486951395367,0.6620195890651027,0.8794310894431846,0.3893593694773358,0.8428616827024812,0.18495551775188954,0.8387238814663995,0.0,0.8463679314239647,0.38625649885733404,0.52236186550045,0.33893632049169153,0.2826217631990072,0.30189334999684314,0.12498751362807294,0.28218745150381686,0.0,0.6049222851431002,0.4982805919886431,0.24322676121910333,0.4898225689694346,0.07058329955196165,0.6558063956895409,0.025273776627539282,0.802188191075081,0.807868669828249,0.5444644422095481,0.44204621291646234,0.7240180930988923,0.37836286916843537,0.8938143834449706,0.4021942254801823,1.0,1.0,0.6322676031424644,0.7180314635860416,0.7699284383065033,0.6099508414659404,0.8977456091374326,0.5620842604770933,0.9740950242468359
images\T\T.3a549229-c0d1-11ed-ac76-683e2670f3d6.jpg,T,0.861713350687988,0.9461852504354146,0.601856154704351,0.939128705519094,0.3615895872071402,0.8682884943199097,0.18246307177389365,0.8181799910827952,0.0,0.7991111355579097,0.41333075492748234,0.5322423596849254,0.3770763852733358,0.28515459926261166,0.34028709557456305,0.12822369384897978,0.3419192264782447,0.0,0.6430167348456676,0.5024638670733532,0.2696835998512458,0.4352809792212202,0.08496005950167348,0.5803809857266543,0.04143964298995909,0.7055502989061879,0.8389120119003347,0.545724210845881,0.44802171811082186,0.7013973989899124,0.3690906656749721,0.8878471085460777,0.39556950539233915,1.0,1.0,0.6340664199538061,0.6864654518408331,0.7564539989115298,0.5891579025660096,0.9004316858012817,0.5681136481963556,0.9901675387298113
images\T\T.3b88e78f-c0d1-11ed-ae8e-683e2670f3d6.jpg,T,0.9100337197161624,0.933545116049176,0.6146809830750617,0.9293618202541657,0.35903753786310805,0.8687118452723566,0.1801340591035255,0.824877432055547,0.0,0.8054141007238456,0.4005837825593005,0.5247825774855354,0.3539062086892802,0.28279005407054836,0.30738007160707287,0.127512248847958,0.30157228306289036,0.0,0.6343909190492147,0.4981080738165098,0.25659242822318656,0.435924426786761,0.05757476487404933,0.5674681935223944,0.001608859427550169,0.6850396516471876,0.8355646793091354,0.5443269629876462,0.4227802229812835,0.6970433504721405,0.32385288979876115,0.8803815267480086,0.335733794151724,1.0,1.0,0.6369639332781141,0.6751280407427537,0.7602364662712671,0.548009059924851,0.8959177040585095,0.49635691272954485,0.9873642905521829
images\T\T.3cbdb3d0-c0d1-11ed-8056-683e2670f3d6.jpg,T,0.0,0.2406710219202432,0.17580756553613391,0.4141993587560532,0.3311956539131607,0.5665591697053767,0.4080186090925239,0.7959014793464628,0.4404704931225264,1.0,0.49930985247813875,0.10901095181533503,0.7061225782812353,0.1387738701397945,0.8670177852794281,0.13012133382063443,1.0,0.11707530047927171,0.41976687560195974,0.0008306268741018847,0.48373991426977786,0.6467198544741717,0.3859554656047123,0.7025452483989667,0.33805276250536803,0.5860389273284548,0.30318382669183525,0.0,0.3388422298520967,0.6211713292521867,0.27301274283858806,0.5713835544185196,0.25864506747363825,0.40970359079997676,0.17680019809011774,0.05280969923000889,0.2195805357710572,0.5127729647565017,0.17785594600880578,0.47075051291209474,0.15925970283573052,0.31858953327075945
images\T\T.3df180f9-c0d1-11ed-b93e-683e2670f3d6.jpg,T,0.9045240266686256,1.0,0.6316794747979337,0.9777459730932369,0.380038367654586,0.9010128042007749,0.20772644770107632,0.8464857269249785,0.06936906589931358,0.8085061857067921,0.43532386445419563,0.5366829601000341,0.40985512387962447,0.28723647574268885,0.38557312878547617,0.12874953263092154,0.39330877421196697,0.0,0.6553734724459439,0.5095545989802109,0.2747303842081027,0.43004501808530016,0.0667462210189527,0.5599595152235634,0.0,0.6794161755582064,0.8416548858138225,0.5524213484607978,0.42589709178672985,0.6753301714302932,0.3400148238665446,0.8638051581111305,0.3725481939907796,0.9848543657407851,1.0,0.6410315126597101,0.6610297749483822,0.7390074107958491,0.5425036447480092,0.8767361819678395,0.5129162344034349,0.969430980714948
images\T\T.3f2567e0-c0d1-11ed-a577-683e2670f3d6.jpg,T,0.893422399501541,1.0,0.6292986526030019,0.9908600180186293,0.3714740701180502,0.9056368923724781,0.1853891985713809,0.8532735105118485,0.0,0.8441968993713108,0.4389498981941987,0.5399991980504213,0.43090306752561836,0.2868817592642701,0.41519020439044474,0.13024362162672948,0.43171083814546546,0.0,0.6569973408102184,0.5140350990337629,0.3090239994659368,0.46729097226291944,0.17540110373065412,0.6460797423891199,0.17667923940496455,0.779228608625893,0.8412149381933086,0.5612575915323097,0.46939011092938127,0.6824170311658356,0.3917159006197359,0.879083668857634,0.4188376892864693,0.9951512894704301,1.0,0.650712543416737,0.6921567809339431,0.7444856853402215,0.5812254525629471,0.8883604869908917,0.5453761807803998,0.9791347300528361
images\T\T.40592227-c0d1-11ed-874f-683e2670f3d6.jpg,T,0.9017393929603313,0.9750853093009012,0.638730359663456,0.9661901741184705,0.39964830787890987,0.8715176305888529,0.205568546860062,0.8145988275439671,0.0,0.8010168759296526,0.4761336641922866,0.5360237662962639,0.44191545088359996,0.29872418846793247,0.4261134048193473,0.13633246565753784,0.4310492766212133,0.0,0.6843134191200811,0.5080029420771721,0.3526523888846222,0.5541314856942865,0.29387001692253506,0.7550288739172281,0.3374896385886765,0.8791790620351737,0.8574648506500213,0.555533620614227,0.5237032015105813,0.7006947786333012,0.48477501502901194,0.8888362389535392,0.5147813973935589,1.0,1.0,0.6394060613352,0.7211666750528994,0.7405645725785283,0.6348514180236915,0.8798620832968763,0.6032862556706382,0.9718946867617464
images\T\T.418ceb67-c0d1-11ed-b051-683e2670f3d6.jpg,T,0.8710667783438035,0.9737606969656781,0.6251587040759808,0.9699138226877532,0.3953554727662452,0.8753700784387182,0.20739083189901847,0.8190883498610197,0.0,0.8055548339552009,0.46980006941019203,0.5422093822933857,0.4452658404940793,0.30166078980146266,0.43302809813366716,0.1389219837598903,0.4393221190574291,0.0,0.6831522189333895,0.5103280152146776,0.34144833407417796,0.5431705539657561,0.2778069844411803,0.739668771764796,0.3196672317298785,0.858516897069862,0.8597562197108702,0.5579231035317248,0.5131056404714479,0.7021521768555877,0.4649581400234219,0.8927053496108144,0.499600701898385,1.0,1.0,0.6442819856193405,0.7184247243218835,0.7375082547282673,0.6222675151097109,0.8807622105034325,0.5926228119140808,0.9740338720725623
images\T\T.42c11a71-c0d1-11ed-919a-683e2670f3d6.jpg,T,0.8433377848342443,0.9885851236791783,0.6138425164842551,0.97751591444529,0.38010229972195747,0.8831648054183526,0.19466323328926463,0.8325325800355495,0.0,0.8138471820129562,0.48413861582868745,0.5482934267093111,0.45020687830531975,0.30508784886120804,0.4366941138696968,0.1382603763306498,0.446186602597902,0.0,0.6881344694256332,0.5269948865981697,0.362942553679772,0.5556886244359392,0.2959019859299723,0.7497943126391724,0.33053291348012126,0.8707078734032905,0.857787265743893,0.5811003501599167,0.5246576285220258,0.7139985342143024,0.48290090755454607,0.895914332969227,0.5170583889280006,1.0,1.0,0.669613588563502,0.7193275564687663,0.7537977047256145,0.6324193876209356,0.8928213005057242,0.6090839539503968,0.9838847813817136
images\T\T.43f571a3-c0d1-11ed-8e79-683e2670f3d6.jpg,T,0.8772576723705433,1.0,0.624292170154508,0.9876444884220879,0.377365921857282,0.8919017180340637,0.1957011131769596,0.8177683735535345,0.0,0.7816896857178295,0.4764923443937577,0.543261616345236,0.4456859910931611,0.3006505983871584,0.431800770583072,0.1365068556629726,0.43865675387843817,0.0,0.6834990284916481,0.5119879566282409,0.34987520517451703,0.5299028571381427,0.2900593579423237,0.7169106353324124,0.33327348363817905,0.8459987387901241,0.8573041854369817,0.557304058010154,0.5200787059984996,0.6859125386977747,0.47921322466599353,0.8708513936699145,0.5170589421876578,0.9891265337821913,1.0,0.6419420762000676,0.7241805814927044,0.7284004058092658,0.635779206081021,0.8652073007166016,0.6078990102082961,0.9625176455252213
images\thanks\thanks.80ecddcb-c0f6-11ed-b905-8cc84b59e01a.jpg,thanks,0.9456309246954757,1.0,1.0,0.7638139667264068,0.9133417882275571,0.5478076280520435,0.7073748715353766,0.42844865540351235,0.5314853792879879,0.3819281073364671,0.838446840191461,0.44993062442464965,0.5655859468271198,0.21321500943537472,0.38678178181376655,0.0871512135537342,0.24552007766263811,0.0,0.710250620028804,0.5286148306598536,0.40499195080901484,0.26788533462597225,0.21466997736001642,0.12467887854678923,0.07116896561941008,0.01821850044990357,0.5818173684751736,0.634229138038124,0.2958863434480283,0.38473981935667495,0.12428781652840803,0.24786499631627554,0.0,0.1444394290449444,0.464876072668712,0.7569961117065354,0.25343971472574944,0.5629386930412443,0.13774283372189827,0.4471252125368187,0.045635223794233515,0.3484818163355762
images\thanks\thanks.8221ec36-c0f6-11ed-8a63-8cc84b59e01a.jpg,thanks,0.9380318930220619,1.0,1.0,0.7652470848595564,0.8843722198271028,0.5489058776769936,0.671928383992185,0.4368092344036021,0.4955822507532166,0.38413872504473706,0.8387605630994894,0.4640325129826146,0.5847010434136848,0.23453944606267108,0.41402552837302725,0.0999860050866845,0.2672037410380309,0.0,0.6977969193503771,0.5472973956399314,0.4148734421686657,0.2911490570227408,0.22950117000889655,0.1358794123629198,0.08064588478340506,0.018258323707942954,0.5580861445527925,0.6579292379862999,0.2895354603654814,0.41635389590396876,0.12457635460614684,0.2631995357420756,0.0,0.1448480992108735,0.4338147523294267,0.7848000313486059,0.23461108106828416,0.5864394887938064,0.12358078793059193,0.4614981274805984,0.03766082949768117,0.3553700348380042
images\thanks\thanks.83586995-c0f6-11ed-bc08-8cc84b59e01a.jpg,thanks,0.8521883128549222,1.0,1.0,0.780791198359863,0.9200230643978154,0.5560863676997222,0.7037794225521239,0.4209741971054937,0.5194218846197819,0.3459846799217045,0.8810997627519916,0.5071113640864962,0.6392303535428492,0.25795150604613154,0.47736912480977906,0.11699822104378516,0.34179974734258795,0.014420786487783728,0.6854067265952816,0.5747691550047195,0.4192799334768231,0.29531636693246927,0.26334280384397163,0.12729011617636826,0.150700062702781,0.0,0.492000247118548,0.6571760452929033,0.250136873850952,0.3941199876525807,0.12145450568834232,0.2344068331902912,0.03591669264488567,0.11144009806563046,0.31975506859314984,0.7463857926168856,0.14155064048440916,0.5449879648348355,0.05691679845139043,0.42207511584627105,0.0,0.31887602798510456
images\thanks\thanks.849171c6-c0f6-11ed-96b7-8cc84b59e01a.jpg,thanks,0.7011308122525073,1.0,0.9355204445560563,0.8472017385105698,1.0,0.672899097870809,0.8754046788733196,0.5589045030330504,0.7297171917853127,0.5066491800555742,0.7444142872517959,0.5087603769079843,0.565292933691426,0.2719298367031971,0.4464772371613037,0.1340587508607773,0.34843021090928883,0.029839125484890115,0.5501721392899425,0.555722654965863,0.3608164461988948,0.29144413339192965,0.2460784653315305,0.12537900153296214,0.1642272535525764,0.0,0.38053421941048327,0.6281044213673469,0.21338931932302188,0.38264880633116827,0.11641050921808062,0.22569459103130635,0.05022440580090232,0.10471169584370014,0.2382084895658725,0.7205583027375313,0.10830332390268162,0.5295712896606375,0.042316389911882996,0.4104916206143614,0.0,0.30945868788129405
images\thanks\thanks.85c5f121-c0f6-11ed-ab47-8cc84b59e01a.jpg,thanks,0.7832600139073366,1.0,0.9961152874785946,0.8141348899050734,1.0,0.5980375652341213,0.7687849369202946,0.47265681097479273,0.5610584048929615,0.4268460526270584,0.831304796320674,0.4901448807319277,0.6160186992495695,0.2563660600480302,0.469158803495386,0.11539851649276626,0.34841167558407193,0.011558163584329382,0.6276136286635865,0.5433515307472163,0.40565411519669275,0.27868257136672997,0.26656035514364224,0.12034445677455706,0.15862093692292611,0.0,0.4404898882347485,0.6165920561245349,0.2380358419826573,0.3690195041004305,0.12110435041751613,0.2173564849330223,0.03840635342923738,0.10290517303576152,0.27306371257469275,0.7083843238841916,0.12800209991572706,0.5121648967419873,0.05404618630436542,0.39374302136621464,0.0,0.2953316590338307
images\thanks\thanks.86feaafb-c0f6-11ed-84df-8cc84b59e01a.jpg,thanks,0.7434819466267063,1.0,0.9507617095305644,0.832959862128111,1.0,0.632198580786696,0.8301049323729429,0.507743363585978,0.6517695862754734,0.45918653949330174,0.7717519410095491,0.4900761417686242,0.5695536753598283,0.25334607248500035,0.4244731718637994,0.11602263051438132,0.3009644907201777,0.01648374871921078,0.5810618790147979,0.5414617801589644,0.36627590966738793,0.2771055220336649,0.22921818504624308,0.11791986878173852,0.1256673782540276,0.0,0.40990492037513154,0.6159084417217897,0.21232520612906372,0.3727064243637298,0.09886681278142594,0.2211898267670801,0.022291691030908906,0.10829528744557285,0.26052550413530623,0.7107873981930221,0.11872046372146657,0.5123184142551244,0.04662452485940444,0.39422334237072293,0.0,0.29774778797561335
images\thanks\thanks.8834b40b-c0f6-11ed-b0dd-8cc84b59e01a.jpg,thanks,0.7340796503515433,1.0,0.9531593376169863,0.8384528223567226,1.0,0.6370682184066011,0.8278384943066462,0.5092456513325069,0.6512054849132892,0.45358628339681273,0.7789921767142199,0.4906579375452256,0.5751333207005765,0.25767853236328553,0.4300177063671555,0.12093530708520078,0.30954150475820164,0.02190145170609122,0.5897973673006834,0.5461868875264342,0.3757330485220905,0.28094867141967655,0.24119541972334263,0.12066465477105338,0.13769930429603963,0.0,0.417438372244685,0.6249186640713961,0.22178855226146854,0.3735313956684411,0.10473334629421362,0.22057217021085637,0.021563254427822254,0.10603190051213589,0.2635904673545777,0.7244265115861628,0.12161407256288283,0.5218499155789155,0.04901735199371972,0.40070004992343206,0.0,0.2992853657031631
images\thanks\thanks.896a3eb6-c0f6-11ed-86a6-8cc84b59e01a.jpg,thanks,0.7501857539513951,1.0,0.9701319978369299,0.8309405776237548,1.0,0.6280415099084385,0.8190932247440912,0.5000671064138191,0.6378115502269436,0.44300970146828833,0.7894021898309809,0.48836516061037166,0.5808484438905911,0.2506587024303824,0.43331941848684985,0.1122111068885087,0.3086940865191035,0.01353395090070935,0.5967606977319211,0.5471316599583799,0.3753953244882594,0.2772621572098425,0.23607215330913342,0.11816415217756782,0.1309939948291033,0.0,0.4241535015159372,0.6278938757980366,0.2236218598333055,0.37719349675275593,0.10627407479116939,0.22377834539600555,0.02486235709277955,0.10819884972542881,0.27224839049211075,0.7286025901662968,0.12452698257273385,0.5222514272474644,0.049957793002579284,0.40050555853021413,0.0,0.29971702284867435
images\thanks\thanks.8a9f238e-c0f6-11ed-bb56-8cc84b59e01a.jpg,thanks,0.7215822591326712,1.0,0.9496011453783896,0.8418216589341065,1.0,0.6435644845840282,0.8432511445513353,0.5172181953208654,0.6731842634223264,0.4609134040720036,0.7765819865110497,0.49239039826270137,0.5711422968463499,0.2522462203854841,0.4272954893680631,0.11298527892661361,0.3042175483780851,0.012072308619574484,0.5819111572083301,0.548983433326652,0.3665247604758687,0.2793065077687655,0.23085997112048712,0.11953408045850356,0.12880238240665468,0.0,0.40793690371678226,0.6277401090219265,0.21660124768807676,0.378514152106681,0.10354812445513965,0.2253611880402604,0.024934769916541026,0.10937383578707877,0.2576844070847314,0.7264345814220564,0.11935619638313814,0.5228942197670192,0.04739450309042645,0.402155042290335,0.0,0.300921295795873
images\thanks\thanks.8bd71dac-c0f6-11ed-90e4-8cc84b59e01a.jpg,thanks,0.835225049046911,1.0,1.0,0.8111467566672087,0.9863553398712422,0.6213332730266523,0.8038816249538341,0.5178976229475537,0.6215231478434945,0.47707825617488364,0.8230117306420163,0.4524429769818732,0.5741358502613789,0.22345850918294857,0.4119609916874499,0.0980992267463002,0.2784834956475688,0.008468781061979114,0.6407244113032546,0.5205568604054691,0.38004704599216443,0.260154765609828,0.22022920988740385,0.11095567782017193,0.09847322499929945,0.0,0.47318123412134794,0.6153650654165953,0.23750354608142654,0.36567171412048627,0.10116966374174641,0.2209539870792936,0.0046091974253480985,0.11107808602389078,0.32842617585856104,0.7306843623699233,0.15348447957693243,0.527383002346576,0.06348343739895046,0.41015435279623774,0.0,0.31154933965979137
images\thanks\thanks.8d0b34e1-c0f6-11ed-843b-8cc84b59e01a.jpg,thanks,0.23594944315687424,1.0,0.025179865257433872,0.8090379089882485,0.0,0.6148729296255113,0.15926134167042488,0.5096389684955516,0.3139128462919814,0.5026911312336965,0.27673057388856587,0.4867091574529771,0.4573071875786297,0.2480794420208562,0.5853168613459628,0.11253616313889243,0.6894010741790104,0.014513802908883114,0.4796379566595117,0.5379173371561023,0.6539004716865243,0.2713521767148347,0.7688416923106032,0.111736214098151,0.8614820778606109,0.0,0.636218510342623,0.6178302982477188,0.7902563678245573,0.3694707039922621,0.8846566470580096,0.21929519140025405,0.9571650010462782,0.11935722069193273,0.7450845395655559,0.7154676810692538,0.8756312616082526,0.5434034971409629,0.9421593093490398,0.4339681801484003,1.0,0.352231446562662
images\thanks\thanks.8e3ef634-c0f6-11ed-a2c5-8cc84b59e01a.jpg,thanks,0.2514307135642961,1.0,0.01622378563533806,0.7990923345759479,0.0,0.6007647769015061,0.17161595300708896,0.4969930967854203,0.3319121479342938,0.48475818780078145,0.2644694122074853,0.4782721012061528,0.45610344490814847,0.24752805708694425,0.5970762229400107,0.11294881275422698,0.7131453545430292,0.017949815953370415,0.475945849054806,0.5287502927978542,0.6631474983802119,0.26768903172106184,0.790725164837259,0.10924188890512462,0.8968707123256345,0.0,0.6418636614833447,0.6048419176856877,0.8026856920306426,0.3606074600614218,0.9022591875333486,0.20883816860528695,0.9791496946223035,0.10689697033858685,0.7594459848311609,0.6982288225928688,0.8909197776126229,0.5234239868243343,0.9505232153746475,0.41007452834584346,1.0,0.3242548829490061
images\thanks\thanks.8f73fc15-c0f6-11ed-b07c-8cc84b59e01a.jpg,thanks,0.2400080712573292,1.0,0.006088222560423495,0.7919609523236181,0.0,0.5933569292126739,0.18371374980061717,0.4978007920953908,0.3553167158977385,0.4957392978692278,0.25864332118447203,0.479373048731303,0.4526272362359877,0.2403526343550555,0.5936652622918773,0.10532679003608005,0.7120605931954384,0.01011626278452379,0.4700526970352221,0.5327385807599487,0.6583915291374788,0.2673251761502991,0.7861551552307864,0.10914908542833321,0.8930084682240715,0.0,0.6358186929360308,0.6119244137499076,0.8099224895451432,0.3632868122075144,0.9118014254823865,0.21042868412162846,0.9886921444958943,0.10745628331524704,0.7521506362861182,0.7073205347470481,0.8883905816941965,0.5266333263358772,0.9505116793372215,0.409935410257314,1.0,0.32107031757117366
images\thanks\thanks.90aefaec-c0f6-11ed-a61d-8cc84b59e01a.jpg,thanks,0.27765020380914757,1.0,0.05445474744824026,0.8101492539230409,0.0,0.5890121138970259,0.12687757464951605,0.4425144580406164,0.2724767533570474,0.4355387002838788,0.2815357707763492,0.49627290641374766,0.47655351305834837,0.2442542714274568,0.6050477188803546,0.10406546198781964,0.7046167421969285,0.005681750679193169,0.48429667460178993,0.554802163014709,0.6698407159778585,0.27195212366469224,0.7886691630343412,0.10939176208764763,0.8846049476526983,0.0,0.646971411928062,0.6330687201242504,0.8095209944329175,0.36923865825273083,0.9080224528903121,0.20896319850293335,0.9813158847133767,0.10290856186365276,0.7685013575260872,0.7272258768021778,0.8968147521199179,0.5307907860274208,0.9547178897858959,0.4031021491755762,1.0,0.30560208736506445
images\thanks\thanks.91e47db1-c0f6-11ed-a8e9-8cc84b59e01a.jpg,thanks,0.27228265059386303,1.0,0.04451942662958009,0.803918139390138,0.0,0.5790287564053063,0.13681053690234465,0.43988938137737676,0.2915285666589574,0.4459456287994208,0.2736149181131809,0.4866984706994712,0.47151512380121574,0.2331828862625932,0.6033530344774419,0.09566286139204959,0.7064640916529703,0.0,0.482499808733871,0.546170447454386,0.6693212353476221,0.2653136610848328,0.7831311774929158,0.10659194787216361,0.8735049364248975,0.0026015051565548637,0.6482746329522374,0.6268727252502566,0.8148502833230299,0.36194710380012,0.9108040300432921,0.2028498891016802,0.9823231990132133,0.10018302482521338,0.7671293108527479,0.7229879244766207,0.8926799154735617,0.5267437109127225,0.952978138208172,0.4004038569918023,1.0,0.30577394617662007
images\thanks\thanks.931a33d4-c0f6-11ed-9de1-8cc84b59e01a.jpg,thanks,0.3064968712486298,1.0,0.0720083281542075,0.8228134154583416,0.0,0.60982433730805,0.11652553673623377,0.4626441890444512,0.2568318013708851,0.43982823376512353,0.2654155656654223,0.5054228275393409,0.4641951099063442,0.2586677585832011,0.5921161218945472,0.1200610548186289,0.6901085788498684,0.02160830137391926,0.473130974848327,0.5540176560921323,0.6631169927068719,0.2763929214569652,0.7807989178673549,0.11308583913517237,0.8761357867906221,0.0,0.6486571930116861,0.621871761341075,0.8099255824044369,0.3624556847698086,0.9057904524688098,0.20732434814874925,0.9775584532023779,0.10245452016896624,0.785920109411905,0.7059410749141881,0.9077025837295339,0.5086099931424833,0.9586109434679186,0.3864913735909414,1.0,0.29346144768557264
images\thanks\thanks.944f3684-c0f6-11ed-9798-8cc84b59e01a.jpg,thanks,0.2911858552919932,1.0,0.06087530753811719,0.8089606594173607,0.0,0.5952999816716923,0.13314954095735665,0.45731638425171545,0.2906374001414237,0.4554408711218682,0.25571597211264807,0.5105318724249356,0.45979271492604473,0.26605986577653024,0.5954498968541991,0.12505680520021792,0.7027402303686952,0.026083002126585837,0.4597795660279224,0.561955642984652,0.6585821397055815,0.2863145288244023,0.7880178474377181,0.1177832288452413,0.8928627780991953,0.0,0.6309440324456366,0.6327970629514601,0.7964737577213252,0.3748283290358055,0.8986190734994185,0.21159152478966384,0.9773090926091504,0.0999919029051623,0.7655121934115254,0.7194378607600975,0.8954101579620961,0.5277476141815909,0.952294921018952,0.40397284899734115,1.0,0.30987989937005855
images\thanks\thanks.95878380-c0f6-11ed-9a47-8cc84b59e01a.jpg,thanks,0.2389548203076804,1.0,0.02430276476197445,0.7952790505120126,0.0,0.5873083130417752,0.1532036133110478,0.44966343947717147,0.31488317302227675,0.4206011574191775,0.23314984111577305,0.48609376991099335,0.4503725037591658,0.24390515666087267,0.5953879467796407,0.10848466472947414,0.7126493362783868,0.0113008128550238,0.4395529897045566,0.54476979988412,0.6571958922346437,0.2748873685129003,0.7980332310547154,0.11193281720899897,0.9094563808061722,0.0,0.60983170448199,0.6284673768868952,0.7997711673789728,0.3719635637060765,0.9135844495623923,0.20932382188123616,1.0,0.09763644935082708,0.7372447939277217,0.7265115406079119,0.8753842678729933,0.5264311276582255,0.942101471302359,0.3967471988861457,0.9974704624576542,0.2960389246384399
images\thanks\thanks.96bb13e7-c0f6-11ed-b0f1-8cc84b59e01a.jpg,thanks,0.2673504561519783,1.0,0.047791561664201836,0.8101096131519514,0.0,0.601597473175484,0.13736197610253986,0.46098529512520714,0.29748201197224017,0.4339832368869827,0.24590868228110693,0.48775021328528795,0.4592933758604978,0.25054662665110344,0.600088106910515,0.11657124229177428,0.7133771367605093,0.0195922129205052,0.4438615120578841,0.5427942421888468,0.6611427253583332,0.2777307634189843,0.7986555579563227,0.11634911899958172,0.9097601073851951,0.0,0.6105380678949389,0.6256603084134985,0.7983381715632987,0.3790152304623011,0.9119865701334366,0.2189409849697615,1.0,0.10605730217809095,0.740974079551472,0.7257715890543899,0.8728920673553261,0.5327627163238408,0.935881791201176,0.40519199117263266,0.989232652622552,0.3045798381503324
images\thanks\thanks.97f339dd-c0f6-11ed-9949-8cc84b59e01a.jpg,thanks,0.26442289236095357,1.0,0.04202859858333246,0.8031657218486895,0.0,0.5919484964339907,0.1489257500090156,0.46149155867823716,0.3012375774031174,0.43980339772571586,0.27807655216298305,0.48156894069231504,0.484363203404283,0.2393378389906087,0.618129110086631,0.10982248796035642,0.726749982259665,0.019800463749234193,0.4855401728432115,0.5361783857700848,0.6814190639384939,0.26474323182033205,0.8027673177660439,0.10844145101293276,0.9034914142595067,0.0,0.6494919866034297,0.613635041760696,0.820374164023066,0.3629916995608083,0.9198532379892116,0.20943745201591327,0.9994401615591951,0.10336580094972948,0.7655844480661872,0.7082761401794508,0.891464630425198,0.516422190168206,0.9503599252230338,0.3921463136588884,1.0,0.29548826797157535
images\thanks\thanks.99294007-c0f6-11ed-b82a-8cc84b59e01a.jpg,thanks,0.2748488532184019,1.0,0.048908876794076614,0.8044324187821402,0.0,0.5872773140968084,0.14706996265649966,0.451250471900253,0.30268524402204694,0.4462081539262101,0.2676978722032665,0.47510949361276633,0.47134715180984743,0.24033369724920414,0.6086625063889157,0.10856543598481756,0.7184004802622794,0.01386015682393274,0.4677333853655841,0.525310114990613,0.67222962799243,0.2672721869643294,0.7997627467502867,0.11109265315076321,0.9046097466075433,0.0,0.6306933297417266,0.5996385499142927,0.807230007873907,0.3611350604032324,0.9151626813646263,0.2049459610439964,1.0,0.09612161762305117,0.7543338145165375,0.6930355812790793,0.8838984358092397,0.5119307862623459,0.9423544248133976,0.3931168246469676,0.9909680300958222,0.29995956962696924
images\thanks\thanks.9a615cbf-c0f6-11ed-ae2b-8cc84b59e01a.jpg,thanks,0.2710774712824955,1.0,0.04118379813930183,0.801604071633236,0.0,0.5862428982583836,0.14787467042922692,0.44102542469836975,0.3075054987870515,0.4201626505754576,0.27004798544636416,0.46981811743847074,0.47871702437274255,0.2330534500930281,0.6168913077699992,0.10071961758451624,0.7255398908302725,0.007673939540362563,0.47528259211614043,0.5225430962027533,0.6770717093043929,0.2601169258734447,0.8029640346300645,0.10396649326560913,0.9029836175573601,0.0,0.6399971251215204,0.6007943979889824,0.8157287278633629,0.35484771961311046,0.9211841007580892,0.19637653787180082,1.0,0.08824854705509015,0.759761420003742,0.6973061797375784,0.8937208638486068,0.5088899200488821,0.9537138745185378,0.38654278685475535,0.9991014549853099,0.29187654713945776
images\thanks\thanks.9b955e87-c0f6-11ed-9d2b-8cc84b59e01a.jpg,thanks,0.24376376762658178,1.0,0.02823030361499321,0.7911510544222861,0.0,0.5752907964323563,0.1426164593209116,0.4431093034576127,0.2988032853741213,0.4352455036837595,0.2596155954411707,0.4735770116166456,0.4605136795576234,0.22938089769137548,0.5937885438729585,0.09402523616118286,0.6974833472928114,0.0,0.46277233772289483,0.5221871719983572,0.6618909172765716,0.2567232414041386,0.785997254879605,0.10242049366940983,0.8835776607422934,0.002044702028729775,0.6287875133565163,0.5958404954948103,0.8053233117436485,0.3493575604537134,0.9099457261340431,0.1979849607285376,0.9865138286536193,0.09783671032416069,0.7498397218044124,0.6886259805189208,0.8881899892270835,0.5014787011261707,0.9522550769379191,0.38212381539116813,1.0,0.2926196144348611
images\thanks\thanks.9cc8fe86-c0f6-11ed-8af9-8cc84b59e01a.jpg,thanks,0.1549929231615854,1.0,0.0,0.7550344423916014,0.01447781478902892,0.5027005447798529,0.1627891706654104,0.38082589486905616,0.28336432272884554,0.40498173058923,0.2881224282623287,0.4467731217611617,0.5199326605994156,0.21027721408727937,0.6663763147911134,0.08638896967675569,0.7810281322566256,0.0,0.45180923178261284,0.5428399710550352,0.6861805187874948,0.2788302906210213,0.8276667382341047,0.12366345749283035,0.9361244981593967,0.01889487307019884,0.571603482346467,0.6542229835135582,0.7779704482067146,0.4122292841157025,0.9045059345387235,0.25763682535187726,1.0,0.1572632630667431,0.6505842300107977,0.7725911764566357,0.8015613861014645,0.5865526335283554,0.8861139714925355,0.4619177754269218,0.9546665443766754,0.37074733986942654
images\thanks\thanks.9dfe593c-c0f6-11ed-8e0c-8cc84b59e01a.jpg,thanks,0.17359357508319637,1.0,0.009062657264649132,0.7711144664079795,0.0,0.5228974494490203,0.14492167018974594,0.38882321893452165,0.2816844734249571,0.40507119148413046,0.27477384833229357,0.44618338483608955,0.4990679004071533,0.21301792141810677,0.6433978407522527,0.08801980395679862,0.7581167980436837,0.0,0.43720276899019606,0.5356699928936354,0.6675373636447187,0.274290615640937,0.8077802335897671,0.11927905247537202,0.9212048641404604,0.010880198039567987,0.5619118746512363,0.6443147156385904,0.7735633960710929,0.40043506782568006,0.900455871621748,0.2418962400711407,1.0,0.133474620051156,0.6483510435328299,0.7673280243991024,0.8094471894939117,0.5736748591248139,0.8932466165140291,0.44661347925722555,0.9630096428000541,0.35277619294287904
images\thanks\thanks.9f356671-c0f6-11ed-b5a3-8cc84b59e01a.jpg,thanks,0.15022191753905742,1.0,0.0,0.779356861314568,0.0011376768053427387,0.5714736031355663,0.15238437192478524,0.454576484112186,0.30247195024183776,0.4421566071544809,0.21062164592957586,0.4588422234844317,0.4227636319029327,0.2215934304309454,0.5636930747723968,0.09047035145925623,0.6760155909487389,0.0,0.39124303675032607,0.5334807673308466,0.6320543696613729,0.28030037942281344,0.7822944704890653,0.13743313511357738,0.8939254789125416,0.0438052774234009,0.5411620804070452,0.6371008964661108,0.7690727771201036,0.39537291186110146,0.9055592555381684,0.2559526228679977,1.0,0.16521991687260176,0.6508447630228985,0.7587412136838046,0.8321709598225311,0.5808545951198752,0.9261080000499362,0.4722107400809995,0.996164954452219,0.3914947567091225
images\thanks\thanks.a06b6b9e-c0f6-11ed-8863-8cc84b59e01a.jpg,thanks,0.8911824469272348,1.0,1.0,0.767120249832283,0.9063437015933782,0.5512871698263445,0.6931464368920006,0.43452972079166147,0.5069623319404305,0.3842015982509061,0.8404746121304044,0.459082447555648,0.5935973768806548,0.2220584224444227,0.4233059452276457,0.08945390303408701,0.282749939175324,0.0,0.6750710788485729,0.5339019029507401,0.41164344163830463,0.2670631348920937,0.23914191987951386,0.11656322102960935,0.10770489541962022,0.012487521222758313,0.5175633345503343,0.6389982299949806,0.26823240598667064,0.37959965961728154,0.1164137101103553,0.2320176308425142,0.008007237451313615,0.12202951149424218,0.38059194970568166,0.7620293924272659,0.19380066375784136,0.5688387583844546,0.08364177052029687,0.4513899767186853,0.0,0.3518060785923902
images\thanks\thanks.a1a24730-c0f6-11ed-9bd0-8cc84b59e01a.jpg,thanks,0.8454334690355129,1.0,1.0,0.8071444644915826,0.9829315760508621,0.6364993101425998,0.8212815039322218,0.543521923533237,0.6427917959897472,0.5114398160963809,0.8114525052744257,0.451944311019738,0.5751991301309516,0.2177542269494079,0.4157231379180458,0.08945643321658824,0.2822383065411177,0.0,0.6371046922014367,0.5184354041455633,0.3903294341553999,0.2574457368709177,0.2301315146455518,0.11430151163202061,0.10701712739912651,0.017481858190994397,0.4799011706424531,0.6196159483797743,0.24267218603201077,0.36981790901176603,0.10158192763479014,0.22984815842904352,0.0,0.1272182389324662,0.3498357141227176,0.742749385364957,0.17525259305556914,0.5439723458908169,0.07725333335704195,0.4271703519239235,0.00700737723161034,0.33008482164186426
images\thanks\thanks.a2d8a57e-c0f6-11ed-b8aa-8cc84b59e01a.jpg,thanks,0.8674656136124229,1.0,1.0,0.7878852785102259,0.9320153774816413,0.5819897670875676,0.7291155301980273,0.4602511515498864,0.5384065330356288,0.3982648349085741,0.8303386473259512,0.46188536184727536,0.5862620774468643,0.23028073620241837,0.422578966467917,0.09601926694099663,0.2866960339100939,0.0,0.6566080077819835,0.5332902271227007,0.3961925486499972,0.2697660495095176,0.23786837157963175,0.11605086191708841,0.1190885402228752,0.0037761186719583255,0.49326951670051966,0.6344570189167792,0.24728399199625012,0.37978009253336587,0.11072946015009551,0.2279319472578821,0.014780854506141416,0.11036018418949968,0.3505773485814513,0.7530149370695624,0.16854370057508053,0.5569469837470823,0.07028544859808374,0.43669125596974717,0.0,0.332768858845314
images\thanks\thanks.a40d9669-c0f6-11ed-b079-8cc84b59e01a.jpg,thanks,0.835225049046911,1.0,1.0,0.8111467566672087,0.9863553398712422,0.6213332730266523,0.8038816249538341,0.5178976229475537,0.6215231478434945,0.47707825617488364,0.8230117306420163,0.4524429769818732,0.5741358502613789,0.22345850918294857,0.4119609916874499,0.0980992267463002,0.2784834956475688,0.008468781061979114,0.6407244113032546,0.5205568604054691,0.38004704599216443,0.260154765609828,0.22022920988740385,0.11095567782017193,0.09847322499929945,0.0,0.47318123412134794,0.6153650654165953,0.23750354608142654,0.36567171412048627,0.10116966374174641,0.2209539870792936,0.0046091974253480985,0.11107808602389078,0.32842617585856104,0.7306843623699233,0.15348447957693243,0.527383002346576,0.06348343739895046,0.41015435279623774,0.0,0.31154933965979137
images\U\U.40cd66d3-c0d1-11ed-bf55-8cc84b59e01a.jpg,U,0.38674456687131975,1.0,0.11717829936671867,0.7247626100320009,0.025560702744219073,0.44758131936141576,0.0,0.24005453196386312,0.0018689286387108305,0.08390735187995213,0.46865523121289554,0.42758424660156624,0.5438171744349498,0.23281276276705615,0.5391359163740176,0.10797517855437955,0.5492399174946985,0.0,0.6367274185211842,0.47200947766695084,0.6062864402440379,0.29507768090853004,0.4222493804856606,0.4439406855848447,0.3728505388446359,0.5834050200230011,0.8131593057574982,0.534514051479686,0.776628972499843,0.35407538224958407,0.5682485013308086,0.5144733609030245,0.5194955003695348,0.658211514425139,1.0,0.6281062549403236,0.9541390320601689,0.43878239410442205,0.7551606872865514,0.5193658260220987,0.6919542839476951,0.6426525545259059
images\U\U.42030ddd-c0d1-11ed-8549-8cc84b59e01a.jpg,U,0.3947964605067247,1.0,0.12366311766231461,0.7273103089376151,0.02777332456745437,0.4576983952652421,0.0,0.24669435314839638,0.01282083337623123,0.08394141291383456,0.47717366098502395,0.42219874528094664,0.5680951421440222,0.21765305745389749,0.556391124890733,0.09876421874647162,0.5592772954419881,0.0,0.6445838094999968,0.4731347550198,0.5955061633247979,0.2931189068013902,0.417222010592594,0.44859721711853934,0.3810152044856983,0.5892950622124687,0.8171515109620062,0.5422695285155024,0.7590653062885376,0.353739881877398,0.5627478579241242,0.5253178881633106,0.530938699149445,0.6713832394825926,1.0,0.6430822629285127,0.9313903282154916,0.45013405293551295,0.7355347063602139,0.5414558189854266,0.6833076191078512,0.6685035648227032
images\U\U.4337cc72-c0d1-11ed-9271-8cc84b59e01a.jpg,U,0.2238353704728328,1.0,0.030914017419968794,0.7456576916258415,0.0,0.46606025927255135,0.024003645969085476,0.25435383885859736,0.04529313825163182,0.08614857317461622,0.5452115917022703,0.4570057061484867,0.6784220717294626,0.2596307170183705,0.7064395353929807,0.11365310249303487,0.746815492929838,0.0,0.6926716326228876,0.5237350217806047,0.6559431684060724,0.31705300996089725,0.4031188887720309,0.4735944699796631,0.38231613539470816,0.6019436553269156,0.8477421767390627,0.6089522681183547,0.8155955616321707,0.40464505565620706,0.5458690448790545,0.5548630058339447,0.5208776949102252,0.6771067996708047,1.0,0.7265418299551416,0.960495396557567,0.528029406578814,0.7339524774146543,0.6099892910625774,0.7043437128626598,0.7221753796291892
images\U\U.446e7de9-c0d1-11ed-90b4-8cc84b59e01a.jpg,U,0.20979493143035713,1.0,0.0171021961752637,0.7547121957532205,0.0,0.46430770153570694,0.026717314795366875,0.252045235945711,0.055831621440244256,0.08440968526639017,0.5411894284411612,0.4369653121654788,0.6782585308627429,0.25185466291125225,0.7053621102134701,0.11277578480313474,0.7369118302485105,0.0,0.6981573029103036,0.5083159034968381,0.6732770500453374,0.3160494375261684,0.4114870160806955,0.4738649274063152,0.37993832062007243,0.5970152531634061,0.8531871948689314,0.6017356551284573,0.8323678427073354,0.4107068512068563,0.555792687612383,0.5576840015708697,0.524541631020015,0.6707634752492386,1.0,0.7277119877050874,0.9740741689420757,0.5448903402141928,0.7459270605472252,0.6212737599351249,0.7147953668744845,0.7200973315760626
images\U\U.45a375b1-c0d1-11ed-9f62-8cc84b59e01a.jpg,U,0.2334589757540945,1.0,0.03351171829019206,0.7536540701432016,0.0,0.4764882403490846,0.0015822760829270288,0.2705031840762999,0.01396161616467796,0.10889469005005455,0.5270015009394132,0.4383255060976784,0.6476313599844804,0.24136461009598525,0.6590882108812298,0.10654988432616656,0.6764013019929505,0.0,0.6840090591873305,0.5039148555185202,0.6352580822632005,0.3133100446288192,0.39670823930359644,0.46974994076487914,0.37523586371207424,0.5904858533071531,0.8454310262515364,0.5926519673834367,0.8052613205740853,0.39958097968972167,0.5461535080606661,0.5485882315537425,0.520542055857579,0.6617251077313379,1.0,0.7142725196148894,0.9493186664625672,0.5375012270546581,0.7245819118361021,0.6145296267270722,0.6921548508735104,0.7132428380039539
images\U\U.46d8b2a4-c0d1-11ed-8fad-8cc84b59e01a.jpg,U,0.2519444669147387,1.0,0.03989342339427277,0.7511964314268332,0.0,0.466340490475384,0.005183728361106617,0.2600149684026671,0.025300315482931563,0.09665027585573942,0.53508483659602,0.43372105785543097,0.6555447136385698,0.24267380898539398,0.655352592622553,0.10731668201038326,0.666600266947096,0.0,0.6888099619802621,0.4989686751639002,0.6272973628862644,0.30846381800239003,0.38628003154829316,0.46750475213668746,0.3867451666397023,0.5882513650861535,0.8456150906002265,0.5881586404678619,0.7835554521922019,0.39995344845693936,0.5298738068273742,0.5525795894191748,0.5356495712667854,0.661020557426343,1.0,0.7109276908826153,0.9333618144313218,0.5304439522260058,0.7088446448794693,0.6169981256380731,0.6972238513185569,0.7180480900147886
images\U\U.480daae0-c0d1-11ed-8259-8cc84b59e01a.jpg,U,0.24863912092283214,1.0,0.04714498806682577,0.7457259508954197,0.0,0.46999224502925085,0.01602426412092283,0.25451463789707646,0.049142303102625295,0.08567071861689508,0.5298274661893397,0.43913427373247726,0.6507304097056483,0.244177955110401,0.6660063643595863,0.10755926148115863,0.6828023070803501,0.0,0.6824264120922832,0.506405106910895,0.6403744033412888,0.31055287688306304,0.41200725934765314,0.4755723218785403,0.3851755171042164,0.6063571570608253,0.8434481901352426,0.5952627275189203,0.8101625894988067,0.3974570028489263,0.5620539976133652,0.5557699453026298,0.5256871519490851,0.6811668388527633,1.0,0.7176929189896998,0.9691592084327765,0.5227692225767755,0.7479131861575179,0.6030558374684782,0.6992248408910103,0.7112908104436164
images\U\U.4945066f-c0d1-11ed-9083-8cc84b59e01a.jpg,U,0.8156317584897275,1.0,0.9936962693307463,0.7533731336647094,1.0,0.498730852053859,0.9977787699494622,0.31125110857215904,0.9626384369789723,0.15561730404282761,0.4269121737568363,0.41745379776934266,0.3158249435756112,0.22703783613662126,0.3051887214516954,0.10507891922160778,0.282034287905202,0.0,0.2569165838866107,0.4801401881333364,0.31525199099031204,0.2782973790627237,0.5854981181245406,0.41120532406434424,0.7003654920664338,0.5427379969382045,0.11749170852343528,0.5670854200659117,0.2545621619972492,0.39316907649035,0.5426164933389281,0.5298736965918331,0.6498705307023126,0.6541006487991293,0.0,0.6794151741252918,0.13610908161153473,0.5214530641056059,0.42231580308645333,0.575587686538,0.5715523634038006,0.6575770407714864
images\U\U.4a78acd9-c0d1-11ed-878c-8cc84b59e01a.jpg,U,0.7458148437718416,1.0,0.9609593491545816,0.7746336497185685,0.9765074515784775,0.5076422149925105,0.9739194753286667,0.31909334255823313,1.0,0.14559524310759261,0.46276331658146125,0.42027023797738006,0.3914276721131942,0.2271688471492518,0.4090773905641297,0.10192452196091328,0.40585965253924383,0.0,0.29307903136710123,0.47650741955807724,0.4090535304739144,0.28620270579359364,0.6497439981027613,0.437710305525495,0.6863805641007349,0.5554808308327103,0.1409217899984286,0.5539516292075803,0.33335847881561403,0.3937941686646996,0.5576148875394414,0.5583220772107423,0.5303543729520089,0.6565426046610778,0.0,0.6513297017876657,0.2110575611420837,0.4996339626520525,0.4163417034851156,0.59794818049093,0.39692633835825225,0.6791233158963003
images\U\U.4badb33c-c0d1-11ed-9148-8cc84b59e01a.jpg,U,0.7835620526533714,1.0,0.9940544835212399,0.7618178812752362,1.0,0.49479561562871294,0.9972127766594627,0.31006140882539424,0.9988618385100287,0.13971342030782793,0.46744245453530303,0.420577893288488,0.3940118920211594,0.2275217158151977,0.41894941295868626,0.1015618391450414,0.42344424910987716,0.0,0.30358116941831476,0.47378425969111665,0.4251763199165167,0.29233099768193904,0.6598157102354983,0.44403438832138087,0.6930827846342517,0.5621691602442074,0.14906024473807217,0.5479798646103415,0.33084380580252365,0.3822472386205869,0.5589151124721945,0.5478772320164026,0.5438319404628145,0.6509892307560976,0.0,0.6441376805577005,0.20808887689870634,0.49303184831019026,0.42260650098474317,0.5913278756333537,0.4202681683382101,0.674961022895799
images\U\U.4ce22c5a-c0d1-11ed-a4c5-8cc84b59e01a.jpg,U,0.7680900268234436,1.0,0.9796386390240767,0.767402075833826,0.9908281983938735,0.5048206463819799,0.9893181360751621,0.32260171629509954,1.0,0.15431243831606642,0.4453187284267121,0.4228284639137929,0.3869380935951627,0.22896410187717042,0.41911247841842136,0.10084227883164375,0.42151323873154284,0.0,0.2802004926695893,0.47987231960892174,0.4197926214848271,0.2876321227759297,0.6573969839513972,0.43525325161260614,0.6831683765310606,0.551058551954735,0.13352571091531942,0.5587978818115379,0.3451341371161186,0.3936794933730977,0.5742531118655662,0.5586180743938445,0.546498933417491,0.6567116781397753,0.0,0.6569521824529652,0.22716223691336607,0.5039958155293863,0.436481451087644,0.5991278293743673,0.4185037262554398,0.6777624650778794
images\U\U.4e1a94a8-c0d1-11ed-b809-8cc84b59e01a.jpg,U,0.7513865417077048,1.0,0.968184170446433,0.7720388970126546,0.9879377254234991,0.5061234924641695,0.9854332108162037,0.3231528346350673,1.0,0.15624034215726026,0.4601703128851164,0.41850533425043424,0.38448448045437716,0.22447587625745233,0.4135223167422947,0.09931426795544826,0.42094772875237757,0.0,0.28991855540422307,0.47403962267738786,0.4146587015802844,0.2881519001832601,0.6519876055740548,0.4372658228237117,0.6822506949893015,0.5548187077059717,0.13877274365377307,0.5515205634139356,0.33991163251538503,0.3953535944509889,0.5644157621904217,0.5552236048096705,0.5393092429894704,0.6524730511973948,0.0,0.6502407389871541,0.2160459306670228,0.5037377111904301,0.42171882073253003,0.5996364761582257,0.4021307277085434,0.6805993783254431
images\U\U.4f4f95af-c0d1-11ed-b94c-8cc84b59e01a.jpg,U,0.7694551618462855,1.0,0.9835926794992235,0.7769013547783424,1.0,0.5104908883085384,0.9907445124281377,0.32653879057953566,0.999015363150917,0.16002062685871307,0.4513831232848829,0.42782670918553883,0.39080868921022294,0.2354762877992818,0.4171898424803363,0.10586309485739422,0.41622570860628433,0.0,0.2862650076219192,0.482113111324134,0.43637939199045106,0.2994401690317996,0.6682193759042615,0.4464218108602588,0.6875736902860116,0.5599875215523372,0.13945098467390266,0.5573656347446109,0.3392973111706878,0.39503718237568186,0.5639797806082862,0.5540934787701245,0.5400696063651116,0.6525403358756706,0.0,0.6549073461896728,0.21016475746092145,0.5031116887887371,0.42624351161123,0.5979748105656711,0.4231117439311812,0.681556354147356
images\U\U.5086ff8e-c0d1-11ed-8a1e-8cc84b59e01a.jpg,U,0.7391707064781812,1.0,0.9532088573837993,0.7671253473697914,0.9676478361853658,0.5052807060050128,0.9712981651855873,0.31936399710170693,1.0,0.1529224550529517,0.43250884416864815,0.4174133971257261,0.3837893828144089,0.2282712237446868,0.41883496557880934,0.10126230294775897,0.4249239178074638,0.0,0.27171372940123956,0.4743912737548978,0.4283629469977363,0.28869515335278345,0.6427571464020087,0.44166842560143676,0.6435690700811829,0.5509764038821292,0.1311211582176849,0.5507200339847134,0.337792575366768,0.3875056693528725,0.5450303900941508,0.5506092639176784,0.5030031193461257,0.6427111487788552,0.0,0.6467447398968468,0.22133738281060597,0.49816972448515234,0.42419256852150977,0.5962488154549748,0.4074544861635465,0.6736666243507247
images\U\U.51bc9dce-c0d1-11ed-ada1-8cc84b59e01a.jpg,U,0.7271980734449051,1.0,0.9412957819901695,0.7707570221357049,0.9522499591407142,0.5061637993980919,0.9588121902191531,0.3171963849381456,1.0,0.149638260458492,0.4281639551458721,0.41969314429986404,0.3848977716576898,0.22956158417153327,0.41915264145414044,0.10364942541714278,0.41572835639148226,0.0,0.26603831546385215,0.47493398281596033,0.4251353600088989,0.28829485969278296,0.6336168168454086,0.43803587209678707,0.6255726928231298,0.5436052157339198,0.12568410581441483,0.548742624819149,0.3372434128173606,0.38031336708715924,0.5385338710222881,0.5432734361003341,0.4921839456177341,0.6336174255255405,0.0,0.6424604913123795,0.22968610052527308,0.49298558010059906,0.4190736920050014,0.59380612777976,0.3868111763668241,0.6721328443394593
images\U\U.52f7ca31-c0d1-11ed-a429-8cc84b59e01a.jpg,U,0.7588780006891239,1.0,0.9726115476183538,0.7723154703640701,0.9851313849070925,0.5099453562298649,0.9736222785166638,0.3280471742043392,1.0,0.1637663337356382,0.4436096485432475,0.42000095032643714,0.39696830684258155,0.2317114428806295,0.42505516024033463,0.10465317836676899,0.4182766740840058,0.0,0.27395100988049514,0.47631805525197907,0.4340827545735335,0.30114799433605444,0.6564575868270531,0.45220447223621313,0.6580406449885624,0.5620278065515505,0.1300153417484788,0.5542991817689377,0.3468903849376595,0.3986965322588309,0.5572836910398551,0.5602356809564085,0.5149010255624049,0.6505619280222756,0.0,0.654116529027721,0.23679053333598168,0.5077936271109126,0.4333886353075254,0.6063603447784314,0.40257050109678216,0.683934351449723
images\U\U.542d430c-c0d1-11ed-80b8-8cc84b59e01a.jpg,U,0.7629519171510398,1.0,0.9712653317704494,0.7789444200126475,0.9820511643082426,0.5109936385216833,0.9716781264727563,0.32602370558648724,1.0,0.15864217751830934,0.45003347310671515,0.42184717020759666,0.3931139656568342,0.22939306630070663,0.42048191606346597,0.10303576936324142,0.42457143547665943,0.0,0.28582407888535766,0.47736206282905147,0.442448732976448,0.29689343054401773,0.6592829262987444,0.44633217037129075,0.6765734172779234,0.5625547920539244,0.13799113023092818,0.5554500850730698,0.3443092093338006,0.3966329176013664,0.5546095005619132,0.5593842957429769,0.5334296037605888,0.6611761813784269,0.0,0.6552186733042871,0.21061810447959592,0.5049494012912115,0.4246279893176078,0.6004977449462078,0.4323688567181854,0.6849154639617381
images\U\U.556394ea-c0d1-11ed-a2bd-8cc84b59e01a.jpg,U,0.7885082364359698,1.0,0.9877372048574816,0.7753619477335405,0.9930305030740018,0.5109555106217446,0.9839181089068163,0.3267025548501536,1.0,0.1575970025812414,0.4490986931077946,0.4264440382741885,0.38492603398323727,0.2356044529602846,0.4125113127302744,0.10464123099020188,0.4200902688647019,0.0,0.2813135072791215,0.48492078208377115,0.4397421682694816,0.2918739459440368,0.6798168003788115,0.44199937799047756,0.6960285640320671,0.5568545155046175,0.13625378882746517,0.5640292089392775,0.3517711060569315,0.3978212007138393,0.5768429789939808,0.5590443029716161,0.5398711857525836,0.6587761717374178,0.0,0.6658890566548642,0.21278094700146194,0.50416049807854,0.43754796641009813,0.5990457942247299,0.43313205151925493,0.6852824109638499
images\U\U.569aa365-c0d1-11ed-ae84-8cc84b59e01a.jpg,U,0.7749367870758077,1.0,0.9829562687169205,0.7693483011385417,0.9902982745179904,0.5031681076000724,0.9786130272410298,0.3133852108277243,1.0,0.13972072550656447,0.471442953709096,0.41448483468670155,0.4020260837910715,0.2218109254081023,0.4266977804447667,0.09786107494994191,0.4362812371796125,0.0,0.3058526924642523,0.47271839238144164,0.441675865688503,0.28675197459442736,0.6692982077613067,0.444554127919082,0.6884629083022571,0.5571140857321323,0.15183961380951133,0.5507994699388795,0.3522462517597394,0.3927283942689574,0.572061381233897,0.5593471919798094,0.5411182445278883,0.6562250074430389,0.0,0.6509265367199647,0.20854578986004085,0.49686691846515785,0.4339065187594272,0.5974039847986877,0.4372578763973569,0.6821810730818851
images\U\U.57d1cbda-c0d1-11ed-a9a7-8cc84b59e01a.jpg,U,0.7792878237871433,1.0,0.9793900821799201,0.7822878968456304,0.9899960937791566,0.5167001531217135,0.9814763026748905,0.32964061158384833,1.0,0.16240028989591304,0.4470075113889974,0.42698227228886215,0.3809281877374522,0.23218023678984648,0.41272656702900806,0.1040217608763513,0.4180278312014988,0.0,0.2830671546540009,0.48507900130702264,0.44029105077340686,0.3074138310865881,0.669998979904111,0.4595918648543242,0.6799976612435715,0.5733861306135222,0.13956976833871165,0.5649058577812999,0.33925826588674945,0.406000238206631,0.5595412554145943,0.5635459003159741,0.5334885040169386,0.6625275669683691,0.0,0.6675003250041452,0.20507883350791073,0.5124941713328439,0.424737325308579,0.6049932702734472,0.42928620656195343,0.6897204886505439
images\U\U.5909a077-c0d1-11ed-9c32-8cc84b59e01a.jpg,U,0.7452439106370583,1.0,0.9674023289995684,0.7817952688920912,0.9839288145918661,0.5168873229003675,0.9771295995106692,0.3307214645556368,1.0,0.1610030675760193,0.44028438901497813,0.4193142360116777,0.3806506532658862,0.22902773036793347,0.41730244121173377,0.1016990797271942,0.4259226107882751,0.0,0.2768633880292741,0.472741375926592,0.4296918265367859,0.2879057932666057,0.6498084119479239,0.4366166018710915,0.6552299068936979,0.5454746953615226,0.13266152137239148,0.5463389545499323,0.34743590153991927,0.3872056803229928,0.5607055010555134,0.5526316090913881,0.5222822531178459,0.6452696175571954,0.0,0.6406980358196965,0.2242189656535232,0.49116859602459867,0.43440119161095253,0.594064885685638,0.42361089735997304,0.6740299564033072
images\U\U.5a3f0ca5-c0d1-11ed-b495-8cc84b59e01a.jpg,U,0.7674499110016911,1.0,0.9797857625405698,0.775757367447542,0.9819136289547744,0.5089159356842302,0.9780689612291094,0.3189376764056113,1.0,0.14810917128633663,0.4457712356084035,0.4200502784353246,0.38423557928843793,0.22623635267200012,0.4232216252813427,0.10044989525486887,0.43420663694957123,0.0,0.28339657222038817,0.47686212976424286,0.42525153680611794,0.29140367744331125,0.6525419170438054,0.4489550685965234,0.6620151664764319,0.5643512029228612,0.1379635400551607,0.5559215804706956,0.3279455676769591,0.3865768279323954,0.5474025176133748,0.5516317513011317,0.5139897840699196,0.6536007357744449,0.0,0.6573375369127866,0.2053099939154469,0.49630172158939173,0.4210051800124652,0.5905308238785301,0.4113658760695465,0.6748424961105561
images\U\U.5b75c412-c0d1-11ed-bf42-8cc84b59e01a.jpg,U,0.7657885531643106,1.0,0.9914957724804084,0.7749113524494944,0.9951334678810748,0.5026389742004396,0.9765616954360322,0.31604206420352143,1.0,0.149303437471066,0.4489740745089977,0.41752346626407527,0.3770206288411265,0.22749172234668993,0.4196533430199073,0.10243539426576767,0.44101876391827566,0.0,0.28278001020875904,0.47166213892521114,0.44479642815470644,0.29036319653606124,0.6732636735169624,0.4493068445860846,0.6802130514962034,0.5685129444384237,0.13579293279416274,0.5504498450532636,0.3507413553989305,0.3922367055623174,0.5640483818967496,0.5586579123701567,0.5225411466660457,0.6580965853585296,0.0,0.6519680131572387,0.22776329177811352,0.5007556288138755,0.432416906890464,0.5979459908747066,0.4056758857231663,0.6784830676970655
images\U\U.5caaa7a4-c0d1-11ed-8679-8cc84b59e01a.jpg,U,0.7653210385732391,1.0,0.9822617166864662,0.7751618581952879,0.9849275930229386,0.5062053119608466,0.9761841932307723,0.31691686376288214,1.0,0.1468551481323394,0.44699099966022415,0.4152602021188851,0.3885428576388803,0.2249436802929015,0.42739089351127335,0.09912502545799022,0.4417780445279968,0.0,0.2827299625254522,0.47256721104498317,0.44209971553073235,0.2932520524407287,0.666663773198382,0.4461252353644843,0.6742070450165796,0.5579092220740478,0.13678482764436134,0.5504232073868358,0.35428700394586404,0.39301479567670655,0.5671694687840241,0.5571722083801851,0.5267713606162592,0.652850553599116,0.0,0.648763034295912,0.23691032149739463,0.5004395161070071,0.4447839447231819,0.5995602497965311,0.42247704032916095,0.678988789120445
images\U\U.5ddf2617-c0d1-11ed-aeca-8cc84b59e01a.jpg,U,0.7720352899168733,1.0,0.9913245036760747,0.7716892920874139,1.0,0.502142389192741,0.9778666797540704,0.3154404741998934,0.9928927385442233,0.14530849660354367,0.4468365124539833,0.41447203283404294,0.3831127922192714,0.22518503609089746,0.425688253036937,0.09881089763796795,0.44384326966077753,0.0,0.28592304506490535,0.4725287828480423,0.430387699309556,0.2927777871324291,0.6600303180389326,0.43760110365741195,0.6800192404865509,0.5507283379234215,0.1407094541300691,0.5517533248932623,0.3468358113430731,0.39494206620926336,0.5643231700629647,0.5545110978579633,0.5328017243322044,0.6525807155211809,0.0,0.6509892935362971,0.2165714073950174,0.502198386570654,0.4283249308529365,0.598715349664466,0.4160592458750891,0.6809151929501259
images\U\U.5f140698-c0d1-11ed-9803-8cc84b59e01a.jpg,U,0.770856473421728,1.0,0.9886513224211999,0.7672581228514957,0.9903438195849497,0.4956601405510171,0.9731624609766653,0.30596801930305045,1.0,0.1373959053392538,0.45183117530753264,0.40787266243611514,0.3977859784024616,0.22186328834748759,0.43862430497009575,0.09874194368659547,0.4576672879025916,0.0,0.2847703075454857,0.46596099972898375,0.4455450373985497,0.28060260942159915,0.6646134874498455,0.4335359372814287,0.6783159739009829,0.5477271697011215,0.13690904917323168,0.5437504486943651,0.3670661131551395,0.38421934379044936,0.56848406056174,0.5495923763690164,0.527314097692505,0.6470531699661064,0.0,0.6416063851664415,0.25195669707401436,0.4959276548066086,0.4524819472075696,0.598348259980276,0.4299971040037669,0.6787858082422796
images\U\U.604b064d-c0d1-11ed-adbc-8cc84b59e01a.jpg,U,0.7628244292390671,1.0,0.9853017621292658,0.7738411672569033,0.9895279698674979,0.5042144037357922,0.9748953601860769,0.31587008765735153,1.0,0.14739153107102532,0.4514513612153251,0.41114413475713035,0.3941750400393868,0.22151736349055529,0.431278741741683,0.09707448018739376,0.4474089124071702,0.0,0.2861210743507948,0.47000210870255155,0.4434907856783936,0.28460087527614997,0.6666501564303614,0.4354743796512721,0.6835170963909697,0.5495830713591527,0.1386478463180976,0.5481617787302977,0.35836557576105793,0.3902896667959514,0.569530342388455,0.5494430720988445,0.5345042062716279,0.6447587510671797,0.0,0.6453481808712989,0.22636821772907148,0.49917501127449093,0.43860656247221635,0.5933705025237626,0.4306821443527934,0.6710385292293476
images\U\U.618004b8-c0d1-11ed-90c6-8cc84b59e01a.jpg,U,0.781176374075471,1.0,0.9921978404562793,0.7662775932185358,0.9940704087686318,0.49805946837267107,0.9829195358371609,0.31426728369092694,1.0,0.14913592425495287,0.4420226639041261,0.4108791628586212,0.38056305605549623,0.2194347168023056,0.41874274057763244,0.09634669413295036,0.4368288942267771,0.0,0.27785992478713195,0.47355296689055554,0.4423773188883542,0.28462226606511637,0.672590672123718,0.43348178666241133,0.6833321161347509,0.5400697295441468,0.133993805292913,0.5521347782145949,0.36014338265822166,0.38988834568832537,0.5781571546765937,0.5533670859143419,0.5322493429628747,0.6442717808113192,0.0,0.6496727740462962,0.22593173216695697,0.49571516303270324,0.43959160152986854,0.5971245508924125,0.4188122709624106,0.6773510510205561
images\U\U.62b6eb7e-c0d1-11ed-8c01-8cc84b59e01a.jpg,U,0.7685742999954402,1.0,0.9863072228809151,0.7778978324428415,0.9982871914947491,0.5094521656707705,0.9831703456764631,0.32197883278083556,1.0,0.15023253136557774,0.45030376694870977,0.4173542259566224,0.38554131693927357,0.22441717414395904,0.42674165453127055,0.09862231437649428,0.44605939119385835,0.0,0.28585278071715065,0.4723506068141005,0.44941965659593414,0.2897249023842779,0.6678041076840446,0.44594545187940654,0.6753593002855468,0.5615687903507165,0.13860591601026195,0.5482326099326695,0.3566551605593352,0.3863311151743003,0.5703740534732703,0.5544860837066242,0.5401192405944313,0.6533934955004782,0.0,0.6462866742044401,0.22657365368542692,0.4984949734563803,0.43420267124078227,0.6019713339019724,0.4223683149559889,0.6847792984269857
images\U\U.63eb6d59-c0d1-11ed-9533-8cc84b59e01a.jpg,U,0.7619468616957161,1.0,0.9785255354384478,0.7721577401573849,0.9838419894428292,0.505137220298406,0.9745030489170695,0.3178455291662686,1.0,0.1478581893866722,0.43665487129998437,0.4145773394932183,0.38108233400251024,0.2242039120023387,0.4268115111624496,0.0987570227513021,0.44123647651763354,0.0,0.2708446206915499,0.47120640733620084,0.4497002316914615,0.28819232156767627,0.6744102584791625,0.45089008826020666,0.664420126590017,0.5597118613022595,0.1300843232176328,0.54771204043275,0.36240395793665153,0.3867782862324572,0.5735401965256428,0.5558678593579632,0.5174674472382779,0.6462868574918925,0.0,0.6459145659035874,0.2393498283661532,0.493819517573912,0.4394385844371947,0.5963588460383044,0.4016365669072519,0.6740895625545007
images\V\V.5bcc3dd0-c0d1-11ed-85bb-683e2670f3d6.jpg,V,0.6176696638340093,1.0,0.41205556583743325,0.9775803091636485,0.2539196445554887,0.8854709656037687,0.28209520247587616,0.831827462538172,0.34735524401466195,0.8074293374050139,0.21935486358518794,0.5592352579125536,0.10472735030871337,0.3263505196127169,0.03995055702072312,0.1591568425537959,0.0,0.010150794214426058,0.4889999974295306,0.5397524441919371,0.5605130271390161,0.30323663092109937,0.6023419546877651,0.1394106715905594,0.6187723952148141,0.0,0.7374638206429258,0.5925635608266459,0.8560151554876951,0.46845808773051156,0.7707231244569883,0.6586620860260871,0.6740323467871703,0.8171839121274531,0.9419375941434425,0.6960227138224084,1.0,0.696787041640035,0.8972416292663367,0.8298676703832588,0.7859653654950467,0.939507137277182
images\V\V.5d029167-c0d1-11ed-9589-683e2670f3d6.jpg,V,0.6156889292908411,0.9980066004190254,0.3926414397688306,1.0,0.2027728711025713,0.9630348711608292,0.24122296303728094,0.9300093004060124,0.35224252791906635,0.9005053636012424,0.15110870591128528,0.6106201999949571,0.05576280135515444,0.3383417570260959,0.012416506291860864,0.1634529691886736,0.0,0.00994902890603286,0.44478326683563874,0.5797584444875314,0.5160312311143676,0.318366896235118,0.5929131732997146,0.14957626492332599,0.6465187266088406,0.0,0.7110057822760419,0.6295603942398346,0.8554657321519479,0.5302480562325328,0.7990360959012625,0.7170436243818447,0.7200671699344617,0.8672916980037312,0.9244247028885707,0.7269903347073821,1.0,0.7614076334046007,0.9144282600169648,0.8939484179600723,0.8126031795255338,0.998868532718214
images\V\V.5e39f333-c0d1-11ed-b01e-683e2670f3d6.jpg,V,0.6490647057024881,1.0,0.4295358881221517,0.9962882055541763,0.2406449292425694,0.9569144135260365,0.2559387980457186,0.9115747196577191,0.35347917626138875,0.8682919132882125,0.20954179547630328,0.5975870145780307,0.10297489185349383,0.3294770076405308,0.03814751173984189,0.1516183052546341,0.0,0.0,0.47576077674456874,0.5629627416813808,0.5236346178518729,0.3244574712697017,0.5784393552094573,0.16472588754753578,0.6164897770304796,0.03539459060630036,0.7244865503668139,0.6054714599608808,0.844605693567194,0.5162602003290092,0.8110510393507332,0.6715128622175405,0.7512493234440316,0.8095905714968527,0.9276081173476673,0.6999705330273718,1.0,0.7550218566048943,0.9217221986327344,0.8775249947214675,0.8238782568072485,0.9839666025508653
images\V\V.5f6e190a-c0d1-11ed-b1e5-683e2670f3d6.jpg,V,0.6452429381202309,0.9925875877320305,0.4417233751945281,1.0,0.2486136907352206,0.9606783950166679,0.297813166539703,0.9047890668192269,0.46940290173884724,0.8571762438383156,0.19879987470569993,0.5913052556883289,0.0882335649992177,0.32769664056279785,0.02882639865050449,0.15126889248408898,0.0,0.0,0.4642486650153616,0.5572536557016836,0.5230697974481395,0.3035942758227698,0.5778677012881859,0.1444257516674957,0.6150858318835423,0.004829753317590658,0.7137554042498657,0.6014562257981825,0.8374185143791384,0.4791075679716338,0.8025494963809917,0.6461644062742089,0.748063895116104,0.7840339163555762,0.9277809626695773,0.6967800512797008,1.0,0.7128005722140076,0.9322514931578052,0.8361808223426029,0.8492057591829866,0.9349083931323001
images\V\V.60a20d9c-c0d1-11ed-928d-683e2670f3d6.jpg,V,0.6386613912529446,0.9289875195708692,0.42108584048681297,0.9185906939722147,0.282060252869743,0.8822304136605726,0.4117499311819827,0.891626126252133,0.5518555493961139,0.8943537565472875,0.24453394662766345,0.5940522782738134,0.12853937088281148,0.33221396862049,0.05395231069971115,0.18457035637419078,0.0,0.05274704222391194,0.5347224635962202,0.5651706766286312,0.5965062012327622,0.3082457465412436,0.6684420235160996,0.1393291186560503,0.7320920296684937,0.0,0.7876903912288424,0.6074007342625629,0.8563856143070437,0.627947709858632,0.7617143487785912,0.8194591022873017,0.6710633239926882,0.9588348434796687,0.9981372833818125,0.6855651117626964,1.0,0.7718267642179663,0.9175213843267441,0.9057262646786817,0.8314218626912475,1.0
images\V\V.61d5fbc7-c0d1-11ed-ac31-683e2670f3d6.jpg,V,0.7162670692333418,0.9698741029502569,0.4525911062353036,0.9625285673499376,0.2113201561508625,0.9294533606298957,0.25439838473247134,0.8951195442394195,0.4285537917217539,0.8728075813360432,0.20255985105866492,0.5769183931110909,0.09729788579566824,0.327459295331936,0.03504981554236587,0.15163213326784322,0.0,0.0,0.49157725081549963,0.523157200144872,0.5502609286329715,0.31325759574657136,0.6078048343423547,0.1570738554229366,0.6407639390274014,0.02513430657395217,0.7622246809627845,0.5523812552178966,0.8263931213607254,0.6047210153310881,0.766244617598123,0.7985162342831653,0.691450458982269,0.9370882343787844,0.9843567840923653,0.636709907271972,1.0,0.7603905771833754,0.9173920472244882,0.9001988607789624,0.814950080273712,1.0
images\V\V.6309ac7a-c0d1-11ed-bc47-683e2670f3d6.jpg,V,0.5335975699897076,0.9194573774357133,0.3394968718359241,0.8626553718542919,0.15132141572087238,0.7634241370087663,0.13234965148096184,0.7067972106969035,0.21379822993051933,0.6628237206896188,0.16998412906500948,0.6260946853324043,0.02148126867066276,0.36820578060719955,0.0,0.19408086902662963,0.011611443808801256,0.039314313918010116,0.4645140955659006,0.598885035385368,0.5502534049989262,0.32947499093810817,0.6395155599316071,0.1396166995710118,0.7169824582934701,0.0,0.7519724308749655,0.6463482335469476,0.794343364470862,0.648545742318507,0.7544852824273326,0.8345478907786893,0.7021349057366876,0.9725943756444501,1.0,0.7221239050947188,0.9963622366582338,0.7826863758415242,0.9638340720244786,0.9046719771112448,0.9068141817542822,1.0
images\V\V.643d725a-c0d1-11ed-a53c-683e2670f3d6.jpg,V,0.6694082688516507,0.8344223073810507,0.46460074423186537,0.8014079380591134,0.28966476761387744,0.7214611588795126,0.3232036849294615,0.681150752595724,0.4427593456529348,0.6715375386312072,0.21118417386861874,0.5463624771818301,0.06723751619429146,0.29199297550220304,0.021631786375978682,0.13612457335291384,0.0,0.0,0.4886562169315041,0.5028158547203414,0.5211306708965396,0.30124606305657237,0.5899881589608252,0.1790910991430361,0.6399918856680008,0.08644167931460006,0.7709705672144805,0.5384482553127204,0.7788506835070413,0.6395115376327819,0.7096716614191253,0.8323766695432557,0.6393623254266838,0.9693496690496065,1.0,0.6135417801200379,0.956974502327805,0.7664358762080978,0.8958029558456357,0.9030774224706469,0.8406025832231603,1.0
images\V\V.6571ce80-c0d1-11ed-8f5d-683e2670f3d6.jpg,V,0.32065401445885244,1.0,0.5869603774132973,0.9717957187913078,0.74111067634691,0.9158855938714139,0.7179727533844684,0.8612957126344537,0.6412246453206937,0.78941658185377,0.7515247408359206,0.5948784610220271,0.903117828882506,0.3430505445603658,0.9659928201255197,0.18377326287036824,1.0,0.04945827714088542,0.44526909151178906,0.5797794454227002,0.3305578670202496,0.32615185372171124,0.25327870112960854,0.1480212138425355,0.2008047884055792,0.0,0.18682641688039409,0.6389088019993179,0.1693404665038864,0.6517779656361877,0.2948997602721586,0.8026050988389244,0.3919401551823418,0.9101843469210643,0.0,0.7395656044933258,0.006255478456104858,0.7957297665695668,0.13164356246166148,0.9071808728491834,0.22431144456955782,0.9885918846237653
images\V\V.66a5b4d1-c0d1-11ed-8557-683e2670f3d6.jpg,V,0.346333203695059,1.0,0.7104659943691645,0.9838706113701142,0.9081568053408644,0.912686953988703,0.7966035547241137,0.833686219264702,0.6115955913685326,0.742089526614761,0.7809806893229413,0.5837342823539511,0.9101248267371868,0.33005945600963854,0.9693856017802881,0.17180706802965207,1.0,0.03631740991123122,0.44134313778494505,0.5791288606343109,0.2501439294891806,0.32658367561617896,0.1379653534445122,0.14910655986883156,0.06192194458186618,0.0,0.17587108103399798,0.647954442540545,0.15776280381427196,0.6275033123531917,0.31747715779419605,0.7629970339296204,0.43664050453898673,0.8652016376751636,0.0,0.7584815162184038,0.02952439030770778,0.7831606744629188,0.21202601369282473,0.8891148340852001,0.3471784684972211,0.9790193504409995
images\V\V.67d9e978-c0d1-11ed-8ddc-683e2670f3d6.jpg,V,0.3668499092926618,1.0,0.7054658305848804,0.9998354580760561,0.8986513835154009,0.9306273403595622,0.7976168759295963,0.8514585316299701,0.6375153463834016,0.7621928321129151,0.793514434646883,0.5945899560145584,0.9205528316618785,0.32336083309124414,0.9743102194696036,0.15466363510637096,1.0,0.013262551439033281,0.4584244043961816,0.5863641719539209,0.28700469559229114,0.3205791035955428,0.17248029265100823,0.14503438978695887,0.0895094715770617,0.0,0.18989002084981751,0.6492538273055092,0.20585548230078426,0.6367872179004818,0.3607813029848926,0.7787882104005717,0.4701333545226272,0.8849817836082128,0.0,0.7511784954464925,0.049089587812276285,0.7615716666679788,0.22255566759519047,0.8802499567651005,0.3406167800555025,0.9818232347367684
images\V\V.690e7017-c0d1-11ed-a4ce-683e2670f3d6.jpg,V,0.25920133501460174,0.9870884921527047,0.6309558385794845,0.9933594031457416,0.8761736456492493,0.9329351147846593,0.7756496711682784,0.8623510849592595,0.5889925046055191,0.7761829629303358,0.7698104823021502,0.5934186241728215,0.9129169225288402,0.33285603459974505,0.9711940599350305,0.16853907123810902,1.0,0.03255094192240212,0.4542119054427158,0.5780410162898562,0.28517280657757194,0.3087790971670402,0.18619816154239188,0.13807766916628963,0.1204738176823809,0.0,0.191930474239562,0.6347317829781047,0.21953733868964193,0.6413830732250432,0.3455827798116542,0.7794780555032909,0.4283782478870863,0.8821356436493086,0.0,0.7300058380831941,0.05973684087169703,0.7675108760714716,0.2207889148787565,0.8942953041493673,0.32689932546137224,1.0
images\V\V.6a43927d-c0d1-11ed-b6e7-683e2670f3d6.jpg,V,0.4320716954919491,1.0,0.7347143623317971,0.9840975549905594,0.8679181781376598,0.8907830649601662,0.6583224453467157,0.7806444136953247,0.4406727936800395,0.6721848461370092,0.7292303307098862,0.6002932526888439,0.8728147618398095,0.3539117651736681,0.9486259423396969,0.19575551066890948,1.0,0.06082342507325637,0.43208886886863573,0.5849911476364202,0.2502328769097239,0.32233459031089684,0.14074253338099768,0.14798430431631301,0.06910586518188679,0.0,0.2017861890915106,0.6290358535241193,0.09916223531039695,0.5709914621963809,0.19992277902345074,0.7102885090438513,0.2912369785832201,0.8036365756992585,0.0489774833344223,0.7099890964328244,0.0,0.6713850660765259,0.13160590219347448,0.7810026485140829,0.2452500315338727,0.8686555641642992
images\V\V.6b77af0a-c0d1-11ed-bff8-683e2670f3d6.jpg,V,0.3571801820508733,1.0,0.7076687994105102,0.9832140471327369,0.9229922021614497,0.8852897855057541,0.7814181677932346,0.7836022815737038,0.5604088860339886,0.6912614113503345,0.7524526946356698,0.5783149165300755,0.8937141801681293,0.33950583192099687,0.9623129633453157,0.190869767131373,1.0,0.06298748419375799,0.4464283648460599,0.5661655413598867,0.2745227796924825,0.30738476271066784,0.1732210745758385,0.13907812089535967,0.09712347228031043,0.0,0.1935524351652342,0.6137876534340067,0.15694598611020424,0.5623499517588452,0.2682408226034377,0.6888577579893259,0.3392852906164957,0.7770648727072245,0.0,0.6953709142095054,0.022403320154909714,0.6392378041606015,0.17255185928322003,0.7255039867988764,0.2772900329666473,0.8024689193933284
images\V\V.6cabb581-c0d1-11ed-bf46-683e2670f3d6.jpg,V,0.4648237292908574,1.0,0.78623201261176,0.9600889166658082,0.9478509998689076,0.8634252375441693,0.7889827118645334,0.7706897795054412,0.549797927246339,0.6765003828865179,0.7859560089800153,0.5761751868932622,0.9090917239620079,0.34676652621771076,0.966177043444615,0.200095235151844,1.0,0.07666979157008655,0.4452121586509211,0.5768251210184667,0.28000848552437513,0.31882714247613686,0.19598685490687026,0.14410795453895084,0.1445441103476712,0.0,0.1808815384195935,0.6485383350102504,0.10163320200440634,0.582700855170456,0.26104191931207493,0.7000729144131306,0.38780097561121357,0.7869253125189584,0.0,0.762051081296709,0.03209466588434514,0.7636769467976607,0.22020290561982983,0.8434361575363398,0.3599457105711632,0.902667614439572
images\V\V.6ddfe3f5-c0d1-11ed-9ca8-683e2670f3d6.jpg,V,0.3058013469082696,1.0,0.6470237193499759,0.9470084336232123,0.7955843106999366,0.8312053933286623,0.5118418013566259,0.7200049114564013,0.24940084290657175,0.6456530176262897,0.8013951497211627,0.5573663688881562,0.9237897859658676,0.33501499196307133,0.9777008228291043,0.19275212429075822,1.0,0.07088253376196953,0.5021619285058216,0.537133229265411,0.35961867735475117,0.29137386830427675,0.27556818625503865,0.1325702544340491,0.2134208759502308,0.0,0.2579185826592111,0.5725963916251082,0.1924702035286019,0.5197555176606355,0.20222625622562007,0.6439853119976919,0.20156493186589083,0.7393821954553572,0.06117831654339934,0.6361578930195496,0.0,0.5734101735839207,0.03302335597731541,0.6729193284699612,0.06816083283486725,0.7691443762106912
images\V\V.6f13fb78-c0d1-11ed-91cc-683e2670f3d6.jpg,V,0.31222026284751847,1.0,0.6568374710343743,0.9535541975483419,0.8005896412699547,0.847762684720552,0.5066216350071565,0.7323400229399851,0.2544364862491296,0.6419251007930319,0.8243814989695178,0.5723601848800118,0.9384406118600636,0.34063833253288595,0.9849091529720122,0.19530945977690742,1.0,0.07379176707447628,0.5023562820748391,0.5595613977967213,0.33877161075943424,0.3067812969559071,0.2415334576220883,0.14174875049088057,0.1635117624467038,0.0,0.24403813502059676,0.6014358714960795,0.1627303855811297,0.5698028276943092,0.18787179380488186,0.6967254849188822,0.19874055452718045,0.786171202695726,0.028792835341211666,0.6697246646177287,0.0,0.60707619199803,0.026254189037967477,0.7040341881785515,0.03591350946103039,0.7912243555879932
images\V\V.7047ecc4-c0d1-11ed-961e-683e2670f3d6.jpg,V,0.30792941272724084,1.0,0.5642014452768123,0.9955616681783165,0.688731412141546,0.923005517034543,0.48803546116329916,0.822485208484859,0.2854259371929891,0.7309802906906154,0.7199130093743649,0.6275490521990587,0.8635754595140032,0.39142942497962957,0.9462368454031718,0.24774790686989293,1.0,0.11908237045098477,0.45566867590748616,0.6018592708194187,0.33865323291241656,0.3246176991933007,0.27536360808830357,0.15011840932171333,0.2313532149259992,0.0,0.235632456327745,0.6317520392066681,0.16782561097002632,0.5959524902920265,0.18426694960101972,0.7402810896698833,0.21226082772583504,0.8362451600496797,0.05872484093059256,0.6908226517745958,0.0,0.6208545917621361,0.0362475008944509,0.7395769267569976,0.09129632719955379,0.8447194448856835
images\V\V.717ba348-c0d1-11ed-a448-683e2670f3d6.jpg,V,0.32921455704218683,1.0,0.6277952386882215,0.967052138987261,0.762491232588906,0.8562898495183289,0.5654211177797244,0.7350492973945739,0.34320409894429194,0.6445987000905548,0.7536798292248456,0.5765784062797609,0.8888682527299155,0.355441919320137,0.9631671170552709,0.2136940837386812,1.0,0.09109520969108496,0.46755428167186236,0.5628095298435667,0.3314159444306673,0.30912651930945234,0.262101155967853,0.14345583764951364,0.20365618337964939,0.0,0.23192352298613853,0.6027505522253035,0.18796726265549404,0.5605381542098267,0.2358140006818802,0.6929995977795311,0.26088622428181735,0.7839310052818479,0.04224765732292136,0.668184449211829,0.0,0.5742390372846454,0.0661737758529977,0.6709315576175303,0.12464393756361584,0.7657218091355704
images\V\V.72af6212-c0d1-11ed-9101-683e2670f3d6.jpg,V,0.2893226488173607,1.0,0.5824769027144292,0.986853371629144,0.7538617943162875,0.9059936583838446,0.5577237443888792,0.8014062789924542,0.33164383554113314,0.7096304235217714,0.763519601381137,0.5993515837611331,0.8944186652491011,0.36390627899245426,0.9638506110136565,0.21475580622216725,1.0,0.08464081248453736,0.4735931678321819,0.5781967563242206,0.3343554611733434,0.3165193205714993,0.2394514959293548,0.14578034156976744,0.16556565283972144,0.0,0.23006177295018748,0.6166767495979713,0.1921387777674551,0.572215371412667,0.22862478361326405,0.7113569241712023,0.25979858327730687,0.807351664940005,0.030439912607886435,0.6841194798367145,0.0,0.6250633001917367,0.05737017757867847,0.7389927731475755,0.11560251211096885,0.8368372324962889
images\V\V.73e3a97b-c0d1-11ed-b2f6-683e2670f3d6.jpg,V,0.3326127083272102,1.0,0.653166377654674,0.9686043069218548,0.8196788320214402,0.8627864143711709,0.5848574044219379,0.7588505684784304,0.3250051434337673,0.6862844267870742,0.7778642576165455,0.5731799311633751,0.8949204645527608,0.3490416884182266,0.9625855560768536,0.21021543648883495,1.0,0.08568238880715576,0.4792635255979718,0.5536973132021235,0.3312347760710407,0.30304996418054814,0.24840916405685026,0.14056728068212893,0.18748278718593758,0.0,0.23832440534830027,0.5975692490570558,0.16451876146840588,0.5661220302058545,0.20312191008443214,0.695170814717388,0.22719118442666225,0.7847370716637627,0.050831276866957605,0.6732610616569152,0.0,0.5999161576236675,0.07339217348992595,0.7022138003195502,0.1460744261216042,0.8004623760161086
images\V\V.75172501-c0d1-11ed-9099-683e2670f3d6.jpg,V,0.31662758854356204,0.9956179054421816,0.6224574524667482,1.0,0.7747930178703983,0.939323379689141,0.5382091376203112,0.8384927427027498,0.2950477769873132,0.7434724728132825,0.797370745367336,0.614563799132897,0.9183815189597272,0.3534372343702592,0.9754175599613498,0.1920565915035026,1.0,0.04649194389951344,0.4798587588891066,0.5859378719459737,0.3142315477736088,0.3248967461892788,0.21794569090089472,0.15357172360069823,0.13558664001181514,0.0,0.2283138618420227,0.6196319792022931,0.17326805404460988,0.634942288782296,0.22196727862782215,0.7794044643939376,0.25542535949781797,0.8778538751092757,0.035876902464286715,0.6836600217251834,0.0,0.6794328497022374,0.042477356729368636,0.8046794840616365,0.07573523662615991,0.9104398487523717
images\V\V.764b7c5e-c0d1-11ed-8671-683e2670f3d6.jpg,V,0.3428902340131394,1.0,0.6522659939573494,0.9866080755751943,0.8020234268622596,0.912977845497486,0.5638731630048986,0.8144592412006704,0.32526662509545134,0.7235634923053481,0.7934236734508493,0.5993442023464879,0.917192788561166,0.35305073899131495,0.9732622648490141,0.20010678043577632,1.0,0.06353460307786074,0.48065169030516997,0.5732510132561328,0.3274018968207483,0.31870376352277924,0.2406873065542793,0.14983123571537407,0.17332925821875228,0.0,0.24185912278427474,0.6078724973335365,0.1443317269433518,0.6009039768398599,0.16855929244403736,0.743507786073442,0.1997047749808151,0.847070668901417,0.06932072697268506,0.6738423282035655,0.0,0.648902270303215,0.05050467392302008,0.7686479963431357,0.11445041307846834,0.8748482096602164
images\V\V.777fee1a-c0d1-11ed-a853-683e2670f3d6.jpg,V,0.3103542995288308,1.0,0.6677088065050615,0.9667397576405256,0.8774388918412046,0.8691398756743388,0.6183000315946593,0.7624026876909165,0.35286802715994575,0.6773660969845994,0.8400418180338647,0.5735712336529111,0.9368888085757151,0.3448791509996437,0.9843528118673666,0.20325897995375963,1.0,0.0783608637187064,0.5128441649783708,0.5589710518933956,0.3701188257178234,0.30792743700920616,0.2736273228473703,0.1421067466055749,0.19582671609237864,0.0,0.2540407353341756,0.6049147719182669,0.19022200692179003,0.5732434117781332,0.22701966089417852,0.7040506182088234,0.2544747321044144,0.8009390235616928,0.048621582705228705,0.6797909025617866,0.0,0.6203739725575869,0.076503009897495,0.7225090975054819,0.1577519043709511,0.8198302636095969
images\V\V.78b384ff-c0d1-11ed-9de6-683e2670f3d6.jpg,V,0.3310376522677596,1.0,0.6298514889099868,0.9662369057586969,0.7798787095498709,0.8721950386282155,0.5294857069510006,0.7649268649359874,0.2996955566915931,0.6764103289693232,0.8005748792591265,0.5751352418062524,0.9185256371953446,0.34279510127485446,0.9744339914236542,0.19737856861273068,1.0,0.06603216388286288,0.49703228633457486,0.5652621128858923,0.3299515929975826,0.3087688073727554,0.22088811579320872,0.14133821784740377,0.13582822669702985,0.0,0.24809012908779873,0.612763019307359,0.1895454669520039,0.5711590884867486,0.24361771893988518,0.6976850530983789,0.28294158480188314,0.7900371830608328,0.0399523749455034,0.6857796318369661,0.0,0.6094652276246545,0.05991104235870902,0.7060974355370274,0.12361711403677664,0.8004481142942782
images\V\V.79e7cacc-c0d1-11ed-988a-683e2670f3d6.jpg,V,0.29975650199985626,1.0,0.664524065489381,0.9446279692014593,0.8440590621361168,0.8339862588627857,0.546311912038349,0.7351049004244051,0.25475685017332333,0.6614553707914722,0.836532371009178,0.568760173693718,0.9341950285297436,0.3460735364945271,0.9790477772196244,0.2059973991241809,1.0,0.08373294484015041,0.5101136013685638,0.5544641174436886,0.3514677094244786,0.305214871402802,0.2486470574873494,0.14121289873721196,0.16724112185587256,0.0,0.24552075765525463,0.5950693616743042,0.19991412962405086,0.5466873448972449,0.24154953205113644,0.6737941461917853,0.2570655940193108,0.7688062424438489,0.01972728521886333,0.6617709716446416,0.0,0.5955522715782735,0.0662994895069454,0.696184926287863,0.11578015247391213,0.7902470148261888
images\V\V.7b1b8e3b-c0d1-11ed-a9c4-683e2670f3d6.jpg,V,0.38817406109006625,1.0,0.7021370711814786,0.9687854216370207,0.8835498962005691,0.8805695648234833,0.8016484447820109,0.7954899384934416,0.6360270482183912,0.7139031498203122,0.7599837249586218,0.560464419814977,0.9032480849030574,0.31267150867232407,0.9627444112524245,0.15277509336715692,1.0,0.018679219641832515,0.4487329375528845,0.5632216450739387,0.33005251872635866,0.3167698486999064,0.2546244206791249,0.14403683346923163,0.2064878822221775,0.0,0.19211676830609628,0.638514833046437,0.22105919415353584,0.6104213853572111,0.3873794079800225,0.7429189442213028,0.5035512126645196,0.8450437391155539,0.0,0.7571729129546301,0.05130611299694383,0.7542571396933732,0.22105254362321575,0.8478978548203626,0.3284551977646033,0.9266745689004319
images\V\V.7c4fbb5f-c0d1-11ed-b027-683e2670f3d6.jpg,V,0.34361379171157874,1.0,0.7327478945271997,0.9721084387731938,0.9754203998146557,0.8921151295745368,0.8770255278045,0.8105521105893879,0.6782077184343651,0.7273909459120399,0.7840715471497601,0.5826259005699129,0.8994698451910116,0.33653129741806753,0.9647546287290337,0.18369356129849337,1.0,0.05421580223902888,0.455043270321402,0.572334253318518,0.2697652115248509,0.31734040646618156,0.16866506983620366,0.1438314395975961,0.0895135619232997,0.0,0.18981410583505345,0.6290806122083229,0.1817073629809289,0.6083042402953511,0.33280532681514313,0.7403842431628374,0.44129007030429457,0.8413515418712738,0.0,0.7225998542361136,0.044336977346963354,0.7326169396752572,0.21811754146447604,0.8341684887152466,0.34106777147940964,0.9222612518967227
images\V\V.7d83e574-c0d1-11ed-9167-683e2670f3d6.jpg,V,0.39006986235248026,1.0,0.7277993144729883,0.9806962540458377,0.9379467461871542,0.8806472306727054,0.8235476795978123,0.7935916327179221,0.6100998520634273,0.7115574657523467,0.7394777527873869,0.5891890660260507,0.8702748460693973,0.35554630054404907,0.9472503004466787,0.2072105465788991,1.0,0.07985759497015964,0.4395608960846642,0.5797811354207847,0.29327060917042813,0.31845907346999275,0.2241741139500965,0.142928619196914,0.17884806945660275,0.0,0.18683731503969658,0.6368122075950758,0.1490858242634236,0.5867346087866704,0.29138642519403984,0.7067023430917329,0.39250622363814425,0.8007450049363977,0.0,0.7339982847691873,0.01853985615445763,0.7177193302660252,0.1889860374031198,0.8080686787625438,0.3025618679837946,0.8909362665612441
images\V\V.7eb7e977-c0d1-11ed-89c6-683e2670f3d6.jpg,V,0.35340134814500873,1.0,0.6920589876534209,0.9845749171356956,0.8821945432454746,0.8854570714525054,0.68355767031377,0.7737579832983772,0.4634736185559618,0.6743363285038189,0.7286268301447051,0.5981265268931383,0.870720849378625,0.3517245352446882,0.952941911670744,0.19417193675354114,1.0,0.06050232891595542,0.4292037596156581,0.5819623557368343,0.2328913091636125,0.3166372910666088,0.12250357426274447,0.14375390378705197,0.04183700079997789,0.0,0.18692522870674783,0.623447071356488,0.10845528956836045,0.5704739889914744,0.20877660266977097,0.7020447534948511,0.2834159015734768,0.7959466349694135,0.011695820926732521,0.6989475747095902,0.0,0.6583275086840412,0.15431541401559656,0.7683942999108022,0.27114523424289927,0.8648445834208365
images\W\W.73dada2d-c0d1-11ed-98a8-8cc84b59e01a.jpg,W,0.0,1.0,0.12366039038913869,0.8559531827171425,0.33240448085753993,0.7035378338139445,0.5335256102011791,0.6114718068985794,0.6875402624169209,0.5518818619566203,0.2854122041252436,0.4935602518892549,0.4818753467100289,0.28731716405791946,0.6297870552326655,0.12869069209717976,0.7407393475938112,0.0,0.32670479672160146,0.5153238612763005,0.5921310844327239,0.3350848433982486,0.8028142095113002,0.20661593896950356,0.975259178983874,0.11119596115681712,0.3781441114107883,0.5962690955336494,0.6365272506881675,0.42542357598642094,0.8324609033081856,0.30384440505351107,1.0,0.21638186110194713,0.43173883148935277,0.7210054288835064,0.6431379964370832,0.617750235462438,0.7863896849594012,0.5290482018532732,0.9178733107575756,0.45932503901582683
images\W\W.75107923-c0d1-11ed-a9d3-8cc84b59e01a.jpg,W,0.0,1.0,0.11435046264237617,0.8179641911839152,0.3341707773018845,0.5922609759115723,0.5384565241551469,0.47190722684970166,0.7176104029704861,0.405203704626283,0.30707923338434223,0.28368514854985705,0.5484025515859785,0.13707824359701662,0.740423716014237,0.05389225213700625,0.8810897244093366,0.0,0.33669504216072654,0.32248730010012067,0.5922684437149314,0.19373048409880933,0.7901225069033024,0.13202753238655265,0.9530240596832887,0.09957942881386712,0.3890406333085413,0.43582777955448704,0.6351127325679146,0.26456225723142984,0.8330163086068295,0.1851496748086377,1.0,0.13450821134304755,0.4521705863746335,0.6034034606724961,0.6584799483641524,0.4373011447185934,0.8161523741946147,0.320818514774632,0.9637231098914565,0.23278012499819203
images\W\W.7644d00c-c0d1-11ed-b698-8cc84b59e01a.jpg,W,0.0,1.0,0.10429529832325163,0.8234151204186279,0.3166969215043166,0.6256029479647917,0.5136888214275895,0.5269644879134232,0.667065269640166,0.4642547432958657,0.29759846845818627,0.41136628751862536,0.5375623459315089,0.24019179656728332,0.7238322868408534,0.10213351324124889,0.8679881602087376,0.0,0.3232989463985358,0.43732063456993725,0.5802305810178455,0.2575058292531849,0.7905926476995632,0.11503322641437475,0.968666707210093,0.009312338816053362,0.3685732351738105,0.5335284965984516,0.6198387315794691,0.33080331251504164,0.824915046248664,0.17696310704126442,1.0,0.06519452543369249,0.4237753871966637,0.6840803851712742,0.6263604471662227,0.5469074381665174,0.7799708253947361,0.4348918777099616,0.9263540324186348,0.3521742160920266
images\W\W.777ebffb-c0d1-11ed-99a7-8cc84b59e01a.jpg,W,0.0,1.0,0.1514242529170015,0.9223432789810827,0.3727687162271563,0.7598007103006202,0.5675969917897349,0.652227250601073,0.7297174242003952,0.5728273995687166,0.3163714694112014,0.4681246351299271,0.5532195929841355,0.30290516009655977,0.7503661306258073,0.17440953198887327,0.8984862079058477,0.08378835728853665,0.34149061295162414,0.48498305741657316,0.585377522805664,0.2986679983691657,0.8042489413472738,0.1327977903698797,0.995467128069806,0.0,0.38847689833577304,0.5739178563017655,0.6316902426209962,0.3857408229795323,0.8306388681594095,0.24995228039096368,1.0,0.1556093399947563,0.4420155349646269,0.7104294085703206,0.6439612055449768,0.602188965771155,0.8013032006799308,0.4987306705265989,0.9501109304926594,0.4200312730184963
images\W\W.78b631f1-c0d1-11ed-9e46-8cc84b59e01a.jpg,W,0.0,1.0,0.15956443546250385,0.8701365805963015,0.39321740597310223,0.6716167493468881,0.5990177957491067,0.550442391928257,0.7708797069772214,0.47318503637129494,0.3156688501496152,0.3556456259507498,0.5571400562711876,0.20360722929957156,0.7215252094808629,0.09714589548899913,0.8330118714666426,0.0,0.34503015113083263,0.39031975748105047,0.6207725623312977,0.279620834979299,0.8180639412137201,0.22256629877060002,0.9840451390925372,0.17802455744438456,0.397999768003773,0.4917051513451814,0.6644906314300519,0.3736814996366144,0.8467205024524385,0.30758215460364785,1.0,0.25548052013243383,0.4598686558760492,0.6342657865388015,0.6803814420148147,0.5028849868286369,0.8344481627146314,0.4082811534927574,0.974497917154259,0.3356051297384715
images\W\W.79f1b471-c0d1-11ed-9357-8cc84b59e01a.jpg,W,0.0,1.0,0.14715859600382913,0.8751480806961752,0.3887042551252253,0.7025636325234226,0.5942851375487815,0.5960812912875814,0.7692238417767266,0.5205687042623596,0.3278203529686977,0.39796306849504315,0.555199717036501,0.2596451376795134,0.6907942457082088,0.14999887088054048,0.7561382295537762,0.04607976365537149,0.3662106864021144,0.4242011479823964,0.6089105959646898,0.2600579968889438,0.783731881937394,0.11863246364567434,0.9078817547433442,0.0,0.4258004509368364,0.5176837376245186,0.681145654265209,0.3657111659287539,0.8619893370452965,0.2718789477669338,0.9975555983592611,0.1989479263389032,0.4926657984722218,0.6554315295317874,0.7058835787127227,0.5385573041409459,0.8621661892322023,0.4335449436038039,1.0,0.3496561499151832
images\W\W.7b26eff7-c0d1-11ed-9d02-8cc84b59e01a.jpg,W,0.0,1.0,0.10912251403674633,0.7798466343763745,0.3135222018305973,0.6077925929698845,0.5034661928610265,0.5151837591396754,0.6695844890638863,0.4763009098689129,0.2980991236363227,0.4228322501813212,0.5580626802149704,0.22027247785812326,0.7393703358395298,0.0994751633747653,0.8734766057859833,0.0,0.3379784107050825,0.46616814615203817,0.6371373500032144,0.2827138170722584,0.845520426512244,0.18754950850949476,1.0,0.11391931247038774,0.3801389528018831,0.5720965928595266,0.6673479075541466,0.4432333374186973,0.8273292245803141,0.39373437812536977,0.9387177392729984,0.356422006423041,0.43541771010809177,0.7146980783403023,0.6691802482031621,0.5662959066244972,0.8367960152674473,0.46000481754605455,0.9744532851198322,0.37308869961804497
images\W\W.7c5ba615-c0d1-11ed-9671-8cc84b59e01a.jpg,W,0.0,1.0,0.10967418569171088,0.845807911719452,0.3108771083752658,0.6610105986704115,0.49589092409090774,0.5553831430926167,0.6456129921311589,0.47742285632440107,0.31432623489648576,0.4464302066635069,0.5437411724502599,0.2631027601759412,0.6678121628849115,0.11439935892081873,0.737434169353477,0.0012327155667321767,0.34846465087641076,0.4746857246170447,0.6063880876481537,0.2860765531461417,0.786919504878722,0.1233513896813489,0.9261185270111648,0.0,0.39671375030204503,0.5705074729397969,0.6524879914992655,0.35352001510789366,0.840403461359976,0.1973840937091925,1.0,0.08008189927422403,0.45011126377653826,0.7213361764618078,0.667406740128057,0.6104165974836502,0.8198421581027429,0.5146297341728545,0.9620601137812396,0.43933613822246775
images\W\W.7d90dffa-c0d1-11ed-a4d7-8cc84b59e01a.jpg,W,0.0,1.0,0.12144707922290855,0.8915789183820307,0.3233285146288964,0.7365921048219046,0.5302820405618706,0.6517345764457712,0.7072490702259548,0.6009515830134989,0.3164838136528794,0.5125674010703468,0.5405568465139972,0.29708682329352637,0.6930061507289,0.1456877356157657,0.798281518062278,0.03242749093934946,0.3485854284649565,0.5291668018527814,0.5573109095381077,0.30159036126183036,0.7352526019038033,0.13296042868403066,0.8876669563131799,0.0,0.3890817681281365,0.6190388035497193,0.6290930044906131,0.4292756687077725,0.8306978995603751,0.3045460977380614,1.0,0.21004950401918543,0.435189299068544,0.765742956985187,0.6275630767537048,0.6851318630355177,0.7725706936269466,0.6126818298683429,0.9027622141925044,0.5508090309595742
images\W\W.7ecbd0b1-c0d1-11ed-a005-8cc84b59e01a.jpg,W,0.0,1.0,0.1127975516455279,0.8711237641558419,0.3197041689174244,0.7038893221803413,0.5320853046740271,0.6164373842463636,0.7067460167095082,0.5644360156993989,0.32069641162386775,0.5057569368092885,0.550159366868082,0.30208808523251635,0.6848977311480495,0.15697270474072236,0.7697855927416477,0.03708688696558872,0.3499329839628552,0.5330077866328069,0.572607315983479,0.3046457019006195,0.7463458415249167,0.13886047968517112,0.8875157185872791,0.0,0.3875234291766941,0.6286675902431641,0.6419144996973043,0.4363273539112904,0.840060345275788,0.3147400496544997,1.0,0.21597920481324906,0.4331723215395095,0.7734781484463523,0.6400282692238213,0.6945557162588004,0.7892052629399111,0.6288328775013822,0.9207769982983831,0.570961840453912
images\W\W.80006b5f-c0d1-11ed-a342-8cc84b59e01a.jpg,W,0.0,1.0,0.09465014959892386,0.828736095376829,0.2820905272514786,0.6595709754161144,0.4583677363092078,0.5750725905434719,0.6050602057764246,0.5289217000910825,0.27749360730157385,0.5065982378039078,0.4775738088836786,0.2906661550908182,0.5990089213455851,0.130325159212602,0.6708755437944766,0.005933366313569335,0.32995513169572893,0.5408309397493595,0.5517750570805078,0.30701010856351685,0.7426611913051113,0.13527443182501422,0.8982750063574425,0.0,0.39053189161550006,0.6397436826022357,0.6419920562675739,0.4467315588698611,0.8412813874555264,0.3313669170573165,1.0,0.24293383528916945,0.456546710029201,0.7854773609509718,0.6375288814404076,0.7077473818325508,0.7756252698216868,0.6430639851068786,0.9023378556471604,0.5900764539292297
images\W\W.8135577e-c0d1-11ed-b30f-8cc84b59e01a.jpg,W,0.0,1.0,0.09526086940731474,0.8412747117871389,0.286526438313628,0.6834521346770305,0.4695100027782973,0.607124969775298,0.6221824342605825,0.5648024683153211,0.28538175257900444,0.4998807980169767,0.49189754075290043,0.29008502509180534,0.6149184578815574,0.14649230843194952,0.6844789421405963,0.03176146028792299,0.3331005979694823,0.537168535766958,0.5605578022033896,0.3025974154521403,0.7553309714779634,0.1337845003485562,0.9162288881181485,0.0,0.39070827514949236,0.6416002194560826,0.6402163984913664,0.4433835829316335,0.8365948062183015,0.3194859184703685,1.0,0.22625978679389086,0.45326513491084935,0.7936459545561882,0.6404760694174837,0.7144607701041992,0.7829191914973207,0.6487967387016175,0.9182041122432117,0.5957678346952714
images\W\W.826bb90f-c0d1-11ed-8a33-8cc84b59e01a.jpg,W,0.0,1.0,0.07269508778314963,0.7559057743714842,0.24305579463874394,0.5747371697070168,0.38848900517895174,0.5043343828346867,0.512836717931567,0.483019621676066,0.27524636497920385,0.4553682958619614,0.4722694923840392,0.28365272238863937,0.6226009026688242,0.13360007296709647,0.7330343837145822,0.0174313555174665,0.34952063137634864,0.4899789565770586,0.5789380279981442,0.2822868777242112,0.7557408655193952,0.12642955193560587,0.9006072439746938,0.0,0.428677932812979,0.5850973859014624,0.6829408543712877,0.39160087259755344,0.8625483426206906,0.26161973223821666,1.0,0.1568106055974786,0.5160188468594306,0.7350441153442415,0.733730320721217,0.6261436660669983,0.8718902108139922,0.5297888498299886,0.9813363466012207,0.44467495479603375
images\W\W.83a21184-c0d1-11ed-a294-8cc84b59e01a.jpg,W,0.0,1.0,0.0651531044296979,0.7500014905528759,0.23139705599882412,0.5659056234916433,0.3821192766435781,0.48447837605257876,0.5071867134116909,0.44681607968694415,0.2861653157042904,0.4551717878751142,0.49722611485713425,0.28025342048761614,0.6477103233791375,0.13542964689796072,0.7542879762956628,0.01901680482435656,0.3486063346300122,0.48653235791553134,0.5962884306065217,0.2758122353854603,0.7772649150087939,0.12288117908694693,0.9171308599002186,0.0,0.416147494024643,0.5843258759316784,0.6852540215697442,0.3780048717892663,0.8648667382651672,0.2430227219880398,1.0,0.1338099127728457,0.4955834136450262,0.7410896405250191,0.7261950296387728,0.614279695291244,0.8695296880454444,0.5129240871357337,0.9858900567721548,0.423635332595344
images\W\W.84d78f58-c0d1-11ed-85cd-8cc84b59e01a.jpg,W,0.0,1.0,0.04557657934133961,0.7578023330902536,0.19425163090330969,0.5773816411580006,0.3264743921969623,0.5045907454833152,0.43939882074941117,0.4797796469315116,0.2541131786835027,0.47343944006376854,0.4693588827723382,0.2964677880910392,0.6270313336330061,0.1523142739149895,0.7369513940090063,0.04453686526245993,0.3242374579938138,0.5046762588707414,0.5796278539481464,0.2807838862916271,0.7675409386549447,0.12306055128309105,0.913734988240178,0.0,0.40156704244614483,0.5957381756533205,0.675805413041199,0.3895396088169732,0.8617298759753691,0.25640849880909033,1.0,0.15164611574101253,0.49108006569031065,0.7416576091474892,0.7257968600574811,0.6251429040685709,0.8711292442855245,0.5264126082024305,0.9852069461263897,0.4398754354989825
images\W\W.860fdc23-c0d1-11ed-8be8-8cc84b59e01a.jpg,W,0.0,1.0,0.058103914513819174,0.761067320440358,0.2060780657940957,0.5773528204054685,0.33296751034593136,0.48913463551311576,0.4449687907263873,0.45202036467475026,0.24709721538036236,0.48402669307525914,0.4588596715491564,0.3026390476803916,0.6110860993500407,0.16278622727492312,0.7169398907103826,0.05593643151210662,0.31282853918151265,0.5110995260409118,0.5680432835107367,0.27873142139418045,0.7609321834851707,0.11854378351395307,0.9107774362044202,0.0,0.38392291111956384,0.6016626812235981,0.660364118584847,0.3864299689215955,0.8550168673496749,0.25476340960693067,1.0,0.15771652898772429,0.46724283787182475,0.7459927510560753,0.70327848067062,0.6231837383187603,0.8540050342231562,0.5235567194301756,0.9726468332408383,0.43784721663097215
images\W\W.874894df-c0d1-11ed-b243-8cc84b59e01a.jpg,W,0.0,1.0,0.03789894889600693,0.7507322793549963,0.18713717177190536,0.5721073118673407,0.32572442301566,0.5022568806772051,0.44380381150136505,0.48025328189997846,0.2249599876145558,0.45040308435205345,0.4325033696319286,0.2898922600176675,0.5883600642579984,0.14598686862057983,0.6937992392649205,0.035714960626133635,0.292453428050224,0.4751945844484309,0.5336837722184108,0.2700821492884392,0.717229505428627,0.11802573706386645,0.8626785139338374,0.0,0.3761530010671387,0.5620270248447568,0.6475490473373209,0.36367440858456457,0.8364538669849226,0.2362833983809282,0.979453007404471,0.1392115881039007,0.4803272615451097,0.7058341490767869,0.721449573335908,0.5880977160443137,0.8746241727973623,0.4887602635071826,1.0,0.40484938151814526
images\W\W.887bfdc3-c0d1-11ed-bf1b-8cc84b59e01a.jpg,W,0.0,1.0,0.07447178863170409,0.7524926226911426,0.2460644322215298,0.5691114448522904,0.38080687658003615,0.4874832495690435,0.498690402001427,0.45450435713455906,0.2730565196222118,0.46796553901196,0.49207221098732196,0.3011026079381429,0.6447914537030422,0.14648346929457104,0.7521160886782584,0.016078148506626876,0.3327446300324074,0.4966845391863813,0.5794531874137369,0.29151882115798267,0.7615825527061878,0.13101692792646735,0.905030334230757,0.0,0.40063558608821026,0.5847634099719146,0.6697743960864778,0.39310256004509714,0.8593972072309515,0.26460810706296223,1.0,0.16051095407801194,0.4813310442052957,0.7291256703812902,0.7152465944294053,0.6200398741966184,0.8599686681757833,0.530987286014357,0.9685441950323951,0.45129066904319726
images\W\W.89b4fba0-c0d1-11ed-ae44-8cc84b59e01a.jpg,W,0.0,1.0,0.026600908800798604,0.7723465042182106,0.1650806846316212,0.5865229899219839,0.2987845980227955,0.49415507305809964,0.42642182976784226,0.45994226520869735,0.2267727369877878,0.4601998492931626,0.4309004918349994,0.28407370934410286,0.5724011724449305,0.1422167915686003,0.6759938401534145,0.035962581804644636,0.30801551512412645,0.4869554274144478,0.5497144557839619,0.266277159854947,0.7244488830113943,0.11475665433300755,0.8627440152065416,0.0,0.3974804153385745,0.5717560756212318,0.6727950367116233,0.36147230227166843,0.8516805732552547,0.22761846930580315,0.9886928958993515,0.12454949907489807,0.4979902088285795,0.7101717196232887,0.7366387354524633,0.5848221910393595,0.8831370194891779,0.48309848546137774,1.0,0.39310121008725313
images\W\W.8ae9e8a0-c0d1-11ed-8b23-8cc84b59e01a.jpg,W,0.0,1.0,0.02450391384554021,0.7465810177233074,0.16606130860381246,0.5544255045312251,0.30750860048860745,0.45881345045650945,0.4376967309833641,0.41435912075363973,0.2085049276229413,0.45330636693971754,0.40127511591962906,0.2736994198677163,0.5442364261853717,0.1275522917402517,0.6508870552259394,0.024992802779215877,0.2955668012830101,0.4834430657499383,0.5440461351813997,0.264367829995597,0.7276823552874309,0.11024297575443809,0.8737801432583803,0.0,0.3908751724252547,0.5700924631187796,0.665212477771684,0.3576187118063452,0.8459261936813415,0.21218979373611965,0.9835003573149856,0.10266714486856303,0.4983289292183942,0.711112932256613,0.7428416512938126,0.5819823928158431,0.8874100480297817,0.47739165461081784,1.0,0.38342528438094226
images\W\W.8c242765-c0d1-11ed-a926-8cc84b59e01a.jpg,W,0.0,1.0,0.016819247980693692,0.7556166064935609,0.15693578815176365,0.5693655371767714,0.31062092779159955,0.47311373129593404,0.4364475567073152,0.43488605720932694,0.2060626428225379,0.4629088045076497,0.4107909451212015,0.2909409651556305,0.5594885933945615,0.14108380051156055,0.6677349731384699,0.029796307949787725,0.29929089701936884,0.4897402129434169,0.5495610653844113,0.27745573051413697,0.735027495697798,0.1202405660968432,0.8849291997106125,0.0,0.39713261308568293,0.573356430677862,0.6674981309310315,0.3795114165899285,0.8547889796328644,0.2485109028288644,1.0,0.14922451419627872,0.5026796819153071,0.7088377600017605,0.7308225758509819,0.5972828427337956,0.8734516278911251,0.500355904080412,0.9912156994028039,0.4174628027515099
images\W\W.8d596961-c0d1-11ed-bfc1-8cc84b59e01a.jpg,W,0.0,1.0,0.04873712037271308,0.7680479761527538,0.20278269745853655,0.5751508475798164,0.3393137263455448,0.48336175085462135,0.4664213612053848,0.4457339348794477,0.22514373707674992,0.4531597098227384,0.460514399881346,0.269353505582073,0.6402023224770762,0.12828356494870596,0.7744941938073094,0.02917666309561532,0.2816143047836746,0.477058593743451,0.546941606539928,0.2508108633729167,0.763127404706026,0.09935100752267953,0.9361179211125555,0.0,0.34840776834556225,0.5673253831335724,0.6251149460386148,0.34558220711091886,0.8367521964072274,0.21745456130556295,1.0,0.13299064652794892,0.4344397525715632,0.7167690200398013,0.6692315410185048,0.5892372200790326,0.8209594395344576,0.4911778266212657,0.9422451775011124,0.4136192856891375
images\W\W.8e952ba8-c0d1-11ed-90f1-8cc84b59e01a.jpg,W,0.6805813923131657,1.0,0.4737951862440628,0.8849451768672381,0.32610416380834517,0.7077192050000028,0.268220445603758,0.5827874361669093,0.23931024790881958,0.46989764320509414,0.29702510527417947,0.4823416879084902,0.17100603844139223,0.3319211658102017,0.0633694736263254,0.23814069137471955,0.0,0.17095100040809555,0.4010306065825732,0.4786206140489336,0.472531507266293,0.24615652617120842,0.5715039557317979,0.09998857791611829,0.697531354513889,0.0,0.503090319996845,0.5294658195574775,0.661355141562596,0.3214636453437215,0.8301920958685196,0.21248720755303951,1.0,0.1308546072037189,0.5987033265029864,0.6208766420680515,0.7260199555740463,0.5033663578877525,0.8451201717048112,0.4355312330857018,0.9544320137932644,0.3807198667920991
images\W\W.8fca8da8-c0d1-11ed-a3d5-8cc84b59e01a.jpg,W,0.0,1.0,0.05057432180487441,0.7672751105070845,0.20779769028349426,0.5673049694202954,0.35107007276459284,0.48188005688259933,0.4864241121050594,0.4535099803074989,0.20799211983252425,0.44472693989626766,0.44124321272190714,0.26954517547419,0.640973408429897,0.143747725055566,0.7960633787061469,0.07092176725045636,0.27392193697996753,0.47232794400495,0.5301787508922452,0.24614701885117832,0.7514875192210033,0.09604571427006085,0.9323873462763634,0.0,0.349165728551491,0.5591725245950813,0.6130297095453368,0.32229409591354063,0.8283941717301211,0.18757252856713855,1.0,0.10520233351515768,0.4391635267922143,0.7024264818427333,0.6582834090336053,0.5663174338044673,0.8112621762614838,0.4666705017564369,0.9392163512587316,0.3953196838379387
images\W\W.90ffda11-c0d1-11ed-93b4-8cc84b59e01a.jpg,W,0.7142974792286256,1.0,0.5419679043533672,0.8227766929238102,0.45568035708954724,0.5860295914782245,0.4685904701315306,0.4000434719513623,0.49796995910064656,0.26815860961042004,0.35485722285875465,0.44161105906075127,0.19351426639036698,0.27754199530528384,0.07904600430920447,0.19312080237892776,0.0,0.128405515018509,0.4360006958963732,0.4691288679216461,0.40943567539522485,0.2388837828617401,0.4200691984529688,0.09802002128407106,0.44925412467868836,0.0,0.5522817886183884,0.5462209317127567,0.6607983866733785,0.33064778935898287,0.7401022638250212,0.22832449042980585,0.8195409966347852,0.15345280588214327,0.677040258016963,0.651150956510227,0.814704722727502,0.5232091210900703,0.915151599377811,0.4434753247348402,1.0,0.3805937517503348
images\W\W.92353f8e-c0d1-11ed-aa58-8cc84b59e01a.jpg,W,0.36581131592217003,1.0,0.1515795708305653,0.8574540768154507,0.06718718734742554,0.6486526436966223,0.08780364818031199,0.4924480665597821,0.11740449339277567,0.3697009525863296,0.0,0.4375402136816263,0.11280224749677843,0.24308500648378126,0.24123132088459168,0.1185394550808177,0.38375687335419684,0.04366513933330795,0.11548435636590657,0.456075861360663,0.33183953769439484,0.21370018342717992,0.5790185610577963,0.07877546279928498,0.8264729187843668,0.0,0.24101201386276502,0.5261934844797186,0.4899110766053834,0.30512453883245866,0.7515915766894244,0.19364125508600089,1.0,0.11692114934901428,0.3583676834295136,0.6366270131636917,0.5730876667813893,0.5208464846003396,0.7396849662635366,0.44477299726666947,0.8881910372261663,0.38293279359946963
images\W\W.936a2cf5-c0d1-11ed-9f15-8cc84b59e01a.jpg,W,0.7537063818930178,1.0,0.48051672063224027,0.8551502885427348,0.3105063941092372,0.6371211771608641,0.24485630353742266,0.46452923094626075,0.19577064302488864,0.3290373058876622,0.2909279936577461,0.4495534165149887,0.16780886197644432,0.27525160962436407,0.07354482239080322,0.17766159621757002,0.0,0.09948566336061639,0.4049823087509488,0.460978558119381,0.42121142903680836,0.23852526464483984,0.4698854284043645,0.10037745189406176,0.5386748328700289,0.0,0.5250123911913422,0.5195039785874861,0.6331062092116657,0.3225065131128274,0.7402049143560303,0.20854816467162943,0.8578795569838917,0.12008400072637615,0.6419801473708723,0.6145885336850944,0.7838352693708202,0.5061451301933347,0.8979678446198688,0.44209547531190124,1.0,0.38831457361061084
images\W\W.949ed92a-c0d1-11ed-b502-8cc84b59e01a.jpg,W,0.0,1.0,0.18361938831283586,0.8660461462225533,0.4024787171469222,0.689612560095044,0.57410694940175,0.559562960523481,0.6970578348510639,0.45600057863601945,0.29450273334159593,0.41968270432314975,0.484790743998552,0.23290215203353626,0.6538563849153665,0.10672564342478655,0.788789212744716,0.03249402896873519,0.32102088740796353,0.4183592283211553,0.5406856700260926,0.21361979920098983,0.729024541968749,0.0805627543074527,0.8887261139113757,0.0,0.3791484956590202,0.46787108112600106,0.6185168772289299,0.27579239278305456,0.8257408168609118,0.17006743571907837,1.0,0.11746965238748915,0.4530867753107907,0.5612857877144493,0.6841747353222395,0.44123343346609134,0.854338289994867,0.3622184535644594,0.993613435088004,0.3180562908200011
images\W\W.95d3e760-c0d1-11ed-b286-8cc84b59e01a.jpg,W,1.0,1.0,0.8771427037902415,0.7256566723292485,0.6948088132208909,0.5005666563927841,0.5204112166841854,0.4039782225545969,0.39798699352624894,0.3571922354933176,0.6982356189224359,0.2919487006724216,0.4377479372016432,0.14564741787066218,0.24483531590951446,0.08624167835420365,0.1260355456225183,0.04103101995761426,0.6651156662103275,0.32628337916759254,0.40261949303270694,0.1365319354481603,0.20510270626889368,0.057676700825335235,0.056905799009414504,0.0,0.6264968375301107,0.41767036128227614,0.35622838522032246,0.23246690256775387,0.14728284669052716,0.1683367699072404,0.0,0.11450520901776108,0.5801096458038331,0.5503937923449221,0.34451329845252404,0.4449885354620181,0.1825614842795634,0.3883467889338338,0.057526613836361505,0.34200759630172084
images\W\W.970d815a-c0d1-11ed-a62d-8cc84b59e01a.jpg,W,1.0,1.0,0.8861035159576374,0.7682272106915978,0.72453362611968,0.5788367932326036,0.5728857518361447,0.5130597878282834,0.43584519718178394,0.46550554350402995,0.7287816528420373,0.35699126523457997,0.5038742286821208,0.18879381354490227,0.3072987053316871,0.09239529352129441,0.1466106692135068,0.033881478011443686,0.7043396846560107,0.3612778429991948,0.4256542239842094,0.16910161275280022,0.21748388355372672,0.06282317528550488,0.042981245070400104,0.0,0.6441522282565662,0.4217608785882557,0.35670131413235284,0.24577411493666956,0.15825281929983426,0.16316191531214558,0.0,0.10734064873200311,0.5507684093322994,0.5403647399967393,0.3330814804525743,0.45860544191049946,0.19819656822433546,0.400361806812818,0.08373739648116699,0.35798940209323965
images\X\X.b7ab03b4-c0d1-11ed-8903-683e2670f3d6.jpg,X,1.0,0.7993635308073495,0.841261201174109,0.49026345573769803,0.6065799609059669,0.344702668689464,0.44276190580191627,0.37167015840010553,0.3458357518601306,0.49665694006887146,0.4027903429169995,0.2083941900068369,0.2323860548374876,0.08831415759182422,0.09360923719034807,0.030360805475373072,0.0,0.0,0.30839233698709384,0.3802078916316708,0.22537561716183815,0.5186511962458892,0.3252266835116533,0.5879602727635369,0.43045296941890115,0.5823174849468074,0.2777487974566758,0.611895660513468,0.23855340317170715,0.7392381843823715,0.3429335197033983,0.7892736252150269,0.4435607546531616,0.7721091640465578,0.28134627731675266,0.8496596737768202,0.2640639258282982,0.9644900655733929,0.3744246286248852,1.0,0.47176546716137613,0.98795535187983
images\X\X.b8e2d16f-c0d1-11ed-8d6b-683e2670f3d6.jpg,X,1.0,0.7928330621002326,0.8206899715656728,0.47705761650742917,0.5774022355935937,0.3334512607684152,0.40070468363550893,0.3578069114698351,0.291262532518482,0.4847674107444484,0.3661822241620452,0.19570439120981312,0.19942081830153835,0.0860084684311803,0.07746209568124393,0.03093759758938589,0.0,0.0,0.25101770004659973,0.38242483988025666,0.15388127466479137,0.4973418446794599,0.25938177255617656,0.5797789738397935,0.37014053137532715,0.5896284860192149,0.21026664919569096,0.6230563918354493,0.16588377213448505,0.7415931482209538,0.28088018524261876,0.7946791141291076,0.3874751329255306,0.786608621541778,0.21199049402954542,0.8608098050366896,0.19069947062315137,0.9645845292327925,0.31005671468356955,1.0,0.41357538804576766,0.9951204642049447
images\X\X.ba1bb4fc-c0d1-11ed-a8d2-683e2670f3d6.jpg,X,0.0,0.6666427950721339,0.1996582337050664,0.48231307099572424,0.5140807631449338,0.39102681180596144,0.7632706273971887,0.4904574502445477,0.9201863274607467,0.6412868359531206,0.6214633281674485,0.19911120766556953,0.8738517463549191,0.237978809714233,0.955878392582353,0.13978628995047526,1.0,0.0,0.5586255436522737,0.327787593435664,0.9299734703024539,0.6574669706850411,0.8511757414316682,0.7178396751668769,0.7508465171445965,0.6621310637054354,0.47855473943602544,0.522114549047956,0.8323821512867047,0.8832049394013965,0.7185403838292077,0.9148346419453075,0.605819601065674,0.8471091659232828,0.3859460305228978,0.74058674136393,0.6736558612550296,0.9811571410993879,0.5820064723325632,1.0,0.46882969115886924,0.9424592036051554
images\X\X.bb5410d8-c0d1-11ed-b4c9-683e2670f3d6.jpg,X,1.0,0.6738193102425083,0.8278869967858649,0.3916558327462892,0.594100646937177,0.2650161926724976,0.42748907581577616,0.30497616718007087,0.33718297553522925,0.45266817664713943,0.381281626115171,0.13811177357007143,0.11801994243445196,0.0025324570898239843,0.017230030849590922,0.0,0.0,0.0109360777941362,0.2945058487395353,0.32616931887896133,0.2094572139543022,0.5016674581159104,0.3219813023530006,0.5977508402267029,0.42821774620662767,0.58469653020349,0.2790522822473346,0.5628698581293389,0.23819624426487668,0.7441113739649117,0.35121443107928946,0.7992449736655868,0.44817867632120684,0.7733410294327069,0.294674658358689,0.795778480125058,0.2790704843280085,0.9653236937161818,0.3946440084034896,1.0,0.4892895434331003,0.9774342208213781
images\X\X.bc88ee2e-c0d1-11ed-9117-683e2670f3d6.jpg,X,0.0,0.7217837670442282,0.20281287901562192,0.5596794324377586,0.5371364761467077,0.47930884310047417,0.8091952573303709,0.485059678911088,1.0,0.5010585138680783,0.6041029574880529,0.38160823899508783,0.7983003398974664,0.2497279422983949,0.912824823226826,0.11484640861242057,0.9923612334903242,0.0,0.539037817192523,0.4711062729850091,0.9775035331598716,0.6812345702183448,0.9968414644962066,0.7605141482169663,0.9434599396684876,0.7808064725229542,0.44769166888389006,0.6220519841356733,0.8536223671192106,0.8953133086352557,0.7507714209695198,0.9101731680723995,0.6204361192025367,0.8557317370297729,0.3542420378644165,0.793351191301661,0.6851442001467398,1.0,0.6032869040996173,0.9973946412887489,0.47325135941709484,0.935381125816651
images\X\X.bdbe8822-c0d1-11ed-916c-683e2670f3d6.jpg,X,1.0,0.6668465855832083,0.8372470118855015,0.4809712422934731,0.6046216704620797,0.408953476077892,0.4556729962366096,0.4660304200684669,0.37447772132570906,0.600693287558407,0.46903408739420693,0.2624004115478624,0.24337513018303134,0.15391330307141582,0.0973816380609697,0.07319901164541846,0.0,0.0,0.46724372956281063,0.39299044786038645,0.2870030938256672,0.6907695820639054,0.3415973630794737,0.7714896486650017,0.4011198469899063,0.7324694559873905,0.49808628214729406,0.5776814360106156,0.36151800510470317,0.8661669807473432,0.4332647757285701,0.9025976737594702,0.484629486902368,0.846499399826034,0.5440759169943531,0.7650427762777131,0.4375499899201398,0.9838104072209235,0.5156296055317691,1.0,0.5720189632372581,0.9479932155019916
images\X\X.bef2508e-c0d1-11ed-92b5-683e2670f3d6.jpg,X,1.0,0.6086921790928957,0.825379401596571,0.3781025805149826,0.5727618981219753,0.3059048037965196,0.4151880373877103,0.36339723975307475,0.32806738214792913,0.5033697794095144,0.4296866119319964,0.1324263915998529,0.20139089921171768,0.05418879167745145,0.0719313295614204,0.028644032717956753,0.0,0.0,0.42926185492634766,0.29423130489540017,0.23108183070648344,0.6538533957925609,0.27831662849789857,0.7507073865419419,0.3356440468089041,0.7122214090050631,0.4679590747951239,0.5075956845660317,0.3221401084286037,0.8711101520796776,0.40113202857277097,0.8974687621734027,0.4569392639161914,0.8114339600523064,0.5242763216725347,0.7187607469586917,0.4214464775860161,0.9975854193563781,0.50774262680948,1.0,0.5662871008761892,0.9146032073722775
images\X\X.c025dea4-c0d1-11ed-a2d0-683e2670f3d6.jpg,X,1.0,0.7338619709476958,0.8408081098897835,0.5553747345811368,0.6042315746900695,0.48041407632986355,0.4476110610317267,0.519067891011592,0.3549939047867132,0.6337434147596832,0.46899324442433654,0.3391273315113353,0.25088857584513247,0.1937537920698528,0.10072887402121462,0.09105798176308501,0.0,0.0,0.4711571308282978,0.45144172569837593,0.2667509828317207,0.7078150057071042,0.29719087024260127,0.813482424576069,0.34938425207105867,0.8138130659996093,0.5070867089313821,0.6161786096653068,0.3487307446671168,0.877060106363265,0.4137718687912512,0.9189174783136288,0.46532202567491965,0.8762455791284476,0.5545718669632584,0.7805240541635625,0.432506890199712,0.9816414889191398,0.5094391070864804,1.0,0.5672554707443092,0.9527928165027548
images\X\X.c159d7b0-c0d1-11ed-a906-683e2670f3d6.jpg,X,1.0,0.611814752700873,0.7846109426880323,0.5002635405813494,0.5420607607319049,0.4330712785339789,0.3753433166701505,0.4824809587751213,0.26341399880411265,0.5901175067835234,0.38087236020163406,0.18850450470528585,0.18278996966562971,0.09966402754639818,0.06354916230960185,0.04328082951208777,0.0,0.0,0.388638341532858,0.27701458109305266,0.2177002257430919,0.6739495985602773,0.3099648019294499,0.7569520668156163,0.4001131220173973,0.6841335197989737,0.4343006540948212,0.4370210442447306,0.3131817662245162,0.8425425815833607,0.4142688578820407,0.8853403462243493,0.48318585118625557,0.7907142339772341,0.5012603268242634,0.605241838878086,0.41893673500894185,0.9523838443494782,0.5130365838608034,1.0,0.5760224130966515,0.9311317758623572
images\X\X.c28ddf47-c0d1-11ed-8de8-683e2670f3d6.jpg,X,1.0,0.6046126446351964,0.782089547552842,0.40073330371244337,0.4999806391589232,0.26151088941078077,0.30386264477461367,0.27154714388658435,0.1752804967259248,0.3786654917876705,0.29483421364112533,0.0,0.07825913596229137,0.0879404396088549,0.01006763735993478,0.17392067326540442,0.0,0.2103110566816887,0.3122422260990417,0.15404978549746293,0.1283016774860628,0.5992517613850629,0.22156546528287235,0.6822293328952429,0.3052142407881641,0.6040518390465558,0.3652438367117129,0.3720806932781738,0.2266181215379415,0.8117082168099795,0.32734001927711853,0.8605408674938113,0.4002995174441178,0.7599393642958754,0.4409750747485445,0.5953328429707014,0.3364547892964898,0.958854343629704,0.436263064643232,1.0,0.5077778254531222,0.9256436009543403
images\X\X.c3c19355-c0d1-11ed-855e-683e2670f3d6.jpg,X,1.0,0.6551833794853686,0.7680434415927133,0.4044033378143139,0.46240920195661284,0.24297377421777291,0.24549668910205835,0.2368002081487768,0.10948053997290341,0.3487311115654041,0.3215972838122392,0.0,0.06383422113642423,0.012315469294957967,0.0,0.12731835680857814,0.013492249179757,0.18089739380385694,0.35268979851676124,0.18444638551438697,0.0800404816445124,0.5005324175888469,0.09145260546175736,0.6428328057340033,0.14175485752528744,0.6430000681439448,0.4114491231697563,0.43146543209111743,0.20528383400349318,0.7790257067869304,0.26182809447893485,0.8572783583779539,0.3228900847176351,0.7950925346587675,0.4834721715899383,0.6908983781052817,0.324156768433023,0.9651729376303941,0.39192870007127817,1.0,0.4552014016225304,0.9377501622720705
images\X\X.c4f591ad-c0d1-11ed-a2f0-683e2670f3d6.jpg,X,1.0,0.7044097066435301,0.8148567879948747,0.44714918601230713,0.5626668797836688,0.2815936865813111,0.3857950530652601,0.2579314402189254,0.268078916177764,0.33127620315373807,0.43586270024482254,0.0604956723012423,0.21538748426733606,0.0,0.07627841814778616,0.053075741413685214,0.0,0.10846909699215279,0.4537771931617392,0.23122598818016776,0.20796813027388156,0.47405252664513464,0.15054532623059783,0.6266769275567295,0.13574548589366334,0.6797110707674572,0.49494109149095433,0.4633398008634598,0.3040349861255591,0.7490332874762667,0.3313711720823715,0.8319278092900673,0.3709026291126559,0.8010149961521662,0.5500449379908132,0.7139273754802364,0.3997218997808563,0.9499971772647993,0.441564453481537,1.0,0.4870492116854498,0.9646611380674069
images\X\X.c6298fb7-c0d1-11ed-baab-683e2670f3d6.jpg,X,0.0,0.759209454013147,0.21919570446609662,0.6589851821430566,0.4924171204277852,0.6771594569042674,0.685480634837952,0.8294098111282932,0.7836122108024243,0.9925658668888628,0.5569188259801905,0.43503701869640615,0.7634258955736879,0.2622742887473146,0.8984883822169747,0.12960373858934082,1.0,0.0,0.5125548997314993,0.4901415265214583,0.8069037798434335,0.7764869872400277,0.7365045860475494,0.9102106959593997,0.6378026756287382,0.921925169896567,0.4339813601140131,0.6027444887090628,0.6722949920931245,0.9221534942773113,0.5933794608808658,0.9846259112589124,0.5072635878562219,0.9396012823725176,0.3615609810588926,0.7441066858024243,0.5377671473316218,0.9688505251213653,0.48077790692482203,1.0,0.4135411646620832,0.9423248660571097
images\X\X.c75d99ba-c0d1-11ed-9d0c-683e2670f3d6.jpg,X,1.0,0.25534877650955756,0.8130858257496875,0.20019517366734102,0.5842771803865364,0.35411732574404353,0.44038862522427047,0.7023126196010511,0.35563789156323083,1.0,0.4389017461702297,0.0,0.22171364938228094,0.07783402076141947,0.09016081048495396,0.16387726482402754,0.0,0.2340420188455603,0.466991326172873,0.11566954837835887,0.29086381853982,0.7674401708845915,0.38138228149060655,0.8617836774360494,0.45043171507258106,0.7816198607145276,0.5292931230951679,0.2955562561636445,0.43166443030944074,0.8923194766906044,0.5279253700351189,0.8735367020224603,0.5692832252072799,0.7457181310148089,0.5990891527685197,0.4728391534880342,0.5457330592337536,0.8749915351494231,0.6268405686591861,0.8920136208975746,0.6672563952336976,0.8208007950456743
images\X\X.c8915a87-c0d1-11ed-8d92-683e2670f3d6.jpg,X,0.0,0.7365868221148127,0.18024853304068994,0.5844763710274783,0.47459138546094165,0.5274171016329986,0.6931048289556956,0.5956410655722161,0.8388203341372724,0.6894245572135644,0.5903580516621765,0.3494333609359529,0.7792243692046663,0.23564553639207136,0.9050547404418859,0.11293934568574504,1.0,0.0,0.5454390386845538,0.42265912642018927,0.8751726972163529,0.7137253020245689,0.8531780250268975,0.8122114870188194,0.797740001486866,0.8112920382053969,0.4675333007027895,0.5595685026718608,0.7602500350017303,0.9171286418074525,0.6469317917225342,0.9524731161786788,0.5384879403472398,0.8819689191821732,0.3754842220502221,0.7187414699572974,0.6075796577113812,0.9824896720038755,0.5150328186034857,1.0,0.40969515851538324,0.9261949817633074
images\X\X.c9c57323-c0d1-11ed-a2e3-683e2670f3d6.jpg,X,1.0,0.5148746669109956,0.802707297288549,0.39323819776897173,0.5587287964059037,0.39338097746829453,0.3828043458902297,0.5408563727848149,0.2792129030268333,0.7139580517824556,0.4094788885463673,0.17036099594566737,0.21625078543406875,0.07797909460873018,0.08520419340870258,0.03675851906147162,0.0,0.0,0.43316714939980544,0.2578681540188286,0.2149350487875593,0.7987810278611296,0.3070802357628918,0.9168273892693802,0.39399248344979454,0.8650880729321758,0.5009533568510898,0.4182101381221797,0.3724230712219041,0.950039703445801,0.48194401166172496,0.9669358102175291,0.5300876643750445,0.8463617900145833,0.5773580491588997,0.5858777897397134,0.5056442198651366,0.9894770598071329,0.6035588654963172,1.0,0.6469571975073383,0.898999396813035
images\X\X.caf94368-c0d1-11ed-a539-683e2670f3d6.jpg,X,0.0,0.715855266835572,0.2167927142600379,0.5884197324938704,0.5180381140814817,0.5462553177728863,0.7540536081016179,0.6014964841471396,0.9177411465899012,0.6742849536638393,0.5931191788773355,0.38184811706156874,0.784012224910059,0.22613309829974154,0.9173052529693067,0.10235366990564815,1.0,0.0,0.5343313645993241,0.45497926034106445,0.9518741768295378,0.7036964898124118,0.999673678286568,0.8379356149339582,0.9692290778428293,0.8876914943458829,0.4435268232028734,0.5896680977745759,0.8243930637115522,0.9115320124224879,0.7501565312959465,0.9625949152427656,0.6336493669506083,0.9202249463992558,0.3453155891911641,0.7534646523365363,0.6370195778295702,0.9838171250147585,0.5711278208781074,1.0,0.4553629831844874,0.94376390153757
images\X\X.cc2d08d8-c0d1-11ed-ba32-683e2670f3d6.jpg,X,1.0,0.5853548798806985,0.8039727686238557,0.46349896696414156,0.5627347918330429,0.394286343312683,0.3735076026126323,0.45029199684091975,0.2521746782172013,0.5746927244055565,0.4170174102157054,0.25941064772049305,0.20212715069702766,0.11713987964963495,0.07441586938271011,0.05162479223751049,0.0,0.0,0.4552870401303144,0.3581438482312214,0.17727381325726202,0.7416763895098182,0.20025994330463093,0.8886325554539568,0.24947446022499087,0.9112430336932213,0.5274873033990106,0.5269246166811276,0.3079019746175416,0.8995138318802292,0.38559898232784573,0.9317105921094649,0.4418194598847777,0.8650835437569482,0.5997747942477888,0.7019975834386101,0.42875194983058407,0.9807539629997138,0.4955787639468203,1.0,0.5462742312334082,0.945901010292973
images\X\X.cd60cdfb-c0d1-11ed-8941-683e2670f3d6.jpg,X,1.0,0.6758857656387194,0.7975373963294634,0.5791724202474502,0.5888756504482631,0.5130780550315046,0.4329460296593625,0.5505705236657094,0.33607435201185787,0.6095126708599141,0.43007978493740917,0.3692088411040946,0.1991205543508665,0.2073768292899139,0.07375478692861201,0.10073646802849842,0.0,0.0,0.41218985826713433,0.4149760028088034,0.11256271835838262,0.7297962483989036,0.20206744391989048,0.8509843164484447,0.31370927061447657,0.8422178502597358,0.4305692719754716,0.5249021176761918,0.2227839271738974,0.8723691809390832,0.35896697756614393,0.935996251828527,0.4466375312238272,0.8837401263903417,0.45752313578336,0.653885312812172,0.3363228106305856,0.9532399913852511,0.4704984386160873,1.0,0.5516802535111544,0.9473064522551372
images\X\X.ce94763e-c0d1-11ed-9eac-683e2670f3d6.jpg,X,1.0,0.6805847575404725,0.8209318502093037,0.6297333884235435,0.5968399162544668,0.5810317394733877,0.42134999406748097,0.621350862036585,0.30807734356393807,0.6878151973857192,0.42879697958372087,0.3703832024940841,0.2028615861752904,0.18828171130225746,0.07386870468298112,0.08761326672426098,0.0,0.0,0.4045227601821687,0.40099132329189047,0.1436662074616494,0.7384667392855802,0.1997177803690456,0.8873752770161139,0.2757342114720666,0.9023908650415055,0.4214528472914659,0.5033674642226647,0.23436506506968863,0.8688063704315817,0.35051880780235284,0.9494899898583932,0.428948082817622,0.9120667092363746,0.4460074662168369,0.6308764602035833,0.34512442235208324,0.9387495023100326,0.46667529786654255,1.0,0.5449366422423171,0.9573048867520565
images\X\X.cfc8a98f-c0d1-11ed-8b56-683e2670f3d6.jpg,X,1.0,0.6290761595908785,0.8015525342963689,0.6092976597245258,0.5853811083738768,0.565943790879141,0.42619768718415113,0.5836879546823222,0.31468868374347697,0.6015480534202416,0.4039846994487269,0.32675359639828805,0.18823655149679624,0.18197533806304927,0.0672138192071439,0.08677955294201,0.0,0.0,0.3812286797406397,0.36030162405521077,0.09574544015022413,0.720592620741404,0.15728520068636886,0.8922858182591081,0.25226999137624023,0.9275442082449061,0.400985146824661,0.4581384713978855,0.20247053794012815,0.8558378070263011,0.33319187276863893,0.9531217091385712,0.4314199550269456,0.9269551943681386,0.43180901756833523,0.5806884602874542,0.3214870687752201,0.9097871627823096,0.4304858370197699,1.0,0.5111685783158062,0.9917650771772419
images\X\X.d0fcc62d-c0d1-11ed-942e-683e2670f3d6.jpg,X,1.0,0.6311679469301006,0.8123442881700889,0.6133268161964386,0.599326878903107,0.5753208726925197,0.4375435793696578,0.6157114011896377,0.32836554203036444,0.6792306863450887,0.4209278512374819,0.35413819973983507,0.20873842733182035,0.2099743426775126,0.08171410555643989,0.09811684934950958,0.0,0.0,0.40910308898186626,0.38156295726017897,0.17628709390735484,0.7157356062108523,0.2353494453567734,0.8673405552788028,0.3082852200171217,0.9038554694759067,0.4354006437509133,0.4717296283514194,0.27897704013091124,0.8378760171964964,0.4114623124342117,0.9375023229012295,0.5117072815211869,0.9333253170467376,0.4673231325730203,0.5893232432229845,0.35362843236826297,0.8799165473333094,0.4480882004743466,0.9772797616351976,0.5215281632866178,1.0
images\X\X.d230cb5c-c0d1-11ed-b3fa-683e2670f3d6.jpg,X,1.0,0.6567292640117645,0.812121033007525,0.6642818600128081,0.6006030823486851,0.6240474016270962,0.44338436024391287,0.6376684020777496,0.33737688577348607,0.676172884893622,0.4243935174217858,0.37702675458361995,0.2009971995106145,0.2179748464220488,0.07912020782326668,0.11042402931619269,0.0,0.0,0.4109714691730317,0.39749146130310004,0.17234653282579265,0.793801736201703,0.2488548692292612,0.9271477194563696,0.33030425362137983,0.9042444439173644,0.43785641484440413,0.49421621878038946,0.27370865162292685,0.9104898484381301,0.39031911715032447,0.9771266691966509,0.4604147521839995,0.9113336377220654,0.47302770827314916,0.617093700339176,0.3874757670786296,0.9399341215815564,0.5053415710437537,1.0,0.5694986026952099,0.9510353169991224
images\X\X.d3646dd9-c0d1-11ed-8354-683e2670f3d6.jpg,X,1.0,0.6371292024866695,0.8083266248885366,0.6816511202386598,0.5960665807985732,0.6534566221551356,0.4393053973050629,0.6601628637266426,0.33459622386802734,0.6725290976819828,0.40926198850688594,0.37762434920274435,0.2054494761220648,0.21970933327980244,0.08051712820766868,0.11008536878036766,0.0,0.0,0.4051613742197563,0.39293038757659987,0.17299551669473892,0.8042270624396841,0.2567837857921332,0.9327659059388423,0.344238426384623,0.90031869852833,0.4429027234221738,0.48337731155305386,0.2726495157534925,0.9120131997577927,0.39099066184484293,0.9745196976184048,0.46334866987020706,0.8974184430481805,0.4897010923412266,0.6008424523098228,0.3933262843059546,0.941053805431807,0.5107555979391658,1.0,0.5784758000594471,0.9415784280914911
images\X\X.d498383b-c0d1-11ed-85a4-683e2670f3d6.jpg,X,1.0,0.5333922181078373,0.8127855274470659,0.7145657771348027,0.5996574277817447,0.7641751313530016,0.4473070557004697,0.8369815826971064,0.33972726588267294,0.9141870856459389,0.4154211841025118,0.33300718090851344,0.2150389021659405,0.19692053568051976,0.0870272782691906,0.0975005592557956,0.0,0.0,0.40799033608751195,0.33936571098557855,0.19329874216127732,0.793963755096599,0.30815910239035504,0.9215272779017364,0.4184444962573287,0.8772294115347069,0.44321176330579154,0.432844435869545,0.3023433591264348,0.9159920877323315,0.4464648939374068,0.9716446094471605,0.5307348058716951,0.8806461599798475,0.4889597571756797,0.5615091637827869,0.422213883586164,0.9393600062559732,0.5409192253326144,1.0,0.6050385803593548,0.9349064712786094
images\X\X.d5cc2bab-c0d1-11ed-8afa-683e2670f3d6.jpg,X,1.0,0.5398365831677082,0.79859118072132,0.6513754349525804,0.576058662623894,0.6522009692174356,0.40250488576807775,0.7029257776215503,0.2764558077604371,0.7657643903847248,0.37369774495057756,0.28021610903837507,0.18039377262426792,0.1847714058553248,0.06663241127469033,0.09311919703285143,0.0,0.0,0.3794886030561006,0.3050349108639744,0.1454120708895717,0.7280810129317995,0.22762779554621573,0.9123004919593654,0.3383678154154036,0.9572899104823062,0.42731909931650947,0.3979197667394506,0.28403966519861634,0.8601715213924263,0.4268388344788474,0.9616786240341674,0.5368147098804269,0.9382121528821606,0.48253364757087647,0.5156168277055331,0.3732127076898848,0.8729032199291762,0.4711413965541515,0.9812724976149662,0.5523806039183183,1.0
images\X\X.d7000870-c0d1-11ed-a85d-683e2670f3d6.jpg,X,1.0,0.5730726663556298,0.7589992285605045,0.7720537942717888,0.519337243377637,0.8029340133866626,0.3379128483670913,0.86695384726884,0.1958366789409434,0.9183455860703819,0.37866240725905864,0.2780657133237002,0.18027216348153957,0.15328740255563558,0.0672072718474094,0.08252894076862333,0.0,0.0,0.39127890793159464,0.2768614270550701,0.12745824072528505,0.7430929441447318,0.23159853733022956,0.9098896121250005,0.34320552394446224,0.8882175929071525,0.43717928631021213,0.37296214259075555,0.25337135200727534,0.8690833925964176,0.3985127925403562,0.9447514045728452,0.49056870401656827,0.8607460958084013,0.4813769259893783,0.503291403757506,0.37093140551837267,0.9015254393395148,0.4858143521270149,1.0,0.5640138413674866,0.9712324154727231
images\X\X.d8340678-c0d1-11ed-802f-683e2670f3d6.jpg,X,1.0,0.5814843478384419,0.7873256222699122,0.7111644904315925,0.5635210327819861,0.7281149699320874,0.3981902621625539,0.801849280292563,0.27789572421248543,0.8655760312674976,0.39467053125880963,0.32289304962778653,0.18873817428238374,0.19098423663689404,0.07411654959058259,0.09975518261555899,0.0,0.0,0.4027087115916796,0.33890694242717456,0.16612432330042232,0.8062129624179363,0.26119991237032136,0.9404583127579057,0.3512944051500157,0.9034361713263547,0.45123431683268556,0.43212892536389874,0.30993788473449624,0.918457224229585,0.44906602591288386,0.9755142020469784,0.5206012700655338,0.8938986450809046,0.5019853996190806,0.547569760486074,0.41579950679712463,0.9281417626909673,0.5304756352851646,1.0,0.5942703519610882,0.9610658298665611
images\X\X.d96863ce-c0d1-11ed-95c4-683e2670f3d6.jpg,X,1.0,0.5791328236980411,0.7831289680459226,0.7771194086622537,0.5617526473108584,0.8201584453958873,0.39904103557811127,0.9003126464080453,0.27021323670726344,0.9653268059504868,0.3947809183908177,0.34201441234999697,0.1981036540441075,0.210315012130124,0.08115402255244906,0.10742146730432928,0.0,0.0,0.4110333057891925,0.34644753199523143,0.18445873538183494,0.8018368556306504,0.2908230867924129,0.9363391726466863,0.3883684922099959,0.8942710676828448,0.46457903216879376,0.4351847234656437,0.3193983714376067,0.9077542339467203,0.46891299287069377,0.969715568306746,0.5559416772518309,0.885432660416831,0.5195174945159717,0.5475321691815993,0.4181018406365172,0.9168895161402548,0.5303944634329976,1.0,0.603595497742836,0.9671347278723809
images\X\X.da9c1c21-c0d1-11ed-b389-683e2670f3d6.jpg,X,1.0,0.5256101584363544,0.7698479906652522,0.728046210905481,0.5459903741722941,0.7482825981703239,0.37875419478966954,0.7912075090743877,0.2541469213251371,0.8268214940300037,0.36084335778348536,0.26790974160612957,0.14127757161954005,0.1693084810630143,0.045791329351876076,0.09426354994860071,0.0,0.0,0.37628657743020183,0.277777942571889,0.13060503399998485,0.7564184834393454,0.24251398824070794,0.9285554906266758,0.37038657263495467,0.9278824714766113,0.4330453100379666,0.3734689391115422,0.2834438623780893,0.8921643366427287,0.4444665792305227,0.9785915970164356,0.5573145606417892,0.9184753644339372,0.4953776341260073,0.5003979777785029,0.39765150667506816,0.9072080614642484,0.5221086973164283,1.0,0.6144718876532481,0.9762887641067879
images\Y\Y.c4279724-c0d1-11ed-afa6-8cc84b59e01a.jpg,Y,0.3928530771243131,1.0,0.2162890704808518,0.8220438715637176,0.12089787751514042,0.5616160125136451,0.05141256482689833,0.3673307199750489,0.0,0.2187302316667123,0.5389737918015225,0.4253325127404192,0.7322576535131863,0.2048937971032435,0.8763635417821093,0.08667865811631072,1.0,0.0,0.6808812764010111,0.5149931610643741,0.6121464818379138,0.4311184070339256,0.46249520324302235,0.6080276842971134,0.4375249261732924,0.7000353553330008,0.7964113095655438,0.6335266170898395,0.7311886081074052,0.5590137647715653,0.5790494241252939,0.7066933478405272,0.5470575995331785,0.767491664117194,0.9004016082423552,0.7671288255482159,0.8775226795193367,0.6853215847284008,0.725023503166802,0.7607477236284333,0.6627191901189445,0.7973668014613537
images\Y\Y.c55d98ad-c0d1-11ed-ab35-8cc84b59e01a.jpg,Y,0.38474774280906254,1.0,0.20449549708662002,0.7984649089672886,0.11657763291794444,0.5321115056281635,0.05012114553443568,0.3434875436567663,0.0,0.20186051917410985,0.5447313352156956,0.4051315368925099,0.7366539213460037,0.18921670608608737,0.873614510245571,0.07993979579384128,1.0,0.0,0.682399530250449,0.4940545440809851,0.6190999372291046,0.40849065265776,0.4648276552815095,0.5865898036389839,0.43333707970833324,0.6741850640105531,0.7942643763317789,0.6107653953661357,0.7359535785909196,0.5359427246471139,0.5754604027276669,0.6900917591134408,0.5337254029455683,0.7550072349649293,0.8951305535230833,0.743244867242752,0.8960358000536726,0.6519729662193967,0.7396934547770486,0.7304269500990812,0.6690838431079316,0.7766437898431553
images\Y\Y.c693d474-c0d1-11ed-9d1c-8cc84b59e01a.jpg,Y,0.37961365893630916,1.0,0.19546531216218935,0.7962017426144474,0.10637713340857004,0.5329146946904378,0.046747232124729525,0.3468906259020867,0.0,0.20009791234545127,0.5298930529211533,0.40944516181118124,0.7280683495543414,0.19799134184504222,0.8710942915830618,0.08759329483491256,1.0,0.0,0.6705704392933115,0.5050507468515266,0.599871231839391,0.45247777845055354,0.4512870414234735,0.6159695692560868,0.42942571961098847,0.6929126669755177,0.7831829513881903,0.6294951787792123,0.7243721180350418,0.5730967759802148,0.5668209811621693,0.7151558078308285,0.5355833618367022,0.774156914155844,0.8799434444385507,0.7711090051664486,0.8804994887684533,0.6839881397452308,0.7217524907676521,0.7590342444438499,0.6501958044260397,0.8069911104414645
images\Y\Y.c7cba00f-c0d1-11ed-8466-8cc84b59e01a.jpg,Y,0.5103482760785899,1.0,0.2779389670714394,0.8036041267967046,0.14445240819101965,0.5698007802788472,0.06316208215217188,0.3904925384416565,0.0,0.26896578897609336,0.5462192113134209,0.4062756364257755,0.7360699523247248,0.2005257535061476,0.8809458174249838,0.08696732178140329,1.0,0.0,0.7035414934168914,0.4751647208947403,0.6602248380066742,0.42700962275387166,0.526747850937042,0.5895760673372208,0.47424225717081775,0.6881685546211254,0.8313791524429558,0.567647186676971,0.7832386872682665,0.5355210178272667,0.6434979072192895,0.6743752340804421,0.5882367805635575,0.7435324202884492,0.9428409747013212,0.6769879412034898,0.9308961205833751,0.634100656785019,0.7875961584111713,0.7123161270690891,0.7162474979286602,0.7530729448727577
images\Y\Y.c9000f2e-c0d1-11ed-8457-8cc84b59e01a.jpg,Y,0.0557453552134269,1.0,0.3886871597521593,0.9265959282943225,0.6759581364350858,0.7817164272633975,0.8664405233291954,0.6721497737981077,1.0,0.5850328614020148,0.5665538753681715,0.3758084649711133,0.6550303121460841,0.21446961618369442,0.7485252113043301,0.09456077013920172,0.8388946419762737,0.0,0.36386400328132135,0.34303837446887137,0.6160200916612778,0.6901145082176781,0.5982162515455409,0.9055566815319422,0.524518624912611,0.9799615990328857,0.17189977720461305,0.4341647574802033,0.41736111901370365,0.8041636617420518,0.42147810860916407,0.9457176332915329,0.38079754118597603,0.957811932660087,0.0,0.574900864344036,0.20739811304231232,0.844293102077677,0.24044980622293294,0.9549365152232405,0.21951159174266763,0.9563237340464464
images\Y\Y.ca38a9d3-c0d1-11ed-913d-8cc84b59e01a.jpg,Y,0.021086795757418616,0.9695732768459328,0.39225516021666906,0.9408440834342556,0.7098550326930585,0.8544980321972367,0.8990000897911499,0.7909520327177195,1.0,0.7280396264736713,0.632113048066514,0.44136471156096846,0.7145055080312634,0.2432128614483668,0.7803935475474405,0.10806239395891094,0.8479018633176922,0.0,0.41155067297962344,0.3983806880549211,0.6821347896314427,0.6919434214907033,0.643338455128134,0.9115188064371211,0.5626222647749319,1.0,0.1975390162723759,0.4722723723981315,0.4661552942980602,0.8050082652077643,0.43267177097405235,0.9502613317670389,0.37093127546814986,0.9683997191137836,0.0,0.5929749368660251,0.2059819065788664,0.8282735529344032,0.21112724213041106,0.926647989380989,0.17916260168343273,0.9204449400499838
images\Y\Y.cb6f1b6a-c0d1-11ed-ad7f-8cc84b59e01a.jpg,Y,0.45677214031835756,1.0,0.23059456072833748,0.8122278706944368,0.10613682233363285,0.5679723369138125,0.05758514782775988,0.37212870510546664,0.0,0.2303454808427724,0.500170882228172,0.38738138145801637,0.7064714104998286,0.17485298168528962,0.8585339449975532,0.07666163533153146,1.0,0.0,0.6643526948114659,0.46738471399824516,0.7007090021979298,0.4225116094743218,0.553745959837714,0.611509272943301,0.4819744060920087,0.686183093062687,0.7957526032501469,0.584870867818995,0.8349254772805524,0.5498785949590075,0.6688149731003634,0.7149992081464096,0.581279247517627,0.7497130187485411,0.8980272073008828,0.7100646467770058,0.9643134796940254,0.6754484105509424,0.8218269664116539,0.7762079144828146,0.7350778334830939,0.8018226893449532
images\Y\Y.cca2de11-c0d1-11ed-a330-8cc84b59e01a.jpg,Y,0.4458721136210271,1.0,0.2282993177752387,0.8460824751028834,0.11066557910434512,0.5906601144753625,0.05719137296238209,0.3925429552999126,0.0,0.2494434989381402,0.5180799262626368,0.4259767449226569,0.7182448147436454,0.20404704166399495,0.8674619798365095,0.09501084263539002,0.9976659402962305,0.0,0.6849083186557602,0.5140479918913928,0.6937890145042861,0.4510273657765173,0.5419948688958505,0.6416944331352792,0.47998866723915184,0.7166684563903565,0.8281449540908902,0.6265315850179268,0.84006747564081,0.572605948423511,0.6668234755057949,0.7375691329059113,0.5853947715680592,0.7868262945689483,0.9487413167105333,0.7492921578428139,1.0,0.6798864671395143,0.8514111333744225,0.7808998112678428,0.7630474920818181,0.8203412011646852
images\Y\Y.cddbcf66-c0d1-11ed-9b09-8cc84b59e01a.jpg,Y,0.5527368619141537,1.0,0.2845671635225198,0.8510450370232183,0.14968069740672038,0.5954866994492081,0.07001903840184959,0.39228534786576297,0.0,0.24430835369043946,0.5176976486718332,0.4202536001715266,0.7148313793920908,0.17633267748088352,0.8673649043314198,0.07728245645897935,1.0,0.0,0.6643532197872294,0.49907129574021686,0.6805888951617042,0.3978828821873902,0.5775038919967838,0.5632286914143921,0.5138046743064669,0.6714761805543065,0.7813983327345646,0.6190528187515331,0.8031057767741273,0.5355689195020572,0.6949197527696109,0.6850636435800344,0.6179677055915224,0.7565927337745759,0.8771876443460346,0.7384418938658721,0.9579351521239182,0.6746650846832799,0.8613882147649038,0.7658247019574816,0.7823578290845192,0.8198710080798624
images\Y\Y.cf10bcb3-c0d1-11ed-a947-8cc84b59e01a.jpg,Y,0.9344761186462038,0.6786986142898236,0.6505679570058451,0.4960854938155805,0.44837780302682445,0.3111434453907628,0.21298558687587987,0.13898529246238697,0.0,0.0,0.8083287986002085,0.46184001331932617,0.9194279690615593,0.512794056954189,0.9588669582573338,0.5097180664465538,1.0,0.49279279068022364,0.7716624282787586,0.6381416960567291,0.74303352641364,0.6970791280531272,0.8273365761967055,0.7263075841994022,0.9482112309626693,0.7471973917882915,0.6486159864241325,0.7754564057829638,0.5545354984119478,0.8465350210733,0.6723893858912973,0.8992151446366262,0.794422717889449,0.9316555984942283,0.5098463140679633,0.878503748796258,0.2822404870743009,0.9394126990082418,0.3141529590721203,0.9744240016758589,0.38099085465634863,1.0
images\Y\Y.d0456bc1-c0d1-11ed-bc45-8cc84b59e01a.jpg,Y,0.5465796058868355,1.0,0.2961129381421419,0.8155871452898037,0.16483225227446835,0.5610023829073731,0.08615490033978061,0.3770479853330393,0.0,0.24669165869333298,0.5149679826006456,0.4041993451092633,0.7172847466603063,0.17188887549175258,0.8607344193106962,0.08004554618825747,1.0,0.0,0.6877644113669853,0.4716833185939364,0.665671849954824,0.397226059253751,0.5376416678962911,0.5850550309023033,0.48922520521252966,0.6724317651501364,0.8241577240965292,0.5843823214649478,0.7861504534787591,0.5394504657695272,0.645929808320077,0.6960308462186532,0.5843609961777209,0.7494825165078953,0.933205620832331,0.7051480304605033,0.9354305673184014,0.6836723700262558,0.8106382559411074,0.7726495781353845,0.7424362936626167,0.8029328114257299
images\Y\Y.d17961e7-c0d1-11ed-b2bf-8cc84b59e01a.jpg,Y,0.5931575709906421,1.0,0.2994542090190384,0.8556591928681326,0.14982403597934818,0.6179018001153628,0.07783080227492739,0.41181566295834826,0.0,0.2663120839534184,0.479772961035818,0.45781717874398453,0.6744516880445305,0.21116743675132602,0.8563967207163601,0.0915779160585736,1.0,0.0,0.6187636132623426,0.5298874493189157,0.7042201113262343,0.353546206878357,0.7042138088899645,0.3663050686480607,0.7033123084059374,0.381471169493375,0.736019431671507,0.6363625461840936,0.7678250544530494,0.5591598602215397,0.6502415093578574,0.6900459712360488,0.5504220111326235,0.7745387286827655,0.8183360559858018,0.747767244160208,0.8912592771861891,0.6868751431542012,0.7941210874475637,0.7740822841354565,0.7116700951919974,0.8433458329685775
images\Y\Y.d2aef55b-c0d1-11ed-8897-8cc84b59e01a.jpg,Y,0.8972466990390316,1.0,0.44279293976699574,0.8098976488276307,0.19146179714103595,0.5010217741323842,0.07278731315767942,0.20707039992072826,0.0,0.0,0.413709329564751,0.5030528774864286,0.45450477251628635,0.4197273907084418,0.6089253984336409,0.4373301299037351,0.7116377877828836,0.41851952993928526,0.6088440802918159,0.5878771541729547,0.6295231322334003,0.49607597876287723,0.7449655988904367,0.5716734107907707,0.788779409640392,0.6046909329902608,0.79093257261306,0.6554807269424568,0.8217046706918305,0.5539485705845985,0.8698672342437261,0.646791361541328,0.8781541084854724,0.7152313262353511,0.9670535255202594,0.6996859890733684,0.9863673418261125,0.5648608788126335,1.0,0.5878142251904247,0.9864678530697346,0.6190382713878119
images\Y\Y.d3e38065-c0d1-11ed-ba6d-8cc84b59e01a.jpg,Y,0.577526615974823,1.0,0.3191418226256651,0.8161493234033699,0.17695829389088846,0.5545058559759699,0.08759518505179585,0.36560242619570166,0.0,0.23935280200683526,0.5319966887143355,0.3760855269498129,0.7194865853080872,0.15519068592418275,0.8590092057851759,0.06824426653732137,1.0,0.0,0.7021980751335029,0.4428444573681823,0.6557846872336304,0.424925266512887,0.5191773615529458,0.6164513685595913,0.4704534421255587,0.700133296282137,0.8346036369505595,0.5588881059437576,0.7907734628975354,0.5611606535114685,0.6473495804877756,0.7113422949270164,0.5839702395318687,0.7500003414740235,0.9466274485330919,0.6824356841265117,0.9507021444409273,0.6889874323900405,0.8207274151746207,0.7818416559152938,0.7485177284861043,0.8076772769981125
images\Y\Y.d518d36d-c0d1-11ed-9e34-8cc84b59e01a.jpg,Y,0.5653027891593576,1.0,0.3225931921184398,0.8052245495079202,0.18802258056238058,0.5492843644376333,0.09859699210968449,0.36329867866143645,0.0,0.24089085911056268,0.5365922753302979,0.3725930320180853,0.7218073808993077,0.15565440276277406,0.8615753056924895,0.07158579080807692,1.0,0.0,0.6975386603320061,0.44536678421242576,0.6384133728293582,0.402765194153185,0.5029843416409502,0.6014180816374809,0.45835834541376985,0.6864843754490401,0.8292451895039331,0.5646103368673697,0.7815888109579833,0.541647772322829,0.6325948878242785,0.705535924260882,0.5729935950624266,0.7511844068799511,0.945832261986049,0.693687015282562,0.9349734549075589,0.6763661329058649,0.8028880336001345,0.7765110962611737,0.7388494761677853,0.8062996742257151
images\Y\Y.d654ede0-c0d1-11ed-a121-8cc84b59e01a.jpg,Y,0.5535248014616645,1.0,0.30877895835603314,0.8037302414031628,0.17895950023391105,0.5388658273164346,0.10171658719238878,0.3522868930762913,0.0,0.24085335843094274,0.5271670967387938,0.39667347469105146,0.7258640601079865,0.17564851830534547,0.8629489330197877,0.08003749749631987,1.0,0.0,0.7067343236044197,0.4647734253248083,0.6770657179508717,0.4415636962285828,0.5257384060607274,0.6284949699297778,0.47037209148717235,0.6892458282546167,0.848322926740726,0.5799258836222463,0.8188441543953302,0.5681315956614295,0.6558371531868982,0.7173872673811246,0.5882317911500752,0.7406129306795193,0.9719059706216052,0.7026186446546336,0.9820971587674774,0.6753934966117483,0.8327539950159655,0.7683324857429843,0.7539703116308788,0.7956913619498698
images\Y\Y.d789dc5e-c0d1-11ed-a9c4-8cc84b59e01a.jpg,Y,0.5544696987804996,1.0,0.28785080444548816,0.809246356446681,0.14258611771854918,0.5685562600547196,0.06769436320163662,0.3872137896006678,0.0,0.2508588275141281,0.47041684398530653,0.3925187700446178,0.6863326693997763,0.1588151573240437,0.8450052326966783,0.06992276849305366,1.0,0.0,0.6244643786052565,0.46394880193821064,0.6308968869212646,0.3964516118517456,0.5200701701297911,0.6033088083862695,0.4665271280885786,0.7018452827381967,0.7524364012353452,0.5815397940947515,0.7670613387374552,0.542170038513521,0.6403576320858562,0.7070386963542095,0.5672006637528502,0.7519539011200835,0.8553484024812371,0.7043239035410689,0.9180473700123973,0.6787951019643762,0.8008278182821329,0.7864530905196644,0.7203827766287831,0.8222691537130122
images\Y\Y.d8c1e57d-c0d1-11ed-b37c-8cc84b59e01a.jpg,Y,0.5394868509738143,1.0,0.31024871548350796,0.8222144516701144,0.1727981592264848,0.5687249059774989,0.0881571530161545,0.3936313687146856,0.0,0.2715596680848767,0.5485650377122058,0.40740485765989587,0.7267229278438206,0.18675487490101897,0.8682164828562322,0.08497492986032112,1.0,0.0,0.7206936945870801,0.4820026633516804,0.675292154917276,0.428771264430911,0.5438968165627193,0.6151531123942294,0.5017937360034236,0.6896347641696405,0.864557685648362,0.5906927049578313,0.8241595160280188,0.5534943374207583,0.6752969276073073,0.7197927789869983,0.6214779536189983,0.7618221486412267,0.9982494833563041,0.7094703957633844,0.9977178587167085,0.6546260344294765,0.8504816969988794,0.7588450600770498,0.7771429510815181,0.7927062012544016
images\Y\Y.d9f8f07f-c0d1-11ed-aa1f-8cc84b59e01a.jpg,Y,0.5075608770784947,1.0,0.29417150021820226,0.8316193317732511,0.15904201778314614,0.5838584981940851,0.07649698232359056,0.4089734791108448,0.0,0.2797525063470689,0.5528175113053089,0.4191368903412973,0.7355002236066469,0.20508590897210346,0.8726633780951957,0.0914681026352755,1.0,0.0,0.716160072635005,0.4991012458749784,0.6849821452456903,0.4398224502055059,0.5402971603982495,0.6266474484095261,0.4980140216905203,0.6925438562971635,0.857457315450206,0.6096094852187045,0.8290102264574627,0.5661695496599867,0.665423656907689,0.7239747248329739,0.6109752357327475,0.756225324384514,0.9881265546066347,0.7303341745142066,0.9833382648394423,0.6727393200344217,0.8262653366462246,0.7703258289401885,0.7554508004577518,0.796213768974335
images\Y\Y.db2e8d08-c0d1-11ed-987b-8cc84b59e01a.jpg,Y,0.5173491977860045,1.0,0.29723955549350184,0.8520030516543534,0.14906246118774652,0.6043332677579515,0.07262597063335814,0.43057042875976304,0.0,0.3114962949909278,0.5365485782770347,0.4545460097089369,0.68227087930563,0.22744770290600722,0.7893242654139896,0.10289388085723745,0.8880582320806838,0.0,0.7099111245866796,0.5215851329122841,0.663279415454072,0.4639586214978784,0.5323544452715212,0.6501700234428355,0.49811759710051295,0.7242909970816774,0.861548447468553,0.6250210648191566,0.8187820601261875,0.5871280905306677,0.6621274746555125,0.7441831655635899,0.6082464971553975,0.7799642054379294,1.0,0.742111943138147,0.993175101886038,0.696123680695291,0.8364354220556319,0.7936578282393184,0.7621138981120343,0.8205669987747145
images\Y\Y.dc64f8b5-c0d1-11ed-9ebc-8cc84b59e01a.jpg,Y,0.5342315165852043,1.0,0.2984007291238044,0.8303151023801132,0.15188513553231475,0.5810455988732351,0.07537108567039891,0.40687031988164196,0.0,0.2772553997363547,0.5320645267974423,0.43340846651184034,0.6981725757814651,0.20687160056082105,0.8271330524587877,0.09281489499740517,0.9486589055341881,0.0,0.7095398642067345,0.5019080664451285,0.6578194297869489,0.4321193464927,0.5296448268303496,0.618895926479701,0.49399126611645433,0.6985681424650804,0.8604372325598387,0.6064967690501756,0.81282993099364,0.5637577397409593,0.6677638500285947,0.7251719239032074,0.6208520508255108,0.7639827608939955,1.0,0.7228892587981932,0.997304241630486,0.6682799343477283,0.8463752845049655,0.7675379554015118,0.7742853108912044,0.797965000784416
images\Y\Y.dd9d0b25-c0d1-11ed-97a8-8cc84b59e01a.jpg,Y,0.575704926618971,1.0,0.3107541884073599,0.8281440649206415,0.16974713308935344,0.5738202538080831,0.09742682253212415,0.3880522911789804,0.0,0.28016836346372453,0.5347657616816568,0.4226047466067608,0.7127780259633942,0.188477443727715,0.8350376533035218,0.08530335218804806,0.9642623715639435,0.0,0.7200864199432669,0.477743149532783,0.6703809233531907,0.43651559937742584,0.5353775453391107,0.6290620372930682,0.5055143053944794,0.6951625975011568,0.867260001452436,0.5775538485689209,0.8177935516241975,0.5691566745587346,0.6636141669729253,0.7235147157967109,0.6137128115860381,0.7468778410379996,1.0,0.6880757427063474,0.9778646549694219,0.676517531889011,0.8312852518326002,0.7719000480337797,0.7681306928339887,0.7901778483363145
images\Y\Y.ded5dcc2-c0d1-11ed-a9e9-8cc84b59e01a.jpg,Y,0.5617345004323431,1.0,0.31502017146426553,0.8270014001678531,0.17431800265679598,0.5692853355912644,0.09538088470760242,0.38640724328043247,0.0,0.27197164100686777,0.5471150305367873,0.41194203251384875,0.7223459999399903,0.18943587824954256,0.8452427258617539,0.08716783307540768,0.9704901979503937,0.0,0.7269228356250699,0.47432349337254875,0.6781474439931588,0.4283257566739196,0.5389026941656869,0.6231115411363826,0.5008120412321642,0.6966234861225853,0.8706718638760307,0.5826856848425938,0.8261528012285636,0.5599809173799527,0.6676479172519892,0.7181399159421924,0.6082603441832808,0.7532377949250852,1.0,0.7020587211243351,0.9822300174301091,0.6808680921348039,0.8384452560916731,0.7761945209966999,0.7711434860763706,0.7985002421129795
images\Y\Y.e00cd6e9-c0d1-11ed-b6de-8cc84b59e01a.jpg,Y,0.5587191013742638,1.0,0.30605256112796714,0.8215061486781396,0.15936663394610032,0.5689367829072521,0.08760346019989292,0.38431848498437365,0.0,0.26888571718324217,0.521002699446725,0.41864305776888555,0.697959519453864,0.19326207665482711,0.8381745828127789,0.08870029505637722,0.9804803230412279,0.0,0.7023575539889345,0.47717359145207044,0.6584781590219525,0.42362129276156074,0.5211544038907728,0.614543530164227,0.4751768026057469,0.686393183339112,0.8513728694449402,0.5788021602566269,0.8238097893985366,0.5391360289773304,0.6659309187042656,0.7011169841845833,0.6016316593789042,0.7438635124183643,0.9930893606103873,0.6915859123219169,1.0,0.6478687763461891,0.8505560637158665,0.7439635796982784,0.7699731170801356,0.776630535747353
images\Y\Y.e1413b8f-c0d1-11ed-a4de-8cc84b59e01a.jpg,Y,0.5346765142188444,1.0,0.3053394621331094,0.8348234633228173,0.1527120102144246,0.5740400071292829,0.07483436362133544,0.3944823038528816,0.0,0.26937684231722253,0.542604330254795,0.4095770034365986,0.7089598622705778,0.19675097593020438,0.8391959512074163,0.08886902149684406,0.9633006120824288,0.0,0.7151747610616389,0.47664668522356335,0.6558493676888342,0.43258299998594096,0.5258392206933454,0.6221460381307794,0.4902725332904107,0.6883411884950063,0.8621664433530111,0.5847498046476697,0.8063593276228841,0.5587917165472078,0.6505763014908361,0.7152551386846594,0.5970552505535713,0.741779971522173,1.0,0.7052097431719655,0.9712713869953148,0.6658266529059613,0.8181287004450322,0.7631995665589464,0.7493409346981568,0.7850305012675036
images\Y\Y.e2784b0e-c0d1-11ed-86ca-8cc84b59e01a.jpg,Y,0.5807423312127179,1.0,0.31171590551251693,0.8294845472372775,0.16142274732700473,0.5798674887213218,0.08595636694529395,0.39219361188505303,0.0,0.2711022085906713,0.5151221324344344,0.42082452585260033,0.7085437792976083,0.19331462793366766,0.8378152206923061,0.08792984494176882,0.9729459035738179,0.0,0.7025198044267335,0.47753538771691967,0.667642553210564,0.4222797480805365,0.5305586030609032,0.6163534220685469,0.485748881325846,0.6931658507454168,0.8570086210470992,0.579725399818257,0.8238243695586154,0.5533316429311811,0.6665675838319226,0.7125913062399323,0.6026527117692477,0.747829056942871,1.0,0.6927632159772135,0.9935515845222339,0.6613153449178396,0.8446597807365039,0.7615372176317465,0.7698612989731619,0.7903134903306718
images\Y\Y.e3ac8a70-c0d1-11ed-9057-8cc84b59e01a.jpg,Y,0.537647373548055,1.0,0.30039316058460985,0.8231262217492702,0.15605218971039764,0.5674256682792603,0.08156821297769806,0.3927580563042225,0.0,0.2656286739965294,0.5380163042137583,0.4134424101253427,0.7033887898800071,0.196910056767644,0.8385319848634272,0.08863233922572573,0.9651620910310379,0.0,0.7116365556019079,0.4822234224719814,0.6428849829869789,0.4216480382245298,0.522122957519251,0.601471661075677,0.4825802232332031,0.6854802093557235,0.8599220147451665,0.5887329308773781,0.7916213269334187,0.5540619445028934,0.6473206478926823,0.7035722619600198,0.5857119676612811,0.7503715785622288,1.0,0.7072742730038067,0.9592898989195758,0.6668395562411573,0.8115879861264528,0.7545149717755164,0.7349170125277452,0.7814861921391384
images\Y\Y.e4e10bd6-c0d1-11ed-8053-8cc84b59e01a.jpg,Y,0.5875560813804718,1.0,0.3123196018236152,0.8278621883875873,0.1492773307132747,0.5764237942197739,0.07241878328194075,0.38977332939341697,0.0,0.27687301309467,0.5222305515608727,0.41169206371064876,0.7046374017902979,0.19180338766382837,0.8417363328018422,0.08774780688481054,0.9813156502040404,0.0,0.7108319932730675,0.4703785755001347,0.669420731327266,0.4219570131725959,0.5217837703686328,0.6088119590639318,0.46035574775362836,0.6854657387142439,0.861822504626466,0.5756956929149467,0.8184190008646647,0.5533865856554823,0.6548101080774187,0.7099789287839295,0.5836920048548145,0.74827235807118,1.0,0.6928447539602034,0.9846666508012597,0.663768884941702,0.8293958793005168,0.7585990236363752,0.74625179760727,0.7870575829088926
images\Y\Y.e619c40a-c0d1-11ed-a264-8cc84b59e01a.jpg,Y,0.5245588663397164,1.0,0.29268625192065173,0.8272616505766262,0.14664649184822948,0.5717069102890301,0.07103719185916331,0.39397318404390025,0.0,0.27127034951958223,0.541281033035898,0.4145238735322513,0.7128676985972461,0.20026232007738076,0.8439225884064381,0.08945766176480886,0.9677000018452577,0.0,0.714223274539381,0.48361184544427416,0.653772629539162,0.43828734460899665,0.5213511473234536,0.6258947608140812,0.48738821387033454,0.6977228449550119,0.8624382355039165,0.5900556151445394,0.8030347054431525,0.5644532243052826,0.650501565852706,0.7198889828307612,0.6045361944560194,0.753899864729793,1.0,0.7091078590376665,0.9700825876793515,0.6642298442672437,0.8174089881680419,0.7581528233659721,0.7541048034814231,0.7839894938008005
images\Y\Y.e7520735-c0d1-11ed-9859-8cc84b59e01a.jpg,Y,0.5191965046342438,1.0,0.299388968016312,0.8474782676490079,0.14718498778938272,0.5929907613144662,0.06972774722184794,0.40491077067009706,0.0,0.28480396055042295,0.5455194885460735,0.4371395158460999,0.7134151977362752,0.21574116087787004,0.8374423294717419,0.09602011460647877,0.9539370749530339,0.0,0.7189509002894244,0.5053164931976767,0.6545233293503595,0.4497895762678829,0.512950047272294,0.6356479164230304,0.4793441233689945,0.7023753946906794,0.8629585106276357,0.6142791876193817,0.8114904525556549,0.5609416442521342,0.6478645618153451,0.7199101859431646,0.5982166819415382,0.7577452929481931,1.0,0.7359012980937902,0.9848102259604516,0.6729246481892956,0.8280730610285872,0.771869333021479,0.761169680252208,0.805921178809496
images\yes\yes.d8bd2a2f-c0df-11ed-8233-8cc84b59e01a.jpg,yes,0.6301334016271104,0.6040660910571671,0.37694817205344994,0.7239170811392687,0.10180069041437696,0.8362792981976772,0.0,0.9748001050559965,0.1508795892553356,1.0,0.11814098089727088,0.15128181271059782,0.2611137799991854,0.7139815162689575,0.3413745908092422,0.8924100575805792,0.33298740080245187,0.7916434550231959,0.3954432874303183,0.012596708638029093,0.554902561407209,0.7123526772201618,0.5809473752927176,0.8253179062763891,0.5029144815726763,0.6326814836450662,0.6768672126821098,0.0,0.7932539808743947,0.6734377925992054,0.7969727555813703,0.7574661011858843,0.7583209327680126,0.609064495195337,0.9083630305251981,0.06343521330960544,1.0,0.5637249417304324,0.9930450822621979,0.6429574205219587,0.9774334819169349,0.5385215135130043
images\yes\yes.d9f190d3-c0df-11ed-bd7f-8cc84b59e01a.jpg,yes,0.5755945445009528,0.5598210835838294,0.3222524936339063,0.6967840450914775,0.033348126244443756,0.8234537460897507,0.0,0.9686792580513479,0.22705773744402227,1.0,0.06911631737201956,0.1734082311156517,0.23025561675759956,0.6670443208882078,0.29781630526872865,0.8288309528019542,0.2668484929029625,0.738184116256377,0.3591058278532322,0.021735855976214333,0.5476335693079528,0.6662180658428128,0.5476561146537628,0.7855125946591398,0.46206626907751563,0.6336961433426983,0.6533552220953882,0.0,0.8020690694467847,0.6180398654415825,0.7724130402280165,0.7021099519527779,0.7118087774964225,0.5685044019638019,0.8964432937088992,0.04940557662123901,1.0,0.5017698448561531,0.9748364275831627,0.5734477429157089,0.945909562311776,0.4792120997793015
images\yes\yes.db26d014-c0df-11ed-a6a8-8cc84b59e01a.jpg,yes,0.6087634891266702,0.5123238931292654,0.35449003354053116,0.6480147752036227,0.08575051495652491,0.7810710918681183,0.0,0.9452426582119178,0.14755612114694033,1.0,0.11697032392132559,0.16822359749271948,0.2625025064255637,0.7093234802537308,0.333610369310414,0.8218607660055507,0.31663503253796094,0.6892647945226651,0.3948075976594542,0.02278874240761634,0.5632832579886619,0.6954816623649599,0.5726162753604696,0.7416111198200127,0.5008493364807962,0.5566412244077885,0.6759448085090869,0.0,0.7996448850689951,0.6525392949322288,0.7847926046774458,0.6836462650219354,0.7340329298747699,0.5347786920897905,0.9065803924606719,0.04730295128731059,1.0,0.5420514835920613,0.9878426967316211,0.5619401617500623,0.9609880557429046,0.4320008345826314
images\yes\yes.dc6160c7-c0df-11ed-ba02-8cc84b59e01a.jpg,yes,0.5893383276993548,0.5347467003457087,0.36175955072850496,0.6970399206470675,0.09399480264097587,0.839366391602983,0.0,0.9774413118937101,0.1504676405163699,1.0,0.12023515447582962,0.1763365396186339,0.2681057763319755,0.7302087921460225,0.34110630448286056,0.885803980030914,0.3216123328214219,0.7642334649261674,0.3976134666296112,0.022448865143243027,0.5763637531265536,0.7383432855525556,0.5809316493033834,0.8418683690004826,0.49700659136733505,0.6432634711299965,0.6746717879955844,0.0,0.8091653555164087,0.6753171722222676,0.7871806597124955,0.7408090447388375,0.7335860780755378,0.5779596996458793,0.8988751604106069,0.048110636120305215,1.0,0.5562077429862265,0.9742429560505386,0.6192174997049968,0.9419482456422016,0.5033805611018748
images\yes\yes.dd9af334-c0df-11ed-9a78-8cc84b59e01a.jpg,yes,0.5906330368780572,0.6084121046366414,0.36674727535404683,0.7741794421083218,0.10830881416220649,0.9148954705330467,0.0,1.0,0.1187245246785527,0.9419080145275813,0.10352069151016398,0.16850057226566195,0.2853230439041975,0.6988696248722647,0.3645437487100663,0.9018832325874488,0.32201918920678047,0.7889614911346106,0.3830954292259619,0.024277589824503287,0.5761384934019369,0.6785918768651648,0.6042130138803821,0.8681783038813768,0.5141243220720383,0.6797060325454961,0.6610819143367196,0.0,0.8098436057951471,0.6129730361716602,0.8097345698895121,0.75490580971436,0.7514982701676093,0.6141061049885403,0.8905029169886286,0.03960238855720851,1.0,0.4946192126518567,0.9940135949972546,0.6063161852318206,0.9588517406525354,0.508792029431133
images\yes\yes.decf7afd-c0df-11ed-b5ea-8cc84b59e01a.jpg,yes,0.7148212782658278,0.9585021728645423,0.4116052497118188,0.9024468317377612,0.10879847553976901,0.7887214576387013,0.0,0.8795432482073713,0.17675494351154084,1.0,0.26430477356483273,0.055387384186874986,0.27655722773352553,0.6778695935886002,0.3128090697484986,0.9334170900761212,0.3237014565802822,0.8533004967428619,0.5278078232258032,0.0,0.5440916058421187,0.79128226762438,0.5395409340774622,0.9499297504197088,0.5130988554206458,0.7442884439132038,0.788063496138248,0.09642695462210167,0.7718043971396624,0.8392098741675209,0.7297968291424665,0.9388600448265101,0.7089465772461475,0.7476461148096477,1.0,0.24622693759937633,0.9915024177603566,0.7777689374735561,0.9345479318830885,0.8560814919801993,0.9215638552848859,0.7285603091721651
images\yes\yes.e0078bf0-c0df-11ed-b556-8cc84b59e01a.jpg,yes,0.6581845448699327,0.8765685159353197,0.38234501046547137,0.8800306473570075,0.11106559106946441,0.8657486556021914,0.0,0.9409795835616234,0.1702999108634821,0.9648432276990415,0.2630977298741412,0.048793229222702676,0.2687746584134693,0.7507209405156443,0.3109568395517848,0.9991890390921716,0.32026726057906457,0.8822035748201613,0.5340359972489342,0.0,0.5303121267873858,0.8277137183614858,0.5416292367778762,1.0,0.5136115683806204,0.7451748136935475,0.7905634470755029,0.09089540905328398,0.7678954594999913,0.8437780827864219,0.7495522069357646,0.9681704062702702,0.7463770598853392,0.7769328886315594,0.9959171005554273,0.24840279881017607,1.0,0.7738320825836816,0.9576971493694647,0.8744478282852468,0.9523698147499833,0.7590189860625423
images\yes\yes.e13cbc74-c0df-11ed-a7e7-8cc84b59e01a.jpg,yes,0.6517759412011265,0.7026799352382249,0.3661101149989184,0.7071003138292689,0.08826175730177437,0.7223608930925861,0.0,0.8791528370846869,0.19877292522097786,1.0,0.2476361000384179,0.03348627569308366,0.25536364367570896,0.7444598508694585,0.3062501280180409,0.9307098317907992,0.31546143197358606,0.7881335435703745,0.5215502447704943,0.0,0.5192806410244241,0.8268702662911204,0.5409110688020159,0.8957536187813844,0.5225219329250411,0.646317466541902,0.7848592500965443,0.09126232628146952,0.7615457285438016,0.842678549834045,0.7484581632046425,0.8656322315456532,0.7368108944976473,0.6491123433642075,1.0,0.23394839017208363,0.99883547296234,0.766210109458671,0.9623659432544109,0.790327882902821,0.9521729594923442,0.6431527572478359
images\yes\yes.e271c1a0-c0df-11ed-b16f-8cc84b59e01a.jpg,yes,0.6575596855519551,0.7487984454332494,0.37958412647669976,0.7882011226757245,0.10379497909976411,0.7982948436307519,0.0,0.9254280208729259,0.1893018885288462,1.0,0.2710385213385838,0.02475271678730903,0.29123594743699655,0.7433958922766198,0.34262582523237284,0.9715536210478507,0.34561191918898365,0.8431060976146002,0.5376945320333048,0.0,0.5342826835612259,0.8332117573145895,0.5622846403851649,0.959063115723303,0.5412221431097032,0.715808476508923,0.7880590147100849,0.09813142377665511,0.7679390865894593,0.8496934898903166,0.7676499222598411,0.9330002692542381,0.7597427067137467,0.7407419008385432,0.9899446373821184,0.2484535952066722,1.0,0.7722060957472889,0.9740260683822781,0.8443885188065351,0.9648643543207545,0.7257094427521518
images\yes\yes.e3a7c972-c0df-11ed-a80a-8cc84b59e01a.jpg,yes,0.6220264817808501,0.7690938693428688,0.35334841059148375,0.7975379423020262,0.05228068271517599,0.7486756882547247,0.0,0.8616743869880115,0.2075793424499896,1.0,0.22583944460540958,0.054210398031530126,0.24997977982015815,0.7278910487440599,0.29569632668439216,0.9893014499425147,0.2994362921002061,0.859696755655364,0.5227187797863725,0.0,0.5264602809120479,0.7862947943110723,0.5255828786778971,0.9796677782949165,0.5001807018603589,0.7380744080254394,0.7910226496728426,0.09031164235015215,0.7802460616720605,0.8153179620613739,0.7466365394518745,0.9683873058350021,0.736526449530943,0.7870853944263257,1.0,0.23691254254848082,0.9977803873469793,0.7677179536916444,0.9479281738259754,0.8992589961866834,0.9409273844711067,0.7949772575224356
images\yes\yes.e4dcfc29-c0df-11ed-8773-8cc84b59e01a.jpg,yes,0.6530656825154498,0.7117282811223297,0.3718876722745172,0.7406426934757239,0.10181703740119963,0.7628424158213681,0.0,0.9089698951250557,0.1764166313997277,1.0,0.273648315152534,0.03595978641417637,0.27020111440269207,0.7820617729835939,0.3153221085100997,0.9605241402364932,0.3246413767691705,0.8153748844860479,0.5398470799463225,0.0,0.5377721133481047,0.890886287374062,0.5511992876892808,0.9231574434875984,0.533263972305109,0.6498861544991971,0.7953411477702661,0.10146949980730138,0.7728483339181292,0.9073272972470853,0.7457022388723441,0.8985046467121889,0.7299963152971854,0.6624539522456153,1.0,0.2586376177761317,0.997366952418465,0.8211841014322226,0.9544362551299957,0.8101127993367079,0.9399979866080111,0.6294679173337967
images\yes\yes.e6118ef4-c0df-11ed-8b53-8cc84b59e01a.jpg,yes,0.6414867992348131,0.7946935527928058,0.3699666634047041,0.8241400262204002,0.07999193285192065,0.7797712528959378,0.0,0.8943846329173736,0.17758803200829765,1.0,0.26088729687452655,0.06678406137692212,0.2803006105499818,0.6777705637624072,0.31885750505562804,0.9570172301235857,0.31680793282807684,0.859674440941911,0.5425017994608323,0.0,0.5386286742407119,0.7468731607484299,0.5382695271925977,0.9796949602200943,0.5043313730097267,0.7582837361511238,0.8002581089988937,0.08695639236811395,0.7817081391265126,0.7852867015676895,0.7557511960391495,0.9647238615758068,0.7490883476901082,0.805643515628394,0.9988857996833743,0.23528494600299577,1.0,0.7497213412990346,0.9561577326147743,0.8927843910660206,0.9523859434912173,0.8043211885946615
images\yes\yes.e74815db-c0df-11ed-afc2-8cc84b59e01a.jpg,yes,0.6462538043494305,0.7566853229139952,0.38926083692243507,0.754901564409311,0.11710557518614621,0.7593814775144447,0.0,0.9012451913648226,0.1695103963411334,1.0,0.2762855576908128,0.0476932128471646,0.26429859751975604,0.7710953882360041,0.2924313495120888,0.9577757327982862,0.31052101260392156,0.841114547347142,0.5466440545878019,0.0,0.5480142599759316,0.8823805572736736,0.5398092634740144,0.9165507565586012,0.5225614034051941,0.6687652179160318,0.7987406902292794,0.09924540256762261,0.7811838574553441,0.9079053208019672,0.7414129695720925,0.8929087151326807,0.7202739229988852,0.6550617768189841,1.0,0.25995866459486777,0.9888656667365299,0.834049511970673,0.9422703196293115,0.8179667204730943,0.9290578005276152,0.6360311976707348
images\yes\yes.e87cbf2a-c0df-11ed-a2b4-8cc84b59e01a.jpg,yes,0.6458785699820162,0.8555223793214485,0.375470295214511,0.8355538235609808,0.10813329648838145,0.8051786637783828,0.0,0.8996315242528029,0.1634925129147546,0.9668926797615214,0.25544381735717764,0.036140750173199454,0.27698597285485405,0.7230363816437848,0.310030358232977,0.9858647287842862,0.31239695028699727,0.8864366529082872,0.5282866757419216,0.0,0.5391240452648975,0.8090982162895309,0.5422667124476526,1.0,0.5155139749373385,0.7853223217509245,0.7844968551473741,0.0998183845125533,0.7717800045554347,0.8300992603651337,0.7443415235646617,0.9619699120829797,0.7287627138152543,0.7908104270952255,0.990692926303459,0.2555094503478626,1.0,0.7586910755930252,0.9519872719793655,0.8642165042006967,0.936981533977084,0.7644219041206834
images\yes\yes.e9b7cd3f-c0df-11ed-ba91-8cc84b59e01a.jpg,yes,0.6178152042824196,0.6123054034007236,0.3381805006030087,0.6595551552555949,0.04788523792395743,0.6815146475906676,0.0,0.8460456803285247,0.2302974842900366,1.0,0.22349935467490425,0.05054754114667918,0.222859848084125,0.7053906420633564,0.29145896367137086,0.9012479699674113,0.31497841863614245,0.7788161909560561,0.5210830882508516,0.0,0.5034048833125278,0.7446575813472712,0.5286318050060301,0.8586189074694387,0.5126748196263462,0.6400057522095188,0.7897631339525634,0.07814787503432945,0.7665853839155364,0.7600150076443837,0.7575026976704822,0.8521265875341403,0.7525083045934452,0.6802360784635978,0.9994445972536656,0.21036273519725104,1.0,0.6896758651560989,0.9726625478704272,0.7790464955852873,0.9760409834331295,0.6859796380432973
images\yes\yes.eaedb40a-c0df-11ed-a155-8cc84b59e01a.jpg,yes,0.4086836575250671,0.6391111682239117,0.710050149615077,0.6532503171142191,0.9618657185383734,0.6683623641383198,1.0,0.8217776635521767,0.8029408086316628,1.0,0.7712581948608996,0.0,0.7313129765217042,0.6375492252464371,0.7451230348546001,0.9009658511511454,0.7400501727753056,0.8433186313930641,0.46523070675753714,0.006365912501347218,0.4851749446470536,0.7876847760303103,0.5259195768780629,0.946558170769116,0.5283525588964614,0.7624615524917302,0.2080350167216851,0.13124217577661895,0.2625408778035457,0.8497226805063879,0.31916184676575127,0.9617013074225453,0.3323365428263508,0.7709664314908928,0.0,0.29134506172327745,0.0595885662583261,0.8284975832994802,0.11412028959549889,0.932297565060231,0.11171934589338266,0.8359930856664373
images\yes\yes.ec2402c0-c0df-11ed-8048-8cc84b59e01a.jpg,yes,0.44674686741455094,0.5928098879647576,0.7186606147083907,0.6097701688838066,0.9630262661549563,0.6852766351711959,1.0,0.853322610005244,0.8129299104506987,1.0,0.8407519025126288,0.0,0.8038761644689366,0.6437673669263974,0.8001968116512498,0.8886501781145943,0.7828698008922128,0.814124483028525,0.5160620858754839,0.010850481042872359,0.5176209981630913,0.7737074959679885,0.5504907990553041,0.957798422671917,0.5532002394541757,0.8038483429788751,0.23274699862231843,0.1265379982106738,0.2663257314833038,0.8356360073054108,0.3133936479039559,0.9673391995908144,0.32074312799317717,0.7899246640277405,0.0,0.2720258048738904,0.03955442662205603,0.8056802926986363,0.09717677786524963,0.9357448479374098,0.10541457554287213,0.857488089097768
images\yes\yes.ed598b35-c0df-11ed-ac27-8cc84b59e01a.jpg,yes,0.4587974377665552,0.5505808074776475,0.7478869367688462,0.6083705543745671,1.0,0.6825614445744859,0.9896177701046504,0.8618565934984594,0.7531186081293264,1.0,0.9014288564277573,0.043101567662677844,0.7779706884085749,0.7016699707804874,0.7700123130539974,0.8856589517599383,0.786147623648349,0.7661610974434917,0.5652041226493694,0.0,0.5043898345933706,0.7373627598506381,0.5280264931854637,0.8521245849953424,0.5461574334292427,0.6433846068104553,0.26908152749640074,0.06585059036154171,0.24232763736340537,0.7418101766705679,0.29277261427695855,0.8423097746037054,0.3303073095998194,0.6497488077324225,0.01811473885694027,0.16568299615448923,0.0,0.6438439980573403,0.06490847381241717,0.7576388723019721,0.10859715473997515,0.6788262036130286
images\yes\yes.ee8df885-c0df-11ed-be98-8cc84b59e01a.jpg,yes,0.44596561116802597,0.9221154794058853,0.717559797942105,0.9369600886929405,0.9802062621012465,0.8323732329412931,1.0,0.8334586685426517,0.8364600681632788,0.922463355580548,0.7647345368653261,0.0,0.7935119349736302,0.6453758533676117,0.7834420240447123,0.964961540069503,0.7453016518001535,0.9483651626269503,0.47544945377317666,0.0049998167714510305,0.5245269160276257,0.7274245653225261,0.5667383285277057,0.9954657385839581,0.5689246142493055,0.9294456536381706,0.22450363043549965,0.1430209794107886,0.26754505368239734,0.7961548843827856,0.3482007080198435,1.0,0.3595977253964089,0.8970503300436496,0.0,0.32539222522556466,0.03728033145292741,0.8064647161170412,0.12063069001658544,0.9683050739856235,0.14123265457227124,0.8725828670467842
images\yes\yes.efc19cdc-c0df-11ed-beaa-8cc84b59e01a.jpg,yes,0.42524434633773234,0.9201888978732576,0.6846072395777536,0.9015551468214847,0.953829691287742,0.8327902592421983,1.0,0.8442172456843117,0.8494051726930043,0.9172018080099964,0.8038634500731233,0.0,0.7916467560423243,0.548722389934492,0.8066934577716212,0.8783335321079335,0.8116406769695323,0.8811904154899758,0.49366132090279213,0.013870272766165573,0.5182227681207443,0.6764297820518572,0.5660817635290513,0.9744614758412269,0.5875002802851185,0.904419142322249,0.22510370549383746,0.16121805427750174,0.26677263520331257,0.78751122894129,0.32339060284968996,1.0,0.3332926400865022,0.8797193010866223,0.0,0.3465773749279214,0.04246680801341382,0.7997747099623277,0.11199856992303993,0.9798579326930967,0.12815931156992055,0.9074625820492311
images\yes\yes.f0f7131f-c0df-11ed-a81c-8cc84b59e01a.jpg,yes,0.4092471035107291,0.9234346966223559,0.6866140590218406,0.935290141500299,0.9546458025569821,0.876649383033515,1.0,0.8372231733347987,0.8349230687363758,0.8201319559776847,0.7840056999725455,0.006607401890618556,0.767677849833225,0.5652174840870182,0.7663119567095938,0.9171591319522432,0.751748630457274,0.8960874684501228,0.47990246378770335,0.0,0.5083712460307631,0.6567389364030233,0.5454693365117054,0.9783510891142987,0.5591727693512514,0.8867933587741869,0.21883298430576792,0.14324484518619962,0.2789892626343348,0.7808524588764589,0.3284743390570087,1.0,0.3423115121644779,0.8537776893352745,0.0,0.32267328491639785,0.0404154613168048,0.8173193421087028,0.11371336917635302,0.9858035555664627,0.13907374975218023,0.8903096596107688
images\yes\yes.f22b9f5f-c0df-11ed-8b6c-8cc84b59e01a.jpg,yes,0.4042424400769746,0.942112641775235,0.6845290753310012,0.9734868750641822,0.9688592923878352,0.9123275733435608,1.0,0.892091677961784,0.8239808818670995,0.9164062974274365,0.7969787411616849,0.0025423233578866205,0.7918485688381954,0.5645262773884138,0.8094088483629964,0.9041604801195533,0.8025352476535139,0.897236464440096,0.49836559693254273,0.0,0.5316733811449441,0.6872834472111887,0.5805997442483345,0.971787075738088,0.5917696506233001,0.8943866339945113,0.23115162235290068,0.1446968360243986,0.27094403228614494,0.7605943851021326,0.33739661213284533,1.0,0.3524064561546074,0.9167064288838798,0.0,0.33444686453405015,0.04614224959399362,0.7894314012394464,0.12508646940857,0.9712055355814636,0.149565400418374,0.9059380072519476
images\yes\yes.f365f2a7-c0df-11ed-a5b0-8cc84b59e01a.jpg,yes,0.40816494787786967,0.930908238064843,0.6711352407128776,0.9631991276056333,0.9592362826981199,0.899222996559288,1.0,0.8422991553032838,0.8361806094914983,0.8189607558574545,0.7845251115518663,0.00026826997427764366,0.7738555138992548,0.5537266399702672,0.7923070525525346,0.8772498899440115,0.7982864949695293,0.858858432356515,0.49254561641756534,0.0,0.5158416107327621,0.6961643923576251,0.5686761468752298,0.9806693254234503,0.5898352848967204,0.9092529198166622,0.232523641244528,0.13827222165085615,0.26481624107070534,0.7760903433148265,0.3277854988170501,1.0,0.3409881750748965,0.9108342434378607,0.0,0.31454191949615307,0.04055320915398713,0.7819541916775362,0.12010494836171341,0.9593317955423651,0.14674933414310967,0.8949170730167748
images\yes\yes.f49ae920-c0df-11ed-a91f-8cc84b59e01a.jpg,yes,0.40334715619241573,0.8211248146290981,0.6573148891067495,0.8564423723207903,0.9065945075125104,0.8548105749431885,1.0,0.8561265749858638,0.9120984842411199,0.8433522527232186,0.8077799823368733,0.0,0.7862233924692458,0.5936856536258015,0.7824953238166241,0.9124835966755929,0.7758808048275004,0.9268433069102004,0.5053569523468033,0.015328973338596622,0.520696980160862,0.7275906583734304,0.5598351357339951,0.9791339044713062,0.5763086842864457,0.9329704153375084,0.23282336683940505,0.15756153247058072,0.26483718422742125,0.7969177753358014,0.31176201367219436,1.0,0.3216235683429803,0.9371653988541678,0.0,0.34248861102516776,0.028108864957884363,0.7766373985127653,0.08648732932640865,0.9471092808142451,0.10899916734581536,0.9122398139356243
images\yes\yes.f5cf48ae-c0df-11ed-91c0-8cc84b59e01a.jpg,yes,0.3858381817101237,0.9964101453704287,0.6516402017208215,1.0,0.9224726794108793,0.9065475815702709,1.0,0.8023076832512525,0.872544746720732,0.7304983054022884,0.8053404703243585,0.02829192433714637,0.7754698629150756,0.5629192024206052,0.7629732029437672,0.8748536646667291,0.7531190915315233,0.8317759209976039,0.49772539818215467,0.0,0.5155209260951308,0.6281902638310245,0.528429985992415,0.9124854560466757,0.5360771417375301,0.7966062999824424,0.22815923227417179,0.12055523221440231,0.2720446725515597,0.7070964254507538,0.30753727906887973,0.8993381829387462,0.31503416372204585,0.7474964948624588,0.0,0.2880652306224377,0.041792758286291073,0.7245696448690366,0.10825558455213175,0.8822811266195425,0.13317715125630983,0.790711935793149
images\yes\yes.f7059740-c0df-11ed-a4e1-8cc84b59e01a.jpg,yes,0.4245573113607734,0.9683567547096189,0.6826767082529019,1.0,0.942705440906355,0.9544278738286921,1.0,0.9006048051597799,0.8581392026884588,0.8511668608087404,0.7886327315482231,0.01809882309735986,0.7597830006660115,0.5921667976886573,0.7554976817837851,0.9504845900924422,0.7439680485484239,0.9299217884788634,0.48718114953649333,0.0,0.5012798367850395,0.6918718547549506,0.5325482971111679,0.9962994416741742,0.5415772704501675,0.9035261173689254,0.22342707483230678,0.14016216123164496,0.2638133258574764,0.7665922614778133,0.3092894765558385,0.9906966735716212,0.3221727433533327,0.8628039088546,0.0,0.32670782861175984,0.031060428220789985,0.7855586988081781,0.09677886270320385,0.9550395648157181,0.12067821316095166,0.8691474772050427
images\yes\yes.f83c615a-c0df-11ed-92c5-8cc84b59e01a.jpg,yes,0.3941505286098956,0.9786972792301074,0.6524163372671606,1.0,0.9409429212742589,0.9176441207349513,1.0,0.8466573234161247,0.8527884416484259,0.8107926044831173,0.7793417462826606,0.012398701583916465,0.7657575062486627,0.5427596106504293,0.7718463146077938,0.8742544157264541,0.7686499391581479,0.8527342699586016,0.4866687885744158,0.0,0.5108779778574778,0.6667767483406968,0.5558882643683679,0.9765964170331948,0.5771765705821792,0.8886198003523709,0.22628439135328518,0.1366661244733468,0.26414325603780553,0.7494639679678758,0.3259834716425996,0.976948568856087,0.3434547147545492,0.8615561386415702,0.0,0.3164716687560278,0.04372303532383691,0.7695683867338986,0.12583778311613414,0.9563331739613575,0.15861331550456656,0.8881876887065513
images\yes\yes.f971c58d-c0df-11ed-9fb9-8cc84b59e01a.jpg,yes,0.4243920245468896,1.0,0.6957478014779788,0.9973223085856936,0.9827707761273377,0.892329608114002,1.0,0.8216001914847865,0.8124532614196563,0.8568314021783053,0.7939387645863889,0.007108264635955028,0.7666552285074272,0.5800264341873311,0.7777382454674369,0.9478038121171617,0.787703792369929,0.9690147322778453,0.48558512264325077,0.0,0.492913002463298,0.6846896746914491,0.5492677835206362,0.9993278132205209,0.5843351855693394,0.9338023162804633,0.21967795461393538,0.14101494675849535,0.25779474883918085,0.7799389835717773,0.3151287449534493,0.9926402181069208,0.33754867196161836,0.8630319935478914,0.0,0.3271261085415813,0.03412211236131029,0.7971571363737624,0.11049432060130833,0.9729207123632064,0.14196879498303366,0.8874164534297833
images\yes\yes.faa7668b-c0df-11ed-83ff-8cc84b59e01a.jpg,yes,0.44298927587683484,0.9362128404396836,0.7272947047363824,0.910868585031156,1.0,0.804336343905342,0.9827892340723179,0.7985420429881678,0.7698701010176647,0.9329967093747812,0.7912933043098572,0.0019435692781628509,0.7607807179516679,0.5454013862633901,0.77445024952536,0.9013568578029826,0.7814992448656193,0.9257634950640622,0.4766696825757732,0.0,0.482918540452069,0.6616800392074494,0.5457750783090841,0.9617066442624098,0.5761706318556866,0.8980998389694042,0.21188468201664395,0.139630609815865,0.25196705625534177,0.7928922495274102,0.322851003593552,1.0,0.35629003011859245,0.876068613036477,0.0,0.32468080935377724,0.03979623893240289,0.8168603234614576,0.12458328756573488,0.9970493593782819,0.16222904858522952,0.9347565637471119
images\yes\yes.fbe0a3f9-c0df-11ed-9d0c-8cc84b59e01a.jpg,yes,0.45035379892546,0.9550612520604987,0.7306669650732434,0.9590051786970143,0.9919533209725693,0.7908529144416987,1.0,0.7947212315458536,0.8413175303439676,0.9619522826017463,0.7576069500599765,0.009864264210839404,0.7649148969812835,0.6435288525419536,0.7807867107595038,0.96585673661475,0.7769081788143638,0.9324790197446511,0.46590949765588824,0.0,0.4941725942947827,0.7094464659493027,0.5470509681196027,0.9859232841222761,0.5618987047823296,0.9159399904932132,0.21894778776610901,0.1220510197557701,0.24265214622273915,0.7772365271874644,0.31806925921195295,1.0,0.3254170187952186,0.8897802042013326,0.0,0.2958890096541142,0.023896514206777925,0.7965208496065247,0.09773267518105028,0.9918091526450827,0.11038054248456883,0.9138679557350664
images\Z\Z.00921da0-c0d2-11ed-8597-683e2670f3d6.jpg,Z,1.0,0.630701660305693,0.8351471587516492,0.36702774675041006,0.6571122577844164,0.2841020563515129,0.5209647928083312,0.37456151135688853,0.42058943221357176,0.5255114719877367,0.5570988722483903,0.0,0.337215856985378,0.3889914172633077,0.1845927363132894,0.6250866513724269,0.062120737534955235,0.7802893959647274,0.5555374508175815,0.12049380164748782,0.3064687151474442,0.4924583877220564,0.13973301107498243,0.6873402671870544,0.0,0.8051338158779321,0.5624027225695489,0.35594683464171456,0.32689593190128746,0.6333907957277276,0.17242307558680223,0.7917103738369097,0.04486524643525939,0.8760957311283121,0.580106911919133,0.6741738363865135,0.4030928937347342,0.841245530097128,0.289013248987399,0.9405807015295111,0.18630147943838923,1.0
images\Z\Z.01c5af53-c0d2-11ed-bb66-683e2670f3d6.jpg,Z,1.0,0.23944446631610927,0.8337082584902864,0.12497799421647154,0.6613275758184375,0.13516119375711705,0.5509396534855132,0.2066805473330476,0.4656170311193904,0.3082072473123232,0.5390891099946252,0.0,0.3273754912018653,0.3671210938341466,0.18105167668216793,0.5702495177297905,0.06098015263076644,0.6978934615524607,0.538218099565734,0.06822869970146415,0.29521780681949017,0.4505269131661067,0.13403079566570342,0.6379233374212713,0.0,0.7479047151430246,0.5570673176957618,0.2740854693490076,0.32580682052280246,0.5845077798337143,0.17131515346460274,0.7548373726171543,0.043535548532628816,0.842778054681308,0.5915736840230252,0.5987786697290299,0.41130021153110413,0.8084364045855225,0.2937380700742605,0.9256601920761351,0.19190252014760192,1.0
images\Z\Z.02f9988e-c0d2-11ed-b16a-683e2670f3d6.jpg,Z,1.0,0.2878930970541449,0.8434628517954385,0.1926642277366583,0.6640900776565851,0.21245987845092384,0.5383672049340567,0.291826812960633,0.43729732448673875,0.38158377755954304,0.5338957030302364,0.0,0.3264586742368869,0.4254970679501379,0.18647653614219523,0.6635868900191078,0.07071669257664664,0.837518315506763,0.5396782918380681,0.07449351936972694,0.3009772961508092,0.5125094518996357,0.13878291733275488,0.7484335731475061,0.0,0.923020748684578,0.5622893995434185,0.29596760783009485,0.32975872542809104,0.6191943373316307,0.17711920843832246,0.8064784339810304,0.05059886373341591,0.928065945237027,0.5957223120819101,0.6328168386572498,0.41836129462922006,0.8251673103894026,0.30375548000006286,0.9328326833354773,0.20245911646182327,1.0
images\Z\Z.042dd3c7-c0d2-11ed-a33b-683e2670f3d6.jpg,Z,1.0,0.42226024005584717,0.836777129184585,0.26399138137187883,0.6491436176445702,0.22901262600033334,0.5215133251957413,0.29767420233002484,0.4299504671018757,0.4320365132238452,0.5241451858171007,0.0,0.31106737429729187,0.4125981009065502,0.1739220782409989,0.6440932927845561,0.06115872868853531,0.8111293349791177,0.5458564344054117,0.13635210767487868,0.2961203545057534,0.5327371390889086,0.13509212446405203,0.7288888298424829,0.0,0.8701776867389556,0.58110788519856,0.37715012790256697,0.33707127831285455,0.6773147465983231,0.18486004827569086,0.8231586982199924,0.05766644182853989,0.897746789150384,0.6272465906594572,0.6910120366098452,0.43616790416610723,0.8761138634788049,0.31544557854088684,0.9615464978368886,0.20850155042215204,1.0
images\Z\Z.0561a689-c0d2-11ed-a3a4-683e2670f3d6.jpg,Z,1.0,0.3833279920856643,0.829296139831085,0.2673189955667644,0.6374332028168053,0.2851105754381565,0.5074315132082753,0.4244039283715465,0.42185938115019866,0.6013960395809675,0.5165162942044,0.0,0.3112447695289013,0.42742347501573347,0.17938923011429872,0.6702627197168675,0.06875452657991545,0.8398635891790966,0.5390000888628907,0.13305106000543415,0.29387740076449054,0.5449024757844086,0.1345287077704058,0.7561819136064801,0.0,0.9100620978098563,0.5795264214725107,0.3628216650294581,0.3364814259702675,0.6886784127669753,0.18527521673308459,0.855386880502356,0.05999863267114972,0.9460713962253635,0.6308686758849442,0.6577984538249139,0.4424078795898391,0.8541845192064299,0.320782360217257,0.9526562256886145,0.21485267031638292,1.0
images\Z\Z.06958813-c0d2-11ed-9927-683e2670f3d6.jpg,Z,1.0,0.4677444142295601,0.8173528389214377,0.299784523363236,0.602734586467737,0.2658342533904937,0.4593494235623547,0.3491370967690079,0.36223150727975917,0.4776186584377011,0.45381984433710193,0.0,0.251416969917389,0.3941055468997664,0.12904650726930825,0.6361074798235805,0.02997531493832915,0.7817429365652471,0.4997631125891028,0.13519149513521786,0.2601197953571461,0.49629780144384134,0.11665311531330799,0.7031032879638519,0.0,0.8431360949408967,0.5627211674926373,0.3576970042252969,0.3268366960894766,0.6589276838287067,0.18563124572818843,0.8505970779799081,0.07173264329423994,0.9591719678463332,0.6359409760179365,0.6290908249134974,0.43812187299908517,0.8160520127549823,0.3148045574350946,0.9306269399166772,0.20920816202541523,1.0
images\Z\Z.07c98edb-c0d2-11ed-8f92-683e2670f3d6.jpg,Z,1.0,0.5098963818168115,0.8284752175371615,0.35188018014531397,0.6236792795215679,0.2708548483138706,0.4868685666854057,0.27556285226006594,0.3854425141836095,0.3317133019783258,0.4802017333977758,0.0,0.26794657380950787,0.3945883076647309,0.13597854672961185,0.6358399007068796,0.02981506129128665,0.7855875601146379,0.5267924748810098,0.14044436115699843,0.28289282622829864,0.5204904091563683,0.1281109864582919,0.728325630376199,0.0,0.8717506862727126,0.5876722546878866,0.3690975963650462,0.3508435538280169,0.6976081791893189,0.20713508512981826,0.880165207891576,0.08765729400280697,0.9746946485326359,0.6569814124928409,0.6484518380158758,0.4624407600872859,0.8425738265127026,0.3368759062214977,0.9489377795250036,0.22655757452445263,1.0
images\Z\Z.08fd4de0-c0d2-11ed-83cb-683e2670f3d6.jpg,Z,1.0,0.5228238093306836,0.8097173523892277,0.3671303618985819,0.5947270600069585,0.31972394587067904,0.4429932993101012,0.41404198942828946,0.3402043196645509,0.5525192305092537,0.467494713539648,0.0,0.2641326509457942,0.41654229360154654,0.14069790290219011,0.6770403266144841,0.039386428083408,0.8349974990198862,0.5208146827492839,0.14342782982520177,0.27778677132025403,0.5405963147720052,0.12800066339894614,0.7605825255843506,0.0,0.9147044111881684,0.5866829872421893,0.37372618999337576,0.350197126833586,0.7127901474902326,0.21391335072351947,0.8975787808735856,0.09788199070159846,1.0,0.6569243166359905,0.6490050154790391,0.4654219523758876,0.8434954238823322,0.3475676874237226,0.9417285152289411,0.241743297056708,0.9944755377107245
images\Z\Z.0a30f191-c0d2-11ed-b9cf-683e2670f3d6.jpg,Z,0.28763303029849974,1.0,0.0775460774475772,0.8440316858070582,0.017522490156571417,0.6543228319951151,0.012052208648145688,0.5147056137320241,0.0,0.39492529549963773,0.18983635767198187,0.5674715112167653,0.2683041159910752,0.3378522662728121,0.30542287826512926,0.19434738701689103,0.3215091996591188,0.08125446326445228,0.3835652339864545,0.5838921927556162,0.4459836085037373,0.32708715510545266,0.4761844874425379,0.14955295595317933,0.4851225052833949,0.0,0.6268793099354207,0.6230051762994895,0.6994607991008335,0.37903803114477896,0.7142780503635274,0.22119568951945048,0.6900091728353911,0.0895775544659609,0.9218426933485071,0.6856287451192219,1.0,0.5013597462908695,0.989571286474773,0.37720140597722984,0.9611214252985569,0.26726723396334406
images\Z\Z.0b64822a-c0d2-11ed-901d-683e2670f3d6.jpg,Z,0.3414924219835967,1.0,0.1242853483283849,0.8568390864851735,0.05637590656929402,0.6653731836551724,0.05080987556850871,0.5194123842153654,0.0,0.39985386834690023,0.19781541472264333,0.5744902542224799,0.2738307513343944,0.34330432704151786,0.32431810450901427,0.1984001453119007,0.35810568487714334,0.08172931516589416,0.3768917744191027,0.5930313279169271,0.4537680106499582,0.3359133961781417,0.4936222036510543,0.15634361087129758,0.5036363560008903,0.0,0.6130596372462971,0.634695675547174,0.6947669901689463,0.38708859754600644,0.7242618310704971,0.23359060615513252,0.7119051918546297,0.10534573489293386,0.9003069842056416,0.697829985939089,0.9905091066381659,0.5146705479785985,1.0,0.3936517942007263,0.9941080869970561,0.28715581724353506
images\Z\Z.0c988aba-c0d2-11ed-9b4d-683e2670f3d6.jpg,Z,1.0,0.7535980335560578,0.8159437130401002,0.5336051881694016,0.6137167522769457,0.4069278458779601,0.47252074070876676,0.3865656013559988,0.36481616091854796,0.4347041736268055,0.48369042172055077,0.0,0.270698148228083,0.39588962857423604,0.1325906677601761,0.6224559668861157,0.016109120732075797,0.7686580340473617,0.5199043467000475,0.12101122629458583,0.27834212457374713,0.5022991488159575,0.13132749169076705,0.7021431598211654,0.0,0.8397051869411418,0.5624624681659257,0.3557669868330549,0.3219786765658048,0.663893614277292,0.17538705917900463,0.836092567799941,0.049001769758708506,0.928074641348138,0.6093622825570855,0.6622016864007074,0.416679587344067,0.8378712415250074,0.29433832606725086,0.9399403986931316,0.18632192342556222,1.0
images\Z\Z.0dcc548f-c0d2-11ed-ac05-683e2670f3d6.jpg,Z,1.0,0.65605341467673,0.7993944705986363,0.5228143769223492,0.5941129584811413,0.42514769256564733,0.4520822282266353,0.41352533943716463,0.33946598481583395,0.4691797284502683,0.4728375133994187,0.0,0.26986843704759694,0.4341849931585712,0.13692928145962494,0.6855726995070633,0.021557868912243476,0.8463020519671703,0.5137271519190177,0.09589152778066203,0.28064219131607154,0.5254217342849034,0.1340971002000243,0.752096461454567,0.0,0.909447786322834,0.5621712307573297,0.31089621563999087,0.3269171529136138,0.6720828939666981,0.1817931599420924,0.869952090769878,0.05122687564234327,0.9756500511088191,0.6153441302257733,0.6034317130030219,0.4251538861077037,0.8220836246420652,0.304521820331753,0.9386194235048266,0.1950002210213396,1.0
images\Z\Z.0f006841-c0d2-11ed-b04c-683e2670f3d6.jpg,Z,1.0,0.7134350958437167,0.8289563461422109,0.49826985625140047,0.6348059139646458,0.40067630422825945,0.49891154392432446,0.4734611702236014,0.40388669274089056,0.6055075337303338,0.5199129953987721,0.0,0.3133664742349807,0.44962484127900265,0.17483093587454182,0.7010735311093155,0.060135550820475434,0.8752014992768433,0.5289360386788288,0.12279606983044863,0.2895944617533787,0.5289833028905895,0.13350015604997673,0.7389649014402021,0.0,0.8948394456478194,0.5496861927819248,0.3641857527958661,0.31681979133033056,0.6791561135593566,0.1719697700344508,0.8578206164146369,0.04946978950325788,0.9632127166923563,0.577526287382356,0.6890107353110931,0.3948829685078567,0.864502176260092,0.28329345722283755,0.9527768535556899,0.18316403458378985,1.0
images\Z\Z.10341f10-c0d2-11ed-be42-683e2670f3d6.jpg,Z,1.0,0.7366580544543697,0.8108493325717817,0.4890631058790777,0.6004113883212937,0.4022348193779038,0.45267573121395144,0.4877748249741847,0.3432718420926234,0.639882875806596,0.5126793132841565,0.0,0.2995753597550072,0.4565940239106072,0.16606410921899875,0.7279333957351795,0.05506174296939153,0.9185769538335234,0.5241676894952754,0.10347509157873357,0.2831196822316008,0.5468319226633752,0.1320140435670012,0.7830283549632904,0.0,0.9558263107583529,0.5443172684139531,0.3338806514979994,0.3069045705248283,0.6614768500040481,0.16535767752224906,0.8411842241693998,0.04462295962329815,0.9495794977266885,0.5680144856835823,0.6498688282893419,0.38220269540655916,0.8384997137942642,0.2685956606604782,0.9354524394245205,0.16862291680048794,1.0
images\Z\Z.11685a2e-c0d2-11ed-bcd4-683e2670f3d6.jpg,Z,0.3389985755557602,1.0,0.697233838959875,0.8521301201486002,0.8409848999465014,0.7077002251980301,0.9331883438533355,0.5937296240330024,1.0,0.47282418962119604,0.6737358877299701,0.5166190519174657,0.7352784907870284,0.304206783607084,0.7522049499502927,0.15785315118982166,0.7623169560290409,0.031571568074633044,0.5422394026622336,0.5364676616332191,0.608611315109158,0.3052536437885319,0.6245879698612892,0.138299960024712,0.6179718737200927,0.0,0.36557525743766384,0.5963412646961936,0.40373745412011774,0.3870714526034932,0.4100150840485072,0.2438192460496561,0.39833773732975347,0.12644476669554422,0.18373546530314636,0.6885416288112803,0.10170070088743742,0.5485326959170108,0.054388896629007706,0.43882127998293136,0.0,0.3443330633145258
images\Z\Z.129d21b2-c0d2-11ed-b162-683e2670f3d6.jpg,Z,0.38086400262861336,1.0,0.7462258605243365,0.8502104030056408,0.8622837618948606,0.6981469682994013,0.9363398098875908,0.579765448081649,1.0,0.4594454036690227,0.6787690696402856,0.524631619272218,0.7259244427673344,0.3092618529139673,0.7419584709889901,0.15762972965262786,0.7508731668373725,0.02835063333727287,0.5494192150611332,0.5484791799965676,0.6006617739546513,0.31536745697413626,0.628118462158492,0.14276227698028557,0.6411768178889462,0.0,0.37777486850515585,0.6123386317850045,0.39763578816045836,0.3991926664828216,0.4218195446646079,0.25062794870993726,0.44254965229913823,0.12899721560727068,0.20600833249905662,0.707711214686234,0.09747226992573654,0.5652330825161057,0.04341678667416232,0.4500960205689145,0.0,0.35032111759700885
images\Z\Z.13d1b785-c0d2-11ed-9941-683e2670f3d6.jpg,Z,1.0,1.0,0.805000285219687,0.7481478631448814,0.6007378772234673,0.6199517436968621,0.46388293341828357,0.6517385330529352,0.36295635354230593,0.7294184234586789,0.5267631684458437,0.0,0.29976997726905336,0.39777125945306147,0.14943795376695115,0.6428476686414017,0.03030438743065443,0.8137768404170332,0.5211926399917883,0.10771402217197915,0.2811841144566173,0.4756111266925397,0.13732911131920073,0.6663622381771551,0.010143033178159658,0.797278976310266,0.5091181219762831,0.3728796741332647,0.27298319034483143,0.6119306267548091,0.12747522062028827,0.7544315101711854,0.0,0.8214790162032233,0.49517439345050607,0.753643776141784,0.2972466411499927,0.8405354971381359,0.17847724069485074,0.8997178130154317,0.07228627361051021,0.9238854525369997
images\Z\Z.150570ea-c0d2-11ed-b0ae-683e2670f3d6.jpg,Z,1.0,1.0,0.8070939263515179,0.9398430403662391,0.6078568269065028,0.7646613741234604,0.46745764926030203,0.6722840896704574,0.35811813725786806,0.6373787377829452,0.5513596438763081,0.0,0.3284659868330923,0.3571340333539222,0.1699888028688983,0.5852032845256694,0.04168848454890549,0.7514070050503215,0.5506907948783947,0.054439014642299166,0.3027589749652504,0.4176307088616793,0.13928380871880586,0.6328924899175236,0.0,0.7750390582421974,0.5385134299634732,0.2794608145914326,0.29941798811276443,0.5071876248955419,0.1380618521640469,0.6790329905896886,0.004902410261207953,0.7813755767903208,0.5212451482848003,0.6272090615121898,0.3196333323558922,0.7194591795952476,0.19768358865491845,0.7917169276605022,0.09430941534902174,0.8344684445736293
images\Z\Z.f21dd102-c0d1-11ed-af50-683e2670f3d6.jpg,Z,0.9304131924624506,1.0,0.511716866801841,0.9598664496600399,0.2497201376024168,0.7728026811472958,0.12143284878325518,0.6525216879870607,0.0,0.5722449538353893,0.4974476782802266,0.5406109142164692,0.4163745475217441,0.3465803710407699,0.33219053755759215,0.1986452296568963,0.2972284575992417,0.07530915838948633,0.646188560135688,0.5181398273073432,0.5316311629552068,0.29959032393816326,0.44649346131712175,0.13624441638907056,0.41074461491050823,0.0,0.8284347199800156,0.523174837371786,0.7136100089766083,0.3029526590917157,0.6226626090996427,0.14422397314796506,0.5673998536194175,0.012504499845357427,1.0,0.5529835876062851,0.9636791720508807,0.36721780265579607,0.9358983787241543,0.24131872087776138,0.9241155589485345,0.13408702574165057
images\Z\Z.f3539a6d-c0d1-11ed-8d1b-683e2670f3d6.jpg,Z,0.9494981246651187,1.0,0.47871286539262964,0.9538014418907854,0.2018408049056379,0.7693714918768164,0.08308031196046912,0.6460551188816094,0.0,0.5662521119793525,0.481614574031077,0.5473415970131744,0.3965339048639638,0.3536313950492906,0.3015395606358278,0.203893661461653,0.25262368280050007,0.08154411240023657,0.6445722450437578,0.5253240384068812,0.5215705185449783,0.30636248519951476,0.41738762874322793,0.1400685267001358,0.3526713103530392,0.0,0.8280871584211467,0.5309208290448714,0.7079204619872597,0.3083140327346217,0.6058605703399417,0.14691079555556094,0.5288634875275346,0.012158711997977821,1.0,0.5629619595781967,0.9672667738286599,0.3833334744343161,0.9369613621480026,0.2590780945562031,0.9193367863308924,0.15255257724976445
images\Z\Z.f48859af-c0d1-11ed-aeaf-683e2670f3d6.jpg,Z,1.0,1.0,0.5497785586582573,0.9587176741636275,0.2595393931912023,0.7821205968429008,0.11043849574202139,0.6666148175370524,0.0,0.5907780177597514,0.541127025102564,0.5430843069289403,0.4511616576907052,0.35307865399008354,0.345601705395938,0.20645509454326574,0.2856405926559514,0.08295339805114017,0.6806923872236392,0.520162921849036,0.5416175248391271,0.30283635901900147,0.42683948423677137,0.13858393271171354,0.3558448830406134,0.0,0.840120233059021,0.5243077591774791,0.7027362169574026,0.3060603655729919,0.5888146219624839,0.14800028814115987,0.5103600157841713,0.015714437459327532,0.9819011108441225,0.5535269820998409,0.9167351896635723,0.3749786030770057,0.8676025475123397,0.25318670692503326,0.8381659498389618,0.14915309696804685
images\Z\Z.f5bdb033-c0d1-11ed-b4f3-683e2670f3d6.jpg,Z,1.0,1.0,0.4591059488755232,0.9235674146357825,0.16314322056417402,0.7225899069794284,0.04544442900749561,0.5860698006955704,0.0,0.4794853114899322,0.33244263637307836,0.5544495144275848,0.21717583868718193,0.358896685954086,0.09052196820198363,0.20368121550694707,0.02828423709175078,0.07569000903126713,0.49579493017628246,0.5293900910574671,0.32543665957616136,0.30901040297405397,0.19373535644289536,0.1402120251494401,0.12278668999294547,0.0,0.7043677422922789,0.5270291866285949,0.5370835227357031,0.307408105253968,0.401896766378865,0.1451446951047178,0.3086433574734241,0.012311821884274498,0.9174686761077847,0.5489279131262143,0.818981691928559,0.3691265319490323,0.7588670658391863,0.24479567682959613,0.717832058885815,0.139879579816721
images\Z\Z.f6f27b78-c0d1-11ed-9ae2-683e2670f3d6.jpg,Z,1.0,1.0,0.5142707339941603,0.9321343060998809,0.19745629299310238,0.7360669720271938,0.0452779312217364,0.6126384757458803,0.0,0.5237299523963419,0.41973038150255,0.5233396886515242,0.32290152197087135,0.3369820952531044,0.25303718723625657,0.19017903682055906,0.2459068359617949,0.06856582599348211,0.5891267158787078,0.4973796957433566,0.4654978472518521,0.2879518181339004,0.4005328703709896,0.13236755923303856,0.39155004554276135,0.0,0.7960914814304574,0.49302955941725585,0.6692204497030023,0.28958315253242833,0.6098463316342294,0.14251601385782367,0.5881315965111971,0.019330567234776386,0.9773489966548474,0.5115902475592543,0.8742591777692473,0.32927372076815403,0.8237274442953846,0.20799087645357273,0.7876423294888377,0.10648077405326435
images\Z\Z.f8264df0-c0d1-11ed-9e2f-683e2670f3d6.jpg,Z,0.0,0.6154802181868397,0.1764669119960554,0.19392642157262746,0.37896580646217953,0.2687806393702962,0.5196943065939241,0.4003094537168969,0.6298255943088639,0.5187759316565503,0.43778063966664166,0.3738740717957731,0.6456612356866048,0.47016251027850836,0.8017256959978668,0.3492276210980899,0.926564678831993,0.18604727799991214,0.4444902748936202,0.47355834112721495,0.6784981060099954,0.4709047598124447,0.8511875258424829,0.2665538907684872,1.0,0.0,0.42984636886356864,0.6706875772849673,0.6651263900346501,0.6703784374156535,0.8224483861504118,0.49449040567938585,0.9544502802840855,0.26185559245008255,0.4008999146318091,0.956784757050586,0.5840876680461775,1.0,0.710209472449866,0.9094675261905808,0.8165826633323937,0.7756617476288815
images\Z\Z.f95aade0-c0d1-11ed-8664-683e2670f3d6.jpg,Z,0.0,0.5909528679992898,0.18901325363571547,0.10029552749536913,0.3977664903460285,0.17895831664019332,0.5432808565425643,0.3726992925250868,0.6550150840611084,0.5462655285480189,0.4412671013496084,0.22060082735129752,0.6574500496673807,0.2987042981104151,0.8154861112308031,0.18152395406676314,0.9406717534797329,0.03255044470525021,0.44521219663112105,0.36320973339680657,0.6834011843185515,0.3819343303654894,0.8554936317168023,0.21474055325386612,1.0,0.0,0.43118396234816114,0.6031117584121642,0.6668890064742824,0.6424572930561251,0.8240031047140061,0.5148494318047916,0.9510361207391334,0.3366688190997802,0.4062291915506277,0.9371253862988991,0.5901007653200459,1.0,0.7157040846752718,0.9354034398080721,0.8208802932817183,0.8245625611754485
images\Z\Z.fa8f7b41-c0d1-11ed-b6f4-683e2670f3d6.jpg,Z,1.0,1.0,0.5049355784952402,0.9330761157264731,0.23590293565152476,0.7439832629805184,0.11436693547841775,0.6075679741881159,0.04812780707223296,0.5040051719545179,0.3557822476052403,0.5538074324897314,0.22283606089580174,0.35803787977799706,0.07794684262273355,0.20874832515072397,0.0,0.08396020667864544,0.5002995562780369,0.5305842692369471,0.33883534141977506,0.3099201958638331,0.19584759550300435,0.14377913838669737,0.11071545940302423,0.0,0.7069622829569383,0.5276635715418789,0.5516311955067911,0.30540296649104237,0.42429475796799415,0.14338804923333556,0.3342885775066369,0.00856954153775856,0.9312088955366791,0.545171545470599,0.8595682873360048,0.3572502142510094,0.8066151222500666,0.22655959270858173,0.7724778781407766,0.11500689893238647
images\Z\Z.fbc31f5a-c0d1-11ed-beb6-683e2670f3d6.jpg,Z,1.0,0.828622160981974,0.8569472896342019,0.53421882072583,0.6940383616599382,0.32769190829938494,0.5772437323042622,0.16691295896903374,0.4969060146192786,0.0,0.5662012637266423,0.25878498016348483,0.3417008014858528,0.519773277950848,0.1874964388516143,0.6728830510956679,0.065669216970964,0.7905516947573022,0.5709086917079164,0.36363976755331895,0.31362806366900753,0.638421266341827,0.14345886772932825,0.7885089663711159,0.0,0.9050792794951673,0.582824182337957,0.5859185704395985,0.33501747684843364,0.7794003115264797,0.1755597677788189,0.8981389953936683,0.04483004782901953,0.9824974372287456,0.6024572595072594,0.8944853822190271,0.411864299588115,0.9678264038661235,0.2906290859982656,0.9953021407460659,0.18638536055527366,1.0
images\Z\Z.fcf700e3-c0d1-11ed-98b2-683e2670f3d6.jpg,Z,1.0,0.6314170935255647,0.8445520486737571,0.34510037313931874,0.6821661231070671,0.18005978253600996,0.5703292164721421,0.0795620962672694,0.484120988796251,0.0,0.5588081015990471,0.05436766928354576,0.33957995872894753,0.4041088791108852,0.19485588487280256,0.614571491621083,0.07615221267859325,0.7704750170520657,0.556302455500196,0.1447678578593305,0.30627183576729605,0.5220071953029918,0.1399517430011236,0.7228061347313798,0.0,0.8753251594869669,0.5652182321208119,0.36106411576680797,0.3233845561113164,0.6464287624881304,0.1682148433371536,0.8187875312621203,0.04151571050897716,0.942875580104586,0.5834049292897796,0.6772411763919166,0.3928317593716246,0.8486319896751414,0.27402959432789126,0.9398262695430046,0.17200464430514195,1.0
images\Z\Z.fe2b4826-c0d1-11ed-8425-683e2670f3d6.jpg,Z,1.0,0.49463642290930304,0.8373224779166523,0.2631893208880958,0.6559282541759042,0.19355804536563603,0.5318545792144492,0.20377732404515975,0.43755955081242304,0.23935949349713462,0.537774920912904,0.0,0.3167418979998764,0.3818297244432243,0.17361693662030206,0.6175380048728596,0.05747111192161674,0.8074113791565148,0.5367909101459061,0.08326241378127038,0.29083056899002124,0.4809769740228544,0.13229466367449425,0.7063973439483888,0.0,0.8848203561991695,0.5485685951509324,0.3098829827390961,0.30656584914447277,0.6009402559967056,0.15182039731186767,0.7983313887649703,0.025094912050929227,0.938137847019663,0.5683413487985844,0.6537292817679557,0.3758015339656282,0.8350176726948286,0.25379414597239824,0.936121787172712,0.14897190543006952,1.0
images\Z\Z.ff5ec395-c0d1-11ed-a8a1-683e2670f3d6.jpg,Z,1.0,1.0,0.8598966101728539,0.5846296883254094,0.6864662823957578,0.36769008628279626,0.5416955852300085,0.43221905265011445,0.43513621741507297,0.5650811762634267,0.5921852004782651,0.0,0.3597415906140333,0.4097439690086283,0.20844689389832247,0.6719654868814933,0.08479711567264743,0.8432857897517169,0.5722189930416907,0.15485050184891705,0.3144023372528437,0.5319809825673534,0.14507506829220876,0.7491016023947878,0.0,0.8922739918999824,0.5549123487673678,0.42760415566120796,0.30715113443426506,0.69856735340729,0.15037010565418962,0.863481598873041,0.01624162873127402,0.9515393555203381,0.5427890824287456,0.7843873921465047,0.34514127042921144,0.8828871280154957,0.2232032255404217,0.9406620883958443,0.11267881449430041,0.9590188413453072
